year,quarter,unit,expenditure_component,gdp,date
2010,Q1,Million of Saudi Riyals,Gross Final Consumption Expenditure : Govt. Final Consumption Expenditure,93643.0,2010-03
2010,Q1,Million of Saudi Riyals,Gross Final Consumption Expenditure : Private Final Consumption Expenditure,155940.0,2010-03
2010,Q1,Million of Saudi Riyals,Net Exports,82438.0,2010-03
2010,Q2,Million of Saudi Riyals,Gross Final Consumption Expenditure : Govt. Final Consumption Expenditure,98001.0,2010-06
2010,Q2,Million of Saudi Riyals,Gross Final Consumption Expenditure : Private Final Consumption Expenditure,167330.0,2010-06
2010,Q2,Million of Saudi Riyals,Gross Capital Formation,152664.0,2010-06
2010,Q2,Million of Saudi Riyals,Domestic Final Demand,417995.0,2010-06
2010,Q2,Million of Saudi Riyals,Net Exports,62515.0,2010-06
2010,Q2,Million of Saudi Riyals,Gross Domestic Product,480510.0,2010-06
2010,Q3,Million of Saudi Riyals,Gross Final Consumption Expenditure,249014.0,2010-09
2010,Q3,Million of Saudi Riyals,Gross Capital Formation : Gross Fixed Capital Formation : Government,28890.0,2010-09
2010,Q3,Million of Saudi Riyals,Net Exports,73523.0,2010-09
2010,Q3,Million of Saudi Riyals,Gross Domestic Product,483011.0,2010-09
2010,Q4,Million of Saudi Riyals,Gross Capital Formation : Gross Fixed Capital Formation : Non:Government,81177.0,2010-12
2010,Q4,Million of Saudi Riyals,Net Exports : Imports of Goods & Services,172130.0,2010-12
2011,Q2,Million of Saudi Riyals,Net Exports : Exports of Goods & Services,352975.0,2011-06
2011,Q2,Million of Saudi Riyals,Gross Domestic Product,643394.0,2011-06
2011,Q3,Million of Saudi Riyals,Gross Capital Formation : Gross Fixed Capital Formation : Non:Government : Oil,16741.0,2011-09
2011,Q4,Million of Saudi Riyals,Gross Final Consumption Expenditure : Govt. Final Consumption Expenditure,106889.0,2011-12
2011,Q4,Million of Saudi Riyals,Gross Final Consumption Expenditure : Private Final Consumption Expenditure,175880.0,2011-12
2012,Q1,Million of Saudi Riyals,Gross Final Consumption Expenditure : Private Final Consumption Expenditure,195530.0,2012-03
2012,Q1,Million of Saudi Riyals,Gross Capital Formation : Gross Fixed Capital Formation : Government,89392.0,2012-03
2012,Q1,Million of Saudi Riyals,Gross Capital Formation : Gross Fixed Capital Formation : Non:Government,91459.0,2012-03
2012,Q1,Million of Saudi Riyals,Domestic Final Demand,514631.0,2012-03
2012,Q1,Million of Saudi Riyals,Net Exports : Exports of Goods & Services,395479.0,2012-03
2012,Q2,Million of Saudi Riyals,Gross Capital Formation : Gross Fixed Capital Formation : Non:Government,92479.0,2012-06
2012,Q2,Million of Saudi Riyals,Net Exports : Exports of Goods & Services,377588.0,2012-06
2012,Q2,Million of Saudi Riyals,Gross Domestic Product,700258.0,2012-06
2012,Q3,Million of Saudi Riyals,Gross Capital Formation : Change in Inventories,13399.0,2012-09
2013,Q1,Million of Saudi Riyals,Gross Capital Formation : Gross Fixed Capital Formation,181160.0,2013-03
2013,Q2,Million of Saudi Riyals,Gross Final Consumption Expenditure : Govt. Final Consumption Expenditure,155325.0,2013-06
2013,Q2,Million of Saudi Riyals,Gross Capital Formation : Gross Fixed Capital Formation : Non:Government : Oil,16177.0,2013-06
2013,Q2,Million of Saudi Riyals,Gross Capital Formation : Gross Fixed Capital Formation : Non:Government : Non-Oil,89004.0,2013-06
2013,Q2,Million of Saudi Riyals,Net Exports,123768.0,2013-06
2013,Q3,Million of Saudi Riyals,Gross Capital Formation : Gross Fixed Capital Formation,158763.0,2013-09
2013,Q3,Million of Saudi Riyals,Gross Capital Formation : Gross Fixed Capital Formation : Non:Government,104793.0,2013-09
2013,Q3,Million of Saudi Riyals,Gross Capital Formation : Change in Inventories,37292.0,2013-09
2013,Q3,Million of Saudi Riyals,Domestic Final Demand,567647.0,2013-09
2013,Q3,Million of Saudi Riyals,Net Exports : Exports of Goods & Services,376141.0,2013-09
2013,Q3,Million of Saudi Riyals,Net Exports : Imports of Goods & Services,214156.0,2013-09
2013,Q4,Million of Saudi Riyals,Gross Capital Formation,133841.0,2013-12
2013,Q4,Million of Saudi Riyals,Gross Capital Formation : Gross Fixed Capital Formation : Non:Government : Oil,21339.0,2013-12
2013,Q4,Million of Saudi Riyals,Domestic Final Demand,557165.0,2013-12
2014,Q1,Million of Saudi Riyals,Gross Final Consumption Expenditure : Govt. Final Consumption Expenditure,213564.0,2014-03
2014,Q1,Million of Saudi Riyals,Gross Capital Formation : Gross Fixed Capital Formation,182892.0,2014-03
2014,Q1,Million of Saudi Riyals,Gross Capital Formation : Gross Fixed Capital Formation : Non:Government : Non-Oil,93915.0,2014-03
2014,Q1,Million of Saudi Riyals,Net Exports,125788.0,2014-03
2014,Q1,Million of Saudi Riyals,Net Exports : Imports of Goods & Services,239150.0,2014-03
2014,Q2,Million of Saudi Riyals,Gross Capital Formation : Gross Fixed Capital Formation,181190.0,2014-06
2014,Q3,Million of Saudi Riyals,Gross Capital Formation : Gross Fixed Capital Formation : Non:Government : Oil,21689.0,2014-09
2014,Q3,Million of Saudi Riyals,Domestic Final Demand,680423.0,2014-09
2014,Q3,Million of Saudi Riyals,Gross Domestic Product,759291.0,2014-09
2014,Q4,Million of Saudi Riyals,Gross Capital Formation,208137.0,2014-12
2014,Q4,Million of Saudi Riyals,Gross Capital Formation : Gross Fixed Capital Formation : Non:Government : Non-Oil,94561.0,2014-12
2014,Q4,Million of Saudi Riyals,Gross Domestic Product,666024.0,2014-12
2015,Q1,Million of Saudi Riyals,Gross Final Consumption Expenditure : Govt. Final Consumption Expenditure,205159.0,2015-03
2015,Q1,Million of Saudi Riyals,Gross Final Consumption Expenditure : Private Final Consumption Expenditure,279692.0,2015-03
2015,Q1,Million of Saudi Riyals,Net Exports,-10364.0,2015-03
2015,Q1,Million of Saudi Riyals,Net Exports : Exports of Goods & Services,206630.0,2015-03
2015,Q2,Million of Saudi Riyals,Gross Capital Formation : Gross Fixed Capital Formation : Non:Government : Oil,23651.0,2015-06
2015,Q2,Million of Saudi Riyals,Net Exports : Imports of Goods & Services,241691.0,2015-06
2015,Q3,Million of Saudi Riyals,Gross Final Consumption Expenditure,450561.0,2015-09
2015,Q3,Million of Saudi Riyals,Gross Capital Formation : Gross Fixed Capital Formation : Non:Government : Oil,19871.0,2015-09
2015,Q3,Million of Saudi Riyals,Gross Capital Formation : Gross Fixed Capital Formation : Non:Government : Non-Oil,102796.0,2015-09
2015,Q3,Million of Saudi Riyals,Domestic Final Demand,682646.0,2015-09
2015,Q3,Million of Saudi Riyals,Net Exports : Imports of Goods & Services,240757.0,2015-09
2015,Q4,Million of Saudi Riyals,Gross Final Consumption Expenditure : Govt. Final Consumption Expenditure,166604.0,2015-12
2015,Q4,Million of Saudi Riyals,Gross Final Consumption Expenditure : Private Final Consumption Expenditure,279548.0,2015-12
2015,Q4,Million of Saudi Riyals,Gross Capital Formation : Gross Fixed Capital Formation : Government,59131.0,2015-12
2016,Q1,Million of Saudi Riyals,Gross Final Consumption Expenditure : Private Final Consumption Expenditure,298081.0,2016-03
2016,Q1,Million of Saudi Riyals,Domestic Final Demand,650275.0,2016-03
2016,Q2,Million of Saudi Riyals,Gross Final Consumption Expenditure : Private Final Consumption Expenditure,303699.0,2016-06
2016,Q2,Million of Saudi Riyals,Gross Capital Formation : Gross Fixed Capital Formation : Government,41943.0,2016-06
2016,Q2,Million of Saudi Riyals,Gross Capital Formation : Gross Fixed Capital Formation : Non:Government : Non-Oil,111668.0,2016-06
2016,Q3,Million of Saudi Riyals,Gross Final Consumption Expenditure : Govt. Final Consumption Expenditure,134168.0,2016-09
2016,Q4,Million of Saudi Riyals,Gross Capital Formation,163303.0,2016-12
2016,Q4,Million of Saudi Riyals,Gross Capital Formation : Gross Fixed Capital Formation : Non:Government : Oil,18128.0,2016-12
2017,Q1,Million of Saudi Riyals,Gross Final Consumption Expenditure : Private Final Consumption Expenditure,308283.0,2017-03
2017,Q1,Million of Saudi Riyals,Gross Capital Formation : Gross Fixed Capital Formation,160282.0,2017-03
2017,Q1,Million of Saudi Riyals,Gross Capital Formation : Gross Fixed Capital Formation : Government,25177.0,2017-03
2017,Q1,Million of Saudi Riyals,Gross Capital Formation : Gross Fixed Capital Formation : Non:Government : Oil,24895.0,2017-03
2017,Q1,Million of Saudi Riyals,Gross Capital Formation : Change in Inventories,22287.0,2017-03
2017,Q2,Million of Saudi Riyals,Gross Capital Formation : Gross Fixed Capital Formation : Non:Government,131894.0,2017-06
2017,Q2,Million of Saudi Riyals,Net Exports : Exports of Goods & Services,205660.0,2017-06
2017,Q3,Million of Saudi Riyals,Gross Final Consumption Expenditure : Govt. Final Consumption Expenditure,147487.0,2017-09
2017,Q3,Million of Saudi Riyals,Gross Capital Formation : Gross Fixed Capital Formation : Non:Government,113478.0,2017-09
2017,Q3,Million of Saudi Riyals,Net Exports,43054.0,2017-09
2017,Q3,Million of Saudi Riyals,Net Exports : Imports of Goods & Services,176639.0,2017-09
2017,Q4,Million of Saudi Riyals,Gross Final Consumption Expenditure : Private Final Consumption Expenditure,321938.0,2017-12
2017,Q4,Million of Saudi Riyals,Gross Capital Formation,137537.0,2017-12
2017,Q4,Million of Saudi Riyals,Gross Capital Formation : Gross Fixed Capital Formation,208982.0,2017-12
2017,Q4,Million of Saudi Riyals,Gross Capital Formation : Gross Fixed Capital Formation : Non:Government : Oil,27624.0,2017-12
2018,Q1,Million of Saudi Riyals,Gross Final Consumption Expenditure : Private Final Consumption Expenditure,342193.0,2018-03
2018,Q1,Million of Saudi Riyals,Gross Capital Formation : Gross Fixed Capital Formation : Non:Government : Non-Oil,118487.0,2018-03
2018,Q1,Million of Saudi Riyals,Gross Capital Formation : Change in Inventories,39980.0,2018-03
2018,Q1,Million of Saudi Riyals,Domestic Final Demand,705065.0,2018-03
2018,Q1,Million of Saudi Riyals,Net Exports,69294.0,2018-03
2018,Q1,Million of Saudi Riyals,Gross Domestic Product,774359.0,2018-03
2018,Q2,Million of Saudi Riyals,Gross Final Consumption Expenditure : Govt. Final Consumption Expenditure,199695.0,2018-06
2018,Q2,Million of Saudi Riyals,Net Exports,104332.0,2018-06
2018,Q3,Million of Saudi Riyals,Gross Final Consumption Expenditure : Govt. Final Consumption Expenditure,165458.0,2018-09
2018,Q3,Million of Saudi Riyals,Gross Final Consumption Expenditure : Private Final Consumption Expenditure,363590.0,2018-09
2018,Q3,Million of Saudi Riyals,Gross Capital Formation : Gross Fixed Capital Formation,156236.0,2018-09
2018,Q3,Million of Saudi Riyals,Net Exports : Imports of Goods & Services,184348.0,2018-09
2018,Q4,Million of Saudi Riyals,Gross Final Consumption Expenditure : Govt. Final Consumption Expenditure,254627.0,2018-12
2018,Q4,Million of Saudi Riyals,Gross Capital Formation : Gross Fixed Capital Formation : Government,74095.0,2018-12
2018,Q4,Million of Saudi Riyals,Gross Capital Formation : Gross Fixed Capital Formation : Non:Government,122487.0,2018-12
2019,Q1,Million of Saudi Riyals,Gross Capital Formation : Gross Fixed Capital Formation,174698.0,2019-03
2019,Q1,Million of Saudi Riyals,Gross Capital Formation : Gross Fixed Capital Formation : Non:Government : Oil,26405.0,2019-03
2019,Q1,Million of Saudi Riyals,Net Exports : Exports of Goods & Services,270641.0,2019-03
2019,Q2,Million of Saudi Riyals,Gross Final Consumption Expenditure : Private Final Consumption Expenditure,370314.0,2019-06
2019,Q2,Million of Saudi Riyals,Gross Capital Formation : Gross Fixed Capital Formation : Non:Government,145628.0,2019-06
2019,Q2,Million of Saudi Riyals,Net Exports,64968.0,2019-06
2019,Q3,Million of Saudi Riyals,Gross Capital Formation : Gross Fixed Capital Formation,178633.0,2019-09
2019,Q4,Million of Saudi Riyals,Domestic Final Demand,806109.0,2019-12
2020,Q1,Million of Saudi Riyals,Gross Capital Formation : Gross Fixed Capital Formation,181558.0,2020-03
2020,Q1,Million of Saudi Riyals,Gross Capital Formation : Gross Fixed Capital Formation : Non:Government : Oil,34377.0,2020-03
2020,Q1,Million of Saudi Riyals,Domestic Final Demand,708834.0,2020-03
2020,Q2,Million of Saudi Riyals,Gross Final Consumption Expenditure : Private Final Consumption Expenditure,309142.0,2020-06
2020,Q2,Million of Saudi Riyals,Gross Capital Formation : Gross Fixed Capital Formation,162533.0,2020-06
2020,Q2,Million of Saudi Riyals,Domestic Final Demand,692229.0,2020-06
2020,Q2,Million of Saudi Riyals,Net Exports : Exports of Goods & Services,123666.0,2020-06
2020,Q3,Million of Saudi Riyals,Gross Domestic Product,733093.0,2020-09
2020,Q4,Million of Saudi Riyals,Gross Final Consumption Expenditure,617967.0,2020-12
2020,Q4,Million of Saudi Riyals,Gross Final Consumption Expenditure : Govt. Final Consumption Expenditure,245879.0,2020-12
2020,Q4,Million of Saudi Riyals,Gross Capital Formation : Gross Fixed Capital Formation : Non:Government : Non-Oil,104770.0,2020-12
2020,Q4,Million of Saudi Riyals,Domestic Final Demand,753344.0,2020-12
2021,Q1,Million of Saudi Riyals,Gross Capital Formation : Gross Fixed Capital Formation,221682.0,2021-03
2021,Q1,Million of Saudi Riyals,Net Exports : Imports of Goods & Services,188885.0,2021-03
2021,Q2,Million of Saudi Riyals,Net Exports : Exports of Goods & Services,239513.0,2021-06
2021,Q2,Million of Saudi Riyals,Net Exports : Imports of Goods & Services,185573.0,2021-06
2021,Q2,Million of Saudi Riyals,Gross Domestic Product,884785.0,2021-06
2021,Q3,Million of Saudi Riyals,Gross Final Consumption Expenditure,611565.0,2021-09
2021,Q3,Million of Saudi Riyals,Gross Final Consumption Expenditure : Govt. Final Consumption Expenditure,185847.0,2021-09
2021,Q3,Million of Saudi Riyals,Gross Capital Formation : Gross Fixed Capital Formation : Non:Government : Non-Oil,157590.0,2021-09
2021,Q4,Million of Saudi Riyals,Gross Capital Formation : Gross Fixed Capital Formation : Non:Government : Oil,32977.0,2021-12
2021,Q4,Million of Saudi Riyals,Gross Capital Formation : Change in Inventories,21598.0,2021-12
2021,Q4,Million of Saudi Riyals,Net Exports : Exports of Goods & Services,336430.0,2021-12
2022,Q1,Million of Saudi Riyals,Gross Final Consumption Expenditure : Private Final Consumption Expenditure,432105.0,2022-03
2022,Q1,Million of Saudi Riyals,Gross Capital Formation,270550.0,2022-03
2022,Q1,Million of Saudi Riyals,Domestic Final Demand,886241.0,2022-03
2022,Q1,Million of Saudi Riyals,Gross Domestic Product,1071428.0,2022-03
2022,Q2,Million of Saudi Riyals,Gross Capital Formation,344734.0,2022-06
2022,Q2,Million of Saudi Riyals,Domestic Final Demand,1023843.0,2022-06
2022,Q3,Million of Saudi Riyals,Net Exports,201231.0,2022-09
2022,Q4,Million of Saudi Riyals,Gross Final Consumption Expenditure : Private Final Consumption Expenditure,459137.0,2022-12
2022,Q4,Million of Saudi Riyals,Gross Capital Formation : Gross Fixed Capital Formation,291816.0,2022-12
2023,Q1,Million of Saudi Riyals,Gross Final Consumption Expenditure : Govt. Final Consumption Expenditure,216098.0,2023-03
2023,Q1,Million of Saudi Riyals,Gross Capital Formation : Gross Fixed Capital Formation : Non:Government,288612.0,2023-03
2023,Q2,Million of Saudi Riyals,Gross Capital Formation : Gross Fixed Capital Formation,321507.0,2023-06
2023,Q2,Million of Saudi Riyals,Net Exports : Exports of Goods & Services,362275.0,2023-06
2023,Q3,Million of Saudi Riyals,Gross Capital Formation : Gross Fixed Capital Formation : Non:Government : Oil,40665.0,2023-09
2023,Q3,Million of Saudi Riyals,Gross Capital Formation : Gross Fixed Capital Formation : Non:Government : Non-Oil,218216.0,2023-09
2023,Q3,Million of Saudi Riyals,Domestic Final Demand,1092353.0,2023-09
2023,Q3,Million of Saudi Riyals,Gross Domestic Product,1143376.0,2023-09
2023,Q4,Million of Saudi Riyals,Gross Capital Formation,323139.0,2023-12
2023,Q4,Million of Saudi Riyals,Gross Capital Formation : Gross Fixed Capital Formation,328443.0,2023-12
2023,Q4,Million of Saudi Riyals,Net Exports,48015.0,2023-12
2024,Q1,Million of Saudi Riyals,Gross Final Consumption Expenditure,736012.0,2024-03
2024,Q1,Million of Saudi Riyals,Gross Capital Formation,369748.0,2024-03
2024,Q1,Million of Saudi Riyals,Net Exports,57909.0,2024-03
2024,Q2,Million of Saudi Riyals,Gross Final Consumption Expenditure,773021.0,2024-06
2024,Q2,Million of Saudi Riyals,Gross Capital Formation,362512.0,2024-06
2024,Q2,Million of Saudi Riyals,Gross Capital Formation : Gross Fixed Capital Formation : Non:Government : Oil,48750.0,2024-06
2024,Q2,Million of Saudi Riyals,Gross Capital Formation : Change in Inventories,3061.0,2024-06
2024,Q2,Million of Saudi Riyals,Gross Domestic Product,1186619.0,2024-06
2024,Q3,Million of Saudi Riyals,Gross Capital Formation : Change in Inventories,10975.0,2024-09
2024,Q3,Million of Saudi Riyals,Gross Domestic Product,1165884.0,2024-09
2024,Q4,Million of Saudi Riyals,Gross Final Consumption Expenditure : Govt. Final Consumption Expenditure,277147.0,2024-12
2024,Q4,Million of Saudi Riyals,Net Exports : Imports of Goods & Services,339070.0,2024-12
2025,Q1,Million of Saudi Riyals,Gross Capital Formation : Gross Fixed Capital Formation : Government,24899.0,2025-03
2025,Q1,Million of Saudi Riyals,Gross Capital Formation : Gross Fixed Capital Formation : Non:Government : Oil,61117.0,2025-03
2025,Q1,Million of Saudi Riyals,Gross Capital Formation : Gross Fixed Capital Formation : Non:Government : Non-Oil,303132.0,2025-03
2025,Q1,Million of Saudi Riyals,Net Exports : Exports of Goods & Services,361222.0,2025-03
2025,Q2,Million of Saudi Riyals,Gross Capital Formation,388390.0,2025-06
2025,Q2,Million of Saudi Riyals,Gross Capital Formation : Gross Fixed Capital Formation : Non:Government,299872.0,2025-06
2025,Q3,Million of Saudi Riyals,Gross Final Consumption Expenditure : Govt. Final Consumption Expenditure,250702.0,2025-09
2025,Q4,Million of Saudi Riyals,Gross Capital Formation : Gross Fixed Capital Formation : Non:Government,313031.0,2025-12
2025,Q4,Million of Saudi Riyals,Gross Capital Formation : Change in Inventories,26623.0,2025-12
2025,Q4,Million of Saudi Riyals,Domestic Final Demand,1192058.0,2025-12
2025,Q4,Million of Saudi Riyals,Net Exports : Exports of Goods & Services,365692.0,2025-12
2011,Q1,Growth Rates Y-o-Y,Gross Capital Formation,0.45,2011-03
2011,Q2,Growth Rates Y-o-Y,Net Exports : Imports of Goods & Services,8.51,2011-06
2011,Q4,Growth Rates Y-o-Y,Gross Final Consumption Expenditure : Private Final Consumption Expenditure,14.08,2011-12
2011,Q4,Growth Rates Y-o-Y,Net Exports : Exports of Goods & Services,35.01,2011-12
2011,Q4,Growth Rates Y-o-Y,Gross Domestic Product,22.68,2011-12
2012,Q1,Growth Rates Y-o-Y,Gross Capital Formation : Gross Fixed Capital Formation : Non:Government,5.43,2012-03
2012,Q1,Growth Rates Y-o-Y,Net Exports : Imports of Goods & Services,25.09,2012-03
2012,Q2,Growth Rates Y-o-Y,Net Exports : Exports of Goods & Services,6.97,2012-06
2012,Q2,Growth Rates Y-o-Y,Net Exports : Imports of Goods & Services,11.1,2012-06
2012,Q3,Growth Rates Y-o-Y,Gross Final Consumption Expenditure : Govt. Final Consumption Expenditure,41.4,2012-09
2012,Q3,Growth Rates Y-o-Y,Gross Capital Formation,-11.25,2012-09
2012,Q4,Growth Rates Y-o-Y,Gross Final Consumption Expenditure : Private Final Consumption Expenditure,16.42,2012-12
2012,Q4,Growth Rates Y-o-Y,Gross Capital Formation : Gross Fixed Capital Formation,-3.88,2012-12
2012,Q4,Growth Rates Y-o-Y,Gross Capital Formation : Gross Fixed Capital Formation : Non:Government : Non-Oil,12.53,2012-12
2012,Q4,Growth Rates Y-o-Y,Net Exports : Exports of Goods & Services,-3.14,2012-12
2012,Q4,Growth Rates Y-o-Y,Gross Domestic Product,5.29,2012-12
2013,Q1,Growth Rates Y-o-Y,Gross Capital Formation : Gross Fixed Capital Formation,0.17,2013-03
2013,Q1,Growth Rates Y-o-Y,Net Exports : Imports of Goods & Services,7.12,2013-03
2013,Q2,Growth Rates Y-o-Y,Gross Capital Formation,15.55,2013-06
2013,Q2,Growth Rates Y-o-Y,Gross Capital Formation : Gross Fixed Capital Formation : Non:Government,13.74,2013-06
2013,Q2,Growth Rates Y-o-Y,Gross Domestic Product,3.05,2013-06
2013,Q4,Growth Rates Y-o-Y,Gross Final Consumption Expenditure : Govt. Final Consumption Expenditure,55.79,2013-12
2013,Q4,Growth Rates Y-o-Y,Gross Final Consumption Expenditure : Private Final Consumption Expenditure,12.33,2013-12
2013,Q4,Growth Rates Y-o-Y,Gross Capital Formation,-34.33,2013-12
2013,Q4,Growth Rates Y-o-Y,Gross Capital Formation : Gross Fixed Capital Formation : Non:Government : Non-Oil,7.81,2013-12
2014,Q1,Growth Rates Y-o-Y,Gross Capital Formation : Gross Fixed Capital Formation : Government,-12.92,2014-03
2014,Q1,Growth Rates Y-o-Y,Gross Capital Formation : Gross Fixed Capital Formation : Non:Government : Non-Oil,5.77,2014-03
2014,Q2,Growth Rates Y-o-Y,Gross Capital Formation : Gross Fixed Capital Formation : Non:Government,11.67,2014-06
2014,Q2,Growth Rates Y-o-Y,Gross Domestic Product,5.82,2014-06
2014,Q3,Growth Rates Y-o-Y,Gross Capital Formation : Gross Fixed Capital Formation : Government,-12.22,2014-09
2014,Q3,Growth Rates Y-o-Y,Gross Capital Formation : Gross Fixed Capital Formation : Non:Government : Oil,39.44,2014-09
2014,Q3,Growth Rates Y-o-Y,Gross Capital Formation : Gross Fixed Capital Formation : Non:Government : Non-Oil,6.91,2014-09
2014,Q3,Growth Rates Y-o-Y,Domestic Final Demand,19.87,2014-09
2014,Q3,Growth Rates Y-o-Y,Net Exports : Imports of Goods & Services,20.44,2014-09
2014,Q4,Growth Rates Y-o-Y,Gross Final Consumption Expenditure,3.93,2014-12
2014,Q4,Growth Rates Y-o-Y,Gross Capital Formation : Gross Fixed Capital Formation,11.33,2014-12
2014,Q4,Growth Rates Y-o-Y,Gross Capital Formation : Gross Fixed Capital Formation : Non:Government,6.65,2014-12
2014,Q4,Growth Rates Y-o-Y,Gross Capital Formation : Gross Fixed Capital Formation : Non:Government : Non-Oil,6.69,2014-12
2015,Q2,Growth Rates Y-o-Y,Gross Capital Formation,4.76,2015-06
2015,Q2,Growth Rates Y-o-Y,Gross Capital Formation : Gross Fixed Capital Formation,11.0,2015-06
2015,Q2,Growth Rates Y-o-Y,Net Exports : Exports of Goods & Services,-35.66,2015-06
2015,Q3,Growth Rates Y-o-Y,Gross Final Consumption Expenditure : Private Final Consumption Expenditure,6.74,2015-09
2015,Q3,Growth Rates Y-o-Y,Gross Capital Formation : Gross Fixed Capital Formation : Government,27.25,2015-09
2015,Q3,Growth Rates Y-o-Y,Gross Capital Formation : Gross Fixed Capital Formation : Non:Government : Non-Oil,7.74,2015-09
2015,Q3,Growth Rates Y-o-Y,Domestic Final Demand,0.33,2015-09
2015,Q3,Growth Rates Y-o-Y,Net Exports : Exports of Goods & Services,-39.85,2015-09
2015,Q4,Growth Rates Y-o-Y,Domestic Final Demand,0.98,2015-12
2015,Q4,Growth Rates Y-o-Y,Gross Domestic Product,-9.66,2015-12
2016,Q1,Growth Rates Y-o-Y,Gross Final Consumption Expenditure : Private Final Consumption Expenditure,6.57,2016-03
2016,Q1,Growth Rates Y-o-Y,Gross Capital Formation : Gross Fixed Capital Formation : Government,-61.93,2016-03
2016,Q1,Growth Rates Y-o-Y,Gross Capital Formation : Gross Fixed Capital Formation : Non:Government,9.19,2016-03
2016,Q1,Growth Rates Y-o-Y,Gross Capital Formation : Gross Fixed Capital Formation : Non:Government : Oil,-9.18,2016-03
2016,Q1,Growth Rates Y-o-Y,Gross Domestic Product,-9.09,2016-03
2016,Q2,Growth Rates Y-o-Y,Gross Domestic Product,-4.36,2016-06
2016,Q3,Growth Rates Y-o-Y,Gross Final Consumption Expenditure,-1.74,2016-09
2016,Q3,Growth Rates Y-o-Y,Domestic Final Demand,-9.9,2016-09
2016,Q4,Growth Rates Y-o-Y,Gross Capital Formation : Gross Fixed Capital Formation : Non:Government,-10.71,2016-12
2017,Q1,Growth Rates Y-o-Y,Net Exports : Exports of Goods & Services,41.35,2017-03
2017,Q2,Growth Rates Y-o-Y,Net Exports : Imports of Goods & Services,2.8,2017-06
2017,Q3,Growth Rates Y-o-Y,Gross Final Consumption Expenditure : Private Final Consumption Expenditure,6.3,2017-09
2017,Q4,Growth Rates Y-o-Y,Gross Capital Formation : Gross Fixed Capital Formation,6.74,2017-12
2017,Q4,Growth Rates Y-o-Y,Gross Capital Formation : Gross Fixed Capital Formation : Non:Government,8.85,2017-12
2017,Q4,Growth Rates Y-o-Y,Gross Capital Formation : Gross Fixed Capital Formation : Non:Government : Oil,52.38,2017-12
2018,Q1,Growth Rates Y-o-Y,Gross Capital Formation : Gross Fixed Capital Formation : Government,8.94,2018-03
2018,Q1,Growth Rates Y-o-Y,Gross Capital Formation : Gross Fixed Capital Formation : Non:Government,7.29,2018-03
2018,Q1,Growth Rates Y-o-Y,Net Exports : Exports of Goods & Services,18.53,2018-03
2018,Q2,Growth Rates Y-o-Y,Gross Final Consumption Expenditure : Govt. Final Consumption Expenditure,33.55,2018-06
2018,Q2,Growth Rates Y-o-Y,Gross Capital Formation : Gross Fixed Capital Formation : Non:Government : Oil,12.69,2018-06
2018,Q2,Growth Rates Y-o-Y,Gross Capital Formation : Gross Fixed Capital Formation : Non:Government : Non-Oil,10.02,2018-06
2018,Q3,Growth Rates Y-o-Y,Gross Capital Formation,3.88,2018-09
2018,Q3,Growth Rates Y-o-Y,Gross Capital Formation : Gross Fixed Capital Formation : Government,22.81,2018-09
2018,Q3,Growth Rates Y-o-Y,Gross Capital Formation : Gross Fixed Capital Formation : Non:Government,7.02,2018-09
2018,Q3,Growth Rates Y-o-Y,Net Exports : Imports of Goods & Services,4.36,2018-09
2018,Q4,Growth Rates Y-o-Y,Gross Final Consumption Expenditure : Private Final Consumption Expenditure,8.63,2018-12
2018,Q4,Growth Rates Y-o-Y,Gross Capital Formation,18.08,2018-12
2018,Q4,Growth Rates Y-o-Y,Gross Capital Formation : Gross Fixed Capital Formation : Government,-19.92,2018-12
2018,Q4,Growth Rates Y-o-Y,Gross Capital Formation : Gross Fixed Capital Formation : Non:Government : Non-Oil,4.98,2018-12
2018,Q4,Growth Rates Y-o-Y,Domestic Final Demand,13.31,2018-12
2019,Q1,Growth Rates Y-o-Y,Gross Capital Formation : Gross Fixed Capital Formation,1.35,2019-03
2019,Q1,Growth Rates Y-o-Y,Gross Domestic Product,2.22,2019-03
2019,Q2,Growth Rates Y-o-Y,Gross Capital Formation : Gross Fixed Capital Formation : Non:Government,-0.08,2019-06
2019,Q2,Growth Rates Y-o-Y,Gross Domestic Product,0.23,2019-06
2019,Q3,Growth Rates Y-o-Y,Gross Capital Formation : Gross Fixed Capital Formation : Non:Government : Non-Oil,17.19,2019-09
2019,Q4,Growth Rates Y-o-Y,Gross Final Consumption Expenditure,-2.55,2019-12
2019,Q4,Growth Rates Y-o-Y,Net Exports : Imports of Goods & Services,0.87,2019-12
2019,Q4,Growth Rates Y-o-Y,Gross Domestic Product,-0.59,2019-12
2020,Q1,Growth Rates Y-o-Y,Gross Capital Formation : Gross Fixed Capital Formation : Non:Government,6.17,2020-03
2020,Q1,Growth Rates Y-o-Y,Gross Domestic Product,-6.62,2020-03
2020,Q2,Growth Rates Y-o-Y,Gross Final Consumption Expenditure,-12.51,2020-06
2020,Q2,Growth Rates Y-o-Y,Gross Final Consumption Expenditure : Private Final Consumption Expenditure,-16.52,2020-06
2020,Q3,Growth Rates Y-o-Y,Domestic Final Demand,-7.19,2020-09
2020,Q3,Growth Rates Y-o-Y,Gross Domestic Product,-12.5,2020-09
2020,Q4,Growth Rates Y-o-Y,Gross Final Consumption Expenditure,4.93,2020-12
2020,Q4,Growth Rates Y-o-Y,Gross Capital Formation : Gross Fixed Capital Formation : Non:Government : Non-Oil,-8.37,2020-12
2020,Q4,Growth Rates Y-o-Y,Net Exports : Exports of Goods & Services,-29.42,2020-12
2021,Q1,Growth Rates Y-o-Y,Gross Domestic Product,11.34,2021-03
2021,Q2,Growth Rates Y-o-Y,Gross Capital Formation : Gross Fixed Capital Formation,28.52,2021-06
2021,Q2,Growth Rates Y-o-Y,Gross Capital Formation : Gross Fixed Capital Formation : Government,-25.99,2021-06
2021,Q4,Growth Rates Y-o-Y,Gross Capital Formation,82.22,2021-12
2021,Q4,Growth Rates Y-o-Y,Gross Capital Formation : Gross Fixed Capital Formation : Government,-27.66,2021-12
2021,Q4,Growth Rates Y-o-Y,Gross Capital Formation : Gross Fixed Capital Formation : Non:Government : Oil,32.18,2021-12
2022,Q2,Growth Rates Y-o-Y,Gross Capital Formation : Gross Fixed Capital Formation : Non:Government : Oil,15.21,2022-06
2022,Q3,Growth Rates Y-o-Y,Gross Final Consumption Expenditure : Govt. Final Consumption Expenditure,14.89,2022-09
2022,Q4,Growth Rates Y-o-Y,Gross Capital Formation : Gross Fixed Capital Formation,29.64,2022-12
2022,Q4,Growth Rates Y-o-Y,Gross Capital Formation : Gross Fixed Capital Formation : Non:Government : Oil,9.7,2022-12
2022,Q4,Growth Rates Y-o-Y,Net Exports : Imports of Goods & Services,15.55,2022-12
2023,Q1,Growth Rates Y-o-Y,Gross Final Consumption Expenditure : Private Final Consumption Expenditure,12.62,2023-03
2023,Q1,Growth Rates Y-o-Y,Gross Capital Formation : Gross Fixed Capital Formation,20.55,2023-03
2023,Q1,Growth Rates Y-o-Y,Domestic Final Demand,19.99,2023-03
2023,Q1,Growth Rates Y-o-Y,Net Exports : Exports of Goods & Services,-7.01,2023-03
2023,Q1,Growth Rates Y-o-Y,Net Exports : Imports of Goods & Services,36.58,2023-03
2023,Q2,Growth Rates Y-o-Y,Gross Capital Formation,-5.03,2023-06
2023,Q2,Growth Rates Y-o-Y,Gross Capital Formation : Gross Fixed Capital Formation,12.38,2023-06
2023,Q2,Growth Rates Y-o-Y,Gross Capital Formation : Gross Fixed Capital Formation : Government,43.14,2023-06
2023,Q2,Growth Rates Y-o-Y,Gross Capital Formation : Gross Fixed Capital Formation : Non:Government : Oil,0.23,2023-06
2023,Q3,Growth Rates Y-o-Y,Gross Capital Formation : Gross Fixed Capital Formation : Non:Government,4.81,2023-09
2023,Q3,Growth Rates Y-o-Y,Net Exports : Exports of Goods & Services,-23.24,2023-09
2024,Q1,Growth Rates Y-o-Y,Gross Final Consumption Expenditure,4.73,2024-03
2024,Q1,Growth Rates Y-o-Y,Gross Capital Formation : Gross Fixed Capital Formation : Non:Government,13.51,2024-03
2024,Q1,Growth Rates Y-o-Y,Gross Capital Formation : Gross Fixed Capital Formation : Non:Government : Non-Oil,8.75,2024-03
2024,Q1,Growth Rates Y-o-Y,Gross Domestic Product,1.51,2024-03
2024,Q2,Growth Rates Y-o-Y,Gross Final Consumption Expenditure : Govt. Final Consumption Expenditure,8.46,2024-06
2024,Q2,Growth Rates Y-o-Y,Gross Final Consumption Expenditure : Private Final Consumption Expenditure,6.8,2024-06
2024,Q2,Growth Rates Y-o-Y,Net Exports : Exports of Goods & Services,0.58,2024-06
2024,Q3,Growth Rates Y-o-Y,Gross Final Consumption Expenditure : Govt. Final Consumption Expenditure,9.7,2024-09
2024,Q3,Growth Rates Y-o-Y,Gross Capital Formation,4.95,2024-09
2024,Q3,Growth Rates Y-o-Y,Gross Capital Formation : Gross Fixed Capital Formation,13.91,2024-09
2024,Q3,Growth Rates Y-o-Y,Gross Capital Formation : Gross Fixed Capital Formation : Non:Government,14.3,2024-09
2024,Q3,Growth Rates Y-o-Y,Net Exports : Exports of Goods & Services,-4.18,2024-09
2024,Q3,Growth Rates Y-o-Y,Net Exports : Imports of Goods & Services,10.57,2024-09
2024,Q3,Growth Rates Y-o-Y,Gross Domestic Product,1.97,2024-09
2024,Q4,Growth Rates Y-o-Y,Gross Final Consumption Expenditure : Private Final Consumption Expenditure,5.33,2024-12
2024,Q4,Growth Rates Y-o-Y,Gross Capital Formation,21.09,2024-12
2025,Q1,Growth Rates Y-o-Y,Gross Domestic Product,3.34,2025-03
2025,Q2,Growth Rates Y-o-Y,Gross Capital Formation : Gross Fixed Capital Formation : Government,-37.81,2025-06
2025,Q2,Growth Rates Y-o-Y,Domestic Final Demand,4.72,2025-06
2025,Q2,Growth Rates Y-o-Y,Gross Domestic Product,-0.51,2025-06
2025,Q3,Growth Rates Y-o-Y,Gross Capital Formation : Gross Fixed Capital Formation,0.63,2025-09
2025,Q3,Growth Rates Y-o-Y,Net Exports : Exports of Goods & Services,11.66,2025-09
2025,Q4,Growth Rates Y-o-Y,Gross Final Consumption Expenditure,0.89,2025-12
2025,Q4,Growth Rates Y-o-Y,Gross Capital Formation : Gross Fixed Capital Formation : Non:Government : Non-Oil,2.38,2025-12
2025,Q4,Growth Rates Y-o-Y,Net Exports : Imports of Goods & Services,2.44,2025-12
2010,Q1,Million of Saudi Riyals,Gross Capital Formation : Gross Fixed Capital Formation,116618.0,2010-03
2010,Q1,Million of Saudi Riyals,Net Exports : Exports of Goods & Services,225340.0,2010-03
2010,Q2,Million of Saudi Riyals,Gross Capital Formation : Gross Fixed Capital Formation : Non:Government : Non-Oil,65899.0,2010-06
2010,Q3,Million of Saudi Riyals,Gross Capital Formation : Gross Fixed Capital Formation : Non:Government : Oil,14675.0,2010-09
2010,Q3,Million of Saudi Riyals,Net Exports : Imports of Goods & Services,162957.0,2010-09
2010,Q4,Million of Saudi Riyals,Gross Capital Formation : Gross Fixed Capital Formation : Government,62935.0,2010-12
2010,Q4,Million of Saudi Riyals,Gross Capital Formation : Gross Fixed Capital Formation : Non:Government : Oil,14623.0,2010-12
2010,Q4,Million of Saudi Riyals,Gross Capital Formation : Gross Fixed Capital Formation : Non:Government : Non-Oil,66553.0,2010-12
2010,Q4,Million of Saudi Riyals,Net Exports : Exports of Goods & Services,282260.0,2010-12
2011,Q1,Million of Saudi Riyals,Gross Final Consumption Expenditure : Private Final Consumption Expenditure,165383.0,2011-03
2011,Q1,Million of Saudi Riyals,Domestic Final Demand,441282.0,2011-03
2011,Q1,Million of Saudi Riyals,Net Exports : Exports of Goods & Services,312666.0,2011-03
2011,Q1,Million of Saudi Riyals,Net Exports : Imports of Goods & Services,156428.0,2011-03
2011,Q1,Million of Saudi Riyals,Gross Domestic Product,597521.0,2011-03
2011,Q2,Million of Saudi Riyals,Gross Final Consumption Expenditure : Private Final Consumption Expenditure,172522.0,2011-06
2011,Q2,Million of Saudi Riyals,Gross Capital Formation : Change in Inventories,29075.0,2011-06
2011,Q2,Million of Saudi Riyals,Net Exports : Imports of Goods & Services,190183.0,2011-06
2011,Q3,Million of Saudi Riyals,Gross Capital Formation,180609.0,2011-09
2011,Q3,Million of Saudi Riyals,Gross Capital Formation : Gross Fixed Capital Formation,118718.0,2011-09
2011,Q3,Million of Saudi Riyals,Gross Capital Formation : Gross Fixed Capital Formation : Government,29514.0,2011-09
2011,Q3,Million of Saudi Riyals,Gross Capital Formation : Gross Fixed Capital Formation : Non:Government,89204.0,2011-09
2011,Q3,Million of Saudi Riyals,Domestic Final Demand,486353.0,2011-09
2011,Q4,Million of Saudi Riyals,Gross Capital Formation : Gross Fixed Capital Formation,161849.0,2011-12
2011,Q4,Million of Saudi Riyals,Gross Capital Formation : Gross Fixed Capital Formation : Government,71323.0,2011-12
2011,Q4,Million of Saudi Riyals,Gross Capital Formation : Gross Fixed Capital Formation : Non:Government,90527.0,2011-12
2011,Q4,Million of Saudi Riyals,Net Exports : Exports of Goods & Services,381084.0,2011-12
2012,Q1,Million of Saudi Riyals,Gross Capital Formation : Gross Fixed Capital Formation : Non:Government : Oil,11678.0,2012-03
2012,Q2,Million of Saudi Riyals,Gross Final Consumption Expenditure,340869.0,2012-06
2012,Q2,Million of Saudi Riyals,Gross Capital Formation,193099.0,2012-06
2012,Q2,Million of Saudi Riyals,Gross Capital Formation : Gross Fixed Capital Formation : Government,46739.0,2012-06
2012,Q3,Million of Saudi Riyals,Gross Final Consumption Expenditure : Govt. Final Consumption Expenditure,178025.0,2012-09
2012,Q3,Million of Saudi Riyals,Domestic Final Demand,547642.0,2012-09
2012,Q4,Million of Saudi Riyals,Gross Capital Formation,203820.0,2012-12
2012,Q4,Million of Saudi Riyals,Gross Capital Formation : Gross Fixed Capital Formation,155571.0,2012-12
2012,Q4,Million of Saudi Riyals,Gross Capital Formation : Gross Fixed Capital Formation : Non:Government : Oil,16716.0,2012-12
2012,Q4,Million of Saudi Riyals,Gross Capital Formation : Gross Fixed Capital Formation : Non:Government : Non-Oil,82211.0,2012-12
2012,Q4,Million of Saudi Riyals,Gross Capital Formation : Change in Inventories,48249.0,2012-12
2013,Q1,Million of Saudi Riyals,Gross Capital Formation : Gross Fixed Capital Formation : Non:Government,105806.0,2013-03
2013,Q1,Million of Saudi Riyals,Gross Capital Formation : Gross Fixed Capital Formation : Non:Government : Non-Oil,88793.0,2013-03
2013,Q1,Million of Saudi Riyals,Net Exports : Exports of Goods & Services,349772.0,2013-03
2013,Q1,Million of Saudi Riyals,Gross Domestic Product,712484.0,2013-03
2013,Q2,Million of Saudi Riyals,Gross Capital Formation : Gross Fixed Capital Formation,151362.0,2013-06
2013,Q2,Million of Saudi Riyals,Domestic Final Demand,597878.0,2013-06
2013,Q2,Million of Saudi Riyals,Net Exports : Exports of Goods & Services,347424.0,2013-06
2013,Q3,Million of Saudi Riyals,Gross Capital Formation : Gross Fixed Capital Formation : Government,53970.0,2013-09
2013,Q3,Million of Saudi Riyals,Net Exports,161986.0,2013-09
2013,Q4,Million of Saudi Riyals,Gross Capital Formation : Gross Fixed Capital Formation : Non:Government : Non-Oil,88633.0,2013-12
2013,Q4,Million of Saudi Riyals,Net Exports,165656.0,2013-12
2013,Q4,Million of Saudi Riyals,Gross Domestic Product,722821.0,2013-12
2014,Q1,Million of Saudi Riyals,Gross Capital Formation : Gross Fixed Capital Formation : Non:Government : Oil,23355.0,2014-03
2014,Q1,Million of Saudi Riyals,Domestic Final Demand,637044.0,2014-03
2014,Q2,Million of Saudi Riyals,Gross Final Consumption Expenditure,427758.0,2014-06
2014,Q2,Million of Saudi Riyals,Gross Final Consumption Expenditure : Private Final Consumption Expenditure,243571.0,2014-06
2014,Q2,Million of Saudi Riyals,Gross Capital Formation,198647.0,2014-06
2014,Q2,Million of Saudi Riyals,Gross Capital Formation : Gross Fixed Capital Formation : Government,63730.0,2014-06
2014,Q2,Million of Saudi Riyals,Gross Capital Formation : Gross Fixed Capital Formation : Non:Government : Non-Oil,94908.0,2014-06
2014,Q2,Million of Saudi Riyals,Net Exports,137273.0,2014-06
2014,Q2,Million of Saudi Riyals,Net Exports : Exports of Goods & Services,362323.0,2014-06
2014,Q3,Million of Saudi Riyals,Gross Final Consumption Expenditure : Govt. Final Consumption Expenditure,173057.0,2014-09
2014,Q3,Million of Saudi Riyals,Gross Final Consumption Expenditure : Private Final Consumption Expenditure,258087.0,2014-09
2014,Q3,Million of Saudi Riyals,Gross Capital Formation,249280.0,2014-09
2014,Q3,Million of Saudi Riyals,Gross Capital Formation : Gross Fixed Capital Formation,164472.0,2014-09
2014,Q3,Million of Saudi Riyals,Gross Capital Formation : Gross Fixed Capital Formation : Government,47377.0,2014-09
2014,Q3,Million of Saudi Riyals,Gross Capital Formation : Change in Inventories,84807.0,2014-09
2014,Q3,Million of Saudi Riyals,Net Exports : Exports of Goods & Services,336794.0,2014-09
2014,Q4,Million of Saudi Riyals,Gross Capital Formation : Gross Fixed Capital Formation,205014.0,2014-12
2014,Q4,Million of Saudi Riyals,Gross Capital Formation : Gross Fixed Capital Formation : Non:Government : Oil,22718.0,2014-12
2014,Q4,Million of Saudi Riyals,Domestic Final Demand,648079.0,2014-12
2015,Q1,Million of Saudi Riyals,Gross Capital Formation : Gross Fixed Capital Formation : Non:Government,121093.0,2015-03
2015,Q1,Million of Saudi Riyals,Domestic Final Demand,679784.0,2015-03
2015,Q1,Million of Saudi Riyals,Gross Domestic Product,669419.0,2015-03
2015,Q2,Million of Saudi Riyals,Gross Final Consumption Expenditure : Govt. Final Consumption Expenditure,205020.0,2015-06
2015,Q2,Million of Saudi Riyals,Gross Capital Formation : Gross Fixed Capital Formation : Government,75313.0,2015-06
2015,Q2,Million of Saudi Riyals,Domestic Final Demand,693318.0,2015-06
2015,Q3,Million of Saudi Riyals,Gross Final Consumption Expenditure : Govt. Final Consumption Expenditure,175088.0,2015-09
2015,Q3,Million of Saudi Riyals,Gross Final Consumption Expenditure : Private Final Consumption Expenditure,275473.0,2015-09
2015,Q3,Million of Saudi Riyals,Gross Capital Formation : Gross Fixed Capital Formation : Government,60288.0,2015-09
2015,Q3,Million of Saudi Riyals,Gross Capital Formation : Change in Inventories,49129.0,2015-09
2015,Q3,Million of Saudi Riyals,Net Exports,-38166.0,2015-09
2015,Q3,Million of Saudi Riyals,Gross Domestic Product,644479.0,2015-09
2015,Q4,Million of Saudi Riyals,Domestic Final Demand,654421.0,2015-12
2015,Q4,Million of Saudi Riyals,Net Exports,-52742.0,2015-12
2016,Q1,Million of Saudi Riyals,Gross Final Consumption Expenditure,454925.0,2016-03
2016,Q1,Million of Saudi Riyals,Gross Capital Formation : Gross Fixed Capital Formation,161009.0,2016-03
2016,Q1,Million of Saudi Riyals,Net Exports,-41687.0,2016-03
2016,Q1,Million of Saudi Riyals,Gross Domestic Product,608587.0,2016-03
2016,Q2,Million of Saudi Riyals,Gross Capital Formation : Change in Inventories,24875.0,2016-06
2016,Q3,Million of Saudi Riyals,Gross Capital Formation,172379.0,2016-09
2016,Q3,Million of Saudi Riyals,Gross Capital Formation : Gross Fixed Capital Formation : Non:Government : Non-Oil,86655.0,2016-09
2016,Q4,Million of Saudi Riyals,Gross Final Consumption Expenditure,489162.0,2016-12
2016,Q4,Million of Saudi Riyals,Gross Capital Formation : Gross Fixed Capital Formation : Government,88808.0,2016-12
2016,Q4,Million of Saudi Riyals,Gross Capital Formation : Gross Fixed Capital Formation : Non:Government,106981.0,2016-12
2016,Q4,Million of Saudi Riyals,Net Exports,20336.0,2016-12
2016,Q4,Million of Saudi Riyals,Net Exports : Imports of Goods & Services,189239.0,2016-12
2017,Q1,Million of Saudi Riyals,Gross Domestic Product,670636.0,2017-03
2017,Q2,Million of Saudi Riyals,Gross Capital Formation : Gross Fixed Capital Formation : Non:Government : Non-Oil,108145.0,2017-06
2017,Q2,Million of Saudi Riyals,Gross Domestic Product,682872.0,2017-06
2017,Q3,Million of Saudi Riyals,Gross Capital Formation : Gross Fixed Capital Formation,141812.0,2017-09
2017,Q3,Million of Saudi Riyals,Gross Capital Formation : Gross Fixed Capital Formation : Non:Government : Non-Oil,86520.0,2017-09
2017,Q4,Million of Saudi Riyals,Gross Capital Formation : Change in Inventories,-71444.0,2017-12
2017,Q4,Million of Saudi Riyals,Net Exports : Imports of Goods & Services,201397.0,2017-12
2018,Q1,Million of Saudi Riyals,Gross Capital Formation : Gross Fixed Capital Formation : Non:Government,144951.0,2018-03
2018,Q1,Million of Saudi Riyals,Net Exports : Exports of Goods & Services,262205.0,2018-03
2018,Q1,Million of Saudi Riyals,Net Exports : Imports of Goods & Services,192911.0,2018-03
2018,Q2,Million of Saudi Riyals,Gross Capital Formation : Gross Fixed Capital Formation,188533.0,2018-06
2018,Q3,Million of Saudi Riyals,Gross Final Consumption Expenditure,529048.0,2018-09
2018,Q3,Million of Saudi Riyals,Gross Capital Formation : Gross Fixed Capital Formation : Non:Government : Oil,32228.0,2018-09
2018,Q3,Million of Saudi Riyals,Gross Capital Formation : Gross Fixed Capital Formation : Non:Government : Non-Oil,89211.0,2018-09
2018,Q4,Million of Saudi Riyals,Gross Capital Formation : Change in Inventories,-34179.0,2018-12
2018,Q4,Million of Saudi Riyals,Gross Domestic Product,862380.0,2018-12
2019,Q1,Million of Saudi Riyals,Gross Capital Formation : Gross Fixed Capital Formation : Non:Government,145915.0,2019-03
2019,Q1,Million of Saudi Riyals,Domestic Final Demand,715776.0,2019-03
2019,Q2,Million of Saudi Riyals,Gross Capital Formation : Gross Fixed Capital Formation : Non:Government : Oil,26429.0,2019-06
2019,Q2,Million of Saudi Riyals,Gross Capital Formation : Gross Fixed Capital Formation : Non:Government : Non-Oil,119199.0,2019-06
2019,Q2,Million of Saudi Riyals,Domestic Final Demand,781720.0,2019-06
2019,Q2,Million of Saudi Riyals,Net Exports : Exports of Goods & Services,274617.0,2019-06
2019,Q3,Million of Saudi Riyals,Gross Final Consumption Expenditure : Govt. Final Consumption Expenditure,183352.0,2019-09
2019,Q3,Million of Saudi Riyals,Gross Capital Formation,217053.0,2019-09
2019,Q3,Million of Saudi Riyals,Gross Capital Formation : Gross Fixed Capital Formation : Non:Government : Oil,42059.0,2019-09
2019,Q3,Million of Saudi Riyals,Net Exports,58889.0,2019-09
2019,Q3,Million of Saudi Riyals,Net Exports : Exports of Goods & Services,262079.0,2019-09
2019,Q3,Million of Saudi Riyals,Net Exports : Imports of Goods & Services,203190.0,2019-09
2019,Q4,Million of Saudi Riyals,Gross Capital Formation : Gross Fixed Capital Formation : Non:Government : Non-Oil,114335.0,2019-12
2020,Q1,Million of Saudi Riyals,Gross Capital Formation : Change in Inventories,-4081.0,2020-03
2020,Q2,Million of Saudi Riyals,Gross Final Consumption Expenditure : Govt. Final Consumption Expenditure,182093.0,2020-06
2020,Q3,Million of Saudi Riyals,Gross Final Consumption Expenditure : Private Final Consumption Expenditure,377553.0,2020-09
2020,Q3,Million of Saudi Riyals,Gross Capital Formation,157606.0,2020-09
2020,Q4,Million of Saudi Riyals,Gross Capital Formation : Gross Fixed Capital Formation : Non:Government,129718.0,2020-12
2020,Q4,Million of Saudi Riyals,Gross Capital Formation : Gross Fixed Capital Formation : Non:Government : Oil,24948.0,2020-12
2020,Q4,Million of Saudi Riyals,Gross Capital Formation : Change in Inventories,-57216.0,2020-12
2021,Q1,Million of Saudi Riyals,Gross Final Consumption Expenditure : Govt. Final Consumption Expenditure,173087.0,2021-03
2021,Q1,Million of Saudi Riyals,Domestic Final Demand,797399.0,2021-03
2021,Q2,Million of Saudi Riyals,Domestic Final Demand,830844.0,2021-06
2021,Q4,Million of Saudi Riyals,Gross Final Consumption Expenditure,660825.0,2021-12
2021,Q4,Million of Saudi Riyals,Gross Capital Formation,246689.0,2021-12
2021,Q4,Million of Saudi Riyals,Gross Capital Formation : Gross Fixed Capital Formation : Government,45484.0,2021-12
2021,Q4,Million of Saudi Riyals,Gross Capital Formation : Gross Fixed Capital Formation : Non:Government,179607.0,2021-12
2021,Q4,Million of Saudi Riyals,Gross Capital Formation : Gross Fixed Capital Formation : Non:Government : Non-Oil,146631.0,2021-12
2021,Q4,Million of Saudi Riyals,Net Exports : Imports of Goods & Services,228261.0,2021-12
2021,Q4,Million of Saudi Riyals,Gross Domestic Product,1015682.0,2021-12
2022,Q1,Million of Saudi Riyals,Gross Capital Formation : Gross Fixed Capital Formation : Government,15669.0,2022-03
2022,Q1,Million of Saudi Riyals,Gross Capital Formation : Gross Fixed Capital Formation : Non:Government,243476.0,2022-03
2022,Q2,Million of Saudi Riyals,Gross Final Consumption Expenditure : Govt. Final Consumption Expenditure,220796.0,2022-06
2022,Q2,Million of Saudi Riyals,Gross Capital Formation : Gross Fixed Capital Formation,286080.0,2022-06
2022,Q2,Million of Saudi Riyals,Gross Capital Formation : Gross Fixed Capital Formation : Non:Government,245745.0,2022-06
2022,Q2,Million of Saudi Riyals,Gross Capital Formation : Change in Inventories,58654.0,2022-06
2022,Q2,Million of Saudi Riyals,Net Exports,195104.0,2022-06
2022,Q2,Million of Saudi Riyals,Gross Domestic Product,1218947.0,2022-06
2022,Q3,Million of Saudi Riyals,Gross Final Consumption Expenditure,685363.0,2022-09
2022,Q3,Million of Saudi Riyals,Gross Final Consumption Expenditure : Private Final Consumption Expenditure,471842.0,2022-09
2022,Q3,Million of Saudi Riyals,Gross Capital Formation : Gross Fixed Capital Formation : Government,44654.0,2022-09
2022,Q4,Million of Saudi Riyals,Gross Final Consumption Expenditure : Govt. Final Consumption Expenditure,271401.0,2022-12
2022,Q4,Million of Saudi Riyals,Gross Capital Formation,303964.0,2022-12
2022,Q4,Million of Saudi Riyals,Gross Capital Formation : Change in Inventories,12148.0,2022-12
2023,Q1,Million of Saudi Riyals,Gross Capital Formation : Gross Fixed Capital Formation : Government,23781.0,2023-03
2023,Q1,Million of Saudi Riyals,Gross Capital Formation : Change in Inventories,48217.0,2023-03
2023,Q1,Million of Saudi Riyals,Net Exports : Imports of Goods & Services,279370.0,2023-03
2023,Q1,Million of Saudi Riyals,Gross Domestic Product,1146388.0,2023-03
2023,Q2,Million of Saudi Riyals,Gross Final Consumption Expenditure : Govt. Final Consumption Expenditure,224947.0,2023-06
2023,Q2,Million of Saudi Riyals,Net Exports,79063.0,2023-06
2023,Q3,Million of Saudi Riyals,Gross Final Consumption Expenditure,743432.0,2023-09
2023,Q3,Million of Saudi Riyals,Gross Capital Formation,348921.0,2023-09
2023,Q3,Million of Saudi Riyals,Net Exports,51024.0,2023-09
2023,Q3,Million of Saudi Riyals,Net Exports : Imports of Goods & Services,286338.0,2023-09
2023,Q4,Million of Saudi Riyals,Domestic Final Demand,1105158.0,2023-12
2024,Q1,Million of Saudi Riyals,Gross Capital Formation : Change in Inventories,10342.0,2024-03
2024,Q1,Million of Saudi Riyals,Domestic Final Demand,1105760.0,2024-03
2024,Q2,Million of Saudi Riyals,Gross Final Consumption Expenditure : Govt. Final Consumption Expenditure,243983.0,2024-06
2024,Q3,Million of Saudi Riyals,Gross Final Consumption Expenditure,793038.0,2024-09
2024,Q3,Million of Saudi Riyals,Net Exports,6668.0,2024-09
2024,Q3,Million of Saudi Riyals,Net Exports : Imports of Goods & Services,316590.0,2024-09
2024,Q4,Million of Saudi Riyals,Gross Capital Formation : Gross Fixed Capital Formation : Government,59803.0,2024-12
2024,Q4,Million of Saudi Riyals,Domestic Final Demand,1191005.0,2024-12
2024,Q4,Million of Saudi Riyals,Net Exports : Exports of Goods & Services,334922.0,2024-12
2025,Q1,Million of Saudi Riyals,Gross Final Consumption Expenditure : Private Final Consumption Expenditure,530110.0,2025-03
2025,Q1,Million of Saudi Riyals,Gross Capital Formation : Gross Fixed Capital Formation,389148.0,2025-03
2025,Q1,Million of Saudi Riyals,Domestic Final Demand,1163408.0,2025-03
2025,Q1,Million of Saudi Riyals,Gross Domestic Product,1202547.0,2025-03
2025,Q2,Million of Saudi Riyals,Gross Final Consumption Expenditure,800728.0,2025-06
2025,Q2,Million of Saudi Riyals,Gross Final Consumption Expenditure : Govt. Final Consumption Expenditure,236191.0,2025-06
2025,Q2,Million of Saudi Riyals,Gross Final Consumption Expenditure : Private Final Consumption Expenditure,564536.0,2025-06
2025,Q2,Million of Saudi Riyals,Gross Capital Formation : Gross Fixed Capital Formation : Non:Government : Oil,31206.0,2025-06
2025,Q2,Million of Saudi Riyals,Gross Capital Formation : Gross Fixed Capital Formation : Non:Government : Non-Oil,268666.0,2025-06
2025,Q2,Million of Saudi Riyals,Gross Capital Formation : Change in Inventories,51611.0,2025-06
2025,Q2,Million of Saudi Riyals,Net Exports : Exports of Goods & Services,336480.0,2025-06
2025,Q3,Million of Saudi Riyals,Gross Final Consumption Expenditure,817142.0,2025-09
2025,Q3,Million of Saudi Riyals,Gross Capital Formation,351556.0,2025-09
2025,Q3,Million of Saudi Riyals,Gross Capital Formation : Gross Fixed Capital Formation : Non:Government,309375.0,2025-09
2025,Q3,Million of Saudi Riyals,Gross Capital Formation : Gross Fixed Capital Formation : Non:Government : Non-Oil,263121.0,2025-09
2025,Q3,Million of Saudi Riyals,Domestic Final Demand,1168698.0,2025-09
2025,Q3,Million of Saudi Riyals,Net Exports,26327.0,2025-09
2025,Q4,Million of Saudi Riyals,Gross Final Consumption Expenditure : Govt. Final Consumption Expenditure,255881.0,2025-12
2025,Q4,Million of Saudi Riyals,Gross Capital Formation,385248.0,2025-12
2025,Q4,Million of Saudi Riyals,Gross Capital Formation : Gross Fixed Capital Formation,358625.0,2025-12
2025,Q4,Million of Saudi Riyals,Gross Capital Formation : Gross Fixed Capital Formation : Government,45594.0,2025-12
2025,Q4,Million of Saudi Riyals,Gross Capital Formation : Gross Fixed Capital Formation : Non:Government : Oil,58711.0,2025-12
2011,Q1,Growth Rates Y-o-Y,Gross Final Consumption Expenditure,19.55,2011-03
2011,Q1,Growth Rates Y-o-Y,Gross Capital Formation : Gross Fixed Capital Formation : Government,82.99,2011-03
2011,Q1,Growth Rates Y-o-Y,Gross Capital Formation : Gross Fixed Capital Formation : Non:Government,8.6,2011-03
2011,Q1,Growth Rates Y-o-Y,Gross Domestic Product,25.98,2011-03
2011,Q2,Growth Rates Y-o-Y,Gross Capital Formation : Gross Fixed Capital Formation,21.42,2011-06
2011,Q2,Growth Rates Y-o-Y,Gross Capital Formation : Gross Fixed Capital Formation : Government,52.87,2011-06
2011,Q2,Growth Rates Y-o-Y,Gross Capital Formation : Gross Fixed Capital Formation : Non:Government,8.7,2011-06
2011,Q2,Growth Rates Y-o-Y,Net Exports : Exports of Goods & Services,48.44,2011-06
2011,Q3,Growth Rates Y-o-Y,Gross Final Consumption Expenditure : Private Final Consumption Expenditure,11.03,2011-09
2011,Q3,Growth Rates Y-o-Y,Gross Capital Formation : Gross Fixed Capital Formation : Non:Government,10.11,2011-09
2011,Q3,Growth Rates Y-o-Y,Domestic Final Demand,18.77,2011-09
2011,Q3,Growth Rates Y-o-Y,Gross Domestic Product,33.63,2011-09
2011,Q4,Growth Rates Y-o-Y,Gross Capital Formation : Gross Fixed Capital Formation,12.31,2011-12
2011,Q4,Growth Rates Y-o-Y,Gross Capital Formation : Gross Fixed Capital Formation : Non:Government,11.52,2011-12
2011,Q4,Growth Rates Y-o-Y,Domestic Final Demand,9.93,2011-12
2012,Q1,Growth Rates Y-o-Y,Gross Final Consumption Expenditure : Govt. Final Consumption Expenditure,-2.05,2012-03
2012,Q1,Growth Rates Y-o-Y,Gross Capital Formation,32.14,2012-03
2012,Q1,Growth Rates Y-o-Y,Gross Capital Formation : Gross Fixed Capital Formation : Government,32.96,2012-03
2012,Q2,Growth Rates Y-o-Y,Gross Final Consumption Expenditure : Govt. Final Consumption Expenditure,-3.82,2012-06
2012,Q2,Growth Rates Y-o-Y,Gross Capital Formation : Gross Fixed Capital Formation : Government,-6.28,2012-06
2012,Q2,Growth Rates Y-o-Y,Gross Domestic Product,8.84,2012-06
2012,Q3,Growth Rates Y-o-Y,Gross Capital Formation : Gross Fixed Capital Formation,23.73,2012-09
2012,Q3,Growth Rates Y-o-Y,Gross Capital Formation : Gross Fixed Capital Formation : Government,83.49,2012-09
2012,Q3,Growth Rates Y-o-Y,Net Exports : Exports of Goods & Services,-2.32,2012-09
2012,Q4,Growth Rates Y-o-Y,Gross Capital Formation : Gross Fixed Capital Formation : Government,-20.58,2012-12
2013,Q1,Growth Rates Y-o-Y,Gross Capital Formation : Gross Fixed Capital Formation : Non:Government : Oil,45.69,2013-03
2013,Q1,Growth Rates Y-o-Y,Net Exports : Exports of Goods & Services,-11.56,2013-03
2013,Q2,Growth Rates Y-o-Y,Gross Capital Formation : Gross Fixed Capital Formation,8.72,2013-06
2013,Q2,Growth Rates Y-o-Y,Domestic Final Demand,11.97,2013-06
2013,Q2,Growth Rates Y-o-Y,Net Exports : Exports of Goods & Services,-7.99,2013-06
2013,Q3,Growth Rates Y-o-Y,Gross Final Consumption Expenditure : Govt. Final Consumption Expenditure,-20.22,2013-09
2013,Q3,Growth Rates Y-o-Y,Gross Final Consumption Expenditure : Private Final Consumption Expenditure,9.66,2013-09
2013,Q3,Growth Rates Y-o-Y,Gross Capital Formation,22.31,2013-09
2013,Q3,Growth Rates Y-o-Y,Net Exports : Imports of Goods & Services,7.28,2013-09
2013,Q4,Growth Rates Y-o-Y,Gross Final Consumption Expenditure,28.73,2013-12
2013,Q4,Growth Rates Y-o-Y,Domestic Final Demand,4.6,2013-12
2013,Q4,Growth Rates Y-o-Y,Net Exports : Imports of Goods & Services,7.3,2013-12
2013,Q4,Growth Rates Y-o-Y,Gross Domestic Product,3.06,2013-12
2014,Q1,Growth Rates Y-o-Y,Gross Final Consumption Expenditure : Private Final Consumption Expenditure,12.19,2014-03
2014,Q1,Growth Rates Y-o-Y,Gross Capital Formation,-9.63,2014-03
2014,Q1,Growth Rates Y-o-Y,Gross Capital Formation : Gross Fixed Capital Formation : Non:Government : Oil,37.28,2014-03
2014,Q1,Growth Rates Y-o-Y,Net Exports : Exports of Goods & Services,4.34,2014-03
2014,Q2,Growth Rates Y-o-Y,Domestic Final Demand,4.77,2014-06
2014,Q3,Growth Rates Y-o-Y,Gross Capital Formation : Gross Fixed Capital Formation : Non:Government,11.74,2014-09
2014,Q4,Growth Rates Y-o-Y,Gross Capital Formation : Gross Fixed Capital Formation : Government,18.28,2014-12
2015,Q1,Growth Rates Y-o-Y,Gross Capital Formation : Gross Fixed Capital Formation : Non:Government : Oil,-15.63,2015-03
2015,Q1,Growth Rates Y-o-Y,Net Exports : Imports of Goods & Services,-9.26,2015-03
2015,Q1,Growth Rates Y-o-Y,Gross Domestic Product,-12.25,2015-03
2015,Q2,Growth Rates Y-o-Y,Gross Final Consumption Expenditure,13.43,2015-06
2015,Q3,Growth Rates Y-o-Y,Gross Capital Formation : Gross Fixed Capital Formation,11.24,2015-09
2015,Q3,Growth Rates Y-o-Y,Gross Capital Formation : Gross Fixed Capital Formation : Non:Government,4.76,2015-09
2015,Q3,Growth Rates Y-o-Y,Gross Capital Formation : Gross Fixed Capital Formation : Non:Government : Oil,-8.38,2015-09
2015,Q4,Growth Rates Y-o-Y,Gross Final Consumption Expenditure : Private Final Consumption Expenditure,9.53,2015-12
2015,Q4,Growth Rates Y-o-Y,Net Exports : Exports of Goods & Services,-34.4,2015-12
2016,Q1,Growth Rates Y-o-Y,Gross Capital Formation,0.21,2016-03
2016,Q1,Growth Rates Y-o-Y,Net Exports : Imports of Goods & Services,-8.67,2016-03
2016,Q3,Growth Rates Y-o-Y,Gross Final Consumption Expenditure : Private Final Consumption Expenditure,12.0,2016-09
2016,Q3,Growth Rates Y-o-Y,Gross Capital Formation : Gross Fixed Capital Formation,-24.26,2016-09
2016,Q3,Growth Rates Y-o-Y,Net Exports : Imports of Goods & Services,-32.78,2016-09
2016,Q4,Growth Rates Y-o-Y,Gross Final Consumption Expenditure,9.64,2016-12
2016,Q4,Growth Rates Y-o-Y,Gross Capital Formation : Gross Fixed Capital Formation : Non:Government : Oil,1.38,2016-12
2016,Q4,Growth Rates Y-o-Y,Net Exports : Imports of Goods & Services,-16.99,2016-12
2016,Q4,Growth Rates Y-o-Y,Gross Domestic Product,11.82,2016-12
2017,Q1,Growth Rates Y-o-Y,Gross Final Consumption Expenditure : Govt. Final Consumption Expenditure,-13.47,2017-03
2017,Q1,Growth Rates Y-o-Y,Domestic Final Demand,-3.65,2017-03
2017,Q1,Growth Rates Y-o-Y,Net Exports : Imports of Goods & Services,-10.62,2017-03
2017,Q2,Growth Rates Y-o-Y,Gross Final Consumption Expenditure,1.48,2017-06
2017,Q2,Growth Rates Y-o-Y,Gross Final Consumption Expenditure : Govt. Final Consumption Expenditure,-5.44,2017-06
2017,Q3,Growth Rates Y-o-Y,Gross Capital Formation,4.09,2017-09
2017,Q3,Growth Rates Y-o-Y,Gross Capital Formation : Gross Fixed Capital Formation : Government,-17.46,2017-09
2017,Q3,Growth Rates Y-o-Y,Gross Capital Formation : Gross Fixed Capital Formation : Non:Government : Oil,53.31,2017-09
2017,Q3,Growth Rates Y-o-Y,Gross Capital Formation : Gross Fixed Capital Formation : Non:Government : Non-Oil,-0.16,2017-09
2017,Q3,Growth Rates Y-o-Y,Domestic Final Demand,6.47,2017-09
2018,Q1,Growth Rates Y-o-Y,Gross Final Consumption Expenditure : Govt. Final Consumption Expenditure,10.9,2018-03
2018,Q1,Growth Rates Y-o-Y,Domestic Final Demand,12.53,2018-03
2018,Q2,Growth Rates Y-o-Y,Domestic Final Demand,9.33,2018-06
2018,Q2,Growth Rates Y-o-Y,Net Exports : Imports of Goods & Services,-2.45,2018-06
2018,Q3,Growth Rates Y-o-Y,Gross Final Consumption Expenditure : Private Final Consumption Expenditure,10.86,2018-09
2018,Q3,Growth Rates Y-o-Y,Gross Capital Formation : Gross Fixed Capital Formation,10.17,2018-09
2018,Q3,Growth Rates Y-o-Y,Net Exports : Exports of Goods & Services,42.03,2018-09
2018,Q3,Growth Rates Y-o-Y,Gross Domestic Product,20.8,2018-09
2018,Q4,Growth Rates Y-o-Y,Gross Capital Formation : Gross Fixed Capital Formation : Non:Government : Oil,5.83,2018-12
2019,Q1,Growth Rates Y-o-Y,Gross Final Consumption Expenditure,5.23,2019-03
2019,Q1,Growth Rates Y-o-Y,Gross Final Consumption Expenditure : Private Final Consumption Expenditure,4.58,2019-03
2019,Q1,Growth Rates Y-o-Y,Gross Capital Formation,-7.08,2019-03
2019,Q1,Growth Rates Y-o-Y,Gross Capital Formation : Gross Fixed Capital Formation : Non:Government : Oil,-0.22,2019-03
2019,Q1,Growth Rates Y-o-Y,Net Exports : Imports of Goods & Services,1.02,2019-03
2019,Q2,Growth Rates Y-o-Y,Gross Final Consumption Expenditure,0.67,2019-06
2019,Q2,Growth Rates Y-o-Y,Gross Final Consumption Expenditure : Govt. Final Consumption Expenditure,-4.26,2019-06
2019,Q2,Growth Rates Y-o-Y,Gross Final Consumption Expenditure : Private Final Consumption Expenditure,3.42,2019-06
2019,Q3,Growth Rates Y-o-Y,Gross Final Consumption Expenditure : Private Final Consumption Expenditure,4.1,2019-09
2019,Q3,Growth Rates Y-o-Y,Gross Capital Formation : Gross Fixed Capital Formation,14.33,2019-09
2019,Q3,Growth Rates Y-o-Y,Gross Capital Formation : Gross Fixed Capital Formation : Government,-7.96,2019-09
2019,Q3,Growth Rates Y-o-Y,Domestic Final Demand,8.87,2019-09
2019,Q4,Growth Rates Y-o-Y,Gross Final Consumption Expenditure : Private Final Consumption Expenditure,5.28,2019-12
2019,Q4,Growth Rates Y-o-Y,Gross Capital Formation : Gross Fixed Capital Formation,-1.48,2019-12
2020,Q1,Growth Rates Y-o-Y,Gross Final Consumption Expenditure : Private Final Consumption Expenditure,0.28,2020-03
2020,Q1,Growth Rates Y-o-Y,Gross Capital Formation : Gross Fixed Capital Formation,3.93,2020-03
2020,Q1,Growth Rates Y-o-Y,Gross Capital Formation : Gross Fixed Capital Formation : Government,-7.43,2020-03
2020,Q2,Growth Rates Y-o-Y,Net Exports : Exports of Goods & Services,-54.97,2020-06
2020,Q3,Growth Rates Y-o-Y,Gross Final Consumption Expenditure : Govt. Final Consumption Expenditure,2.4,2020-09
2020,Q4,Growth Rates Y-o-Y,Gross Capital Formation : Gross Fixed Capital Formation : Government,38.14,2020-12
2020,Q4,Growth Rates Y-o-Y,Net Exports : Imports of Goods & Services,-16.34,2020-12
2021,Q1,Growth Rates Y-o-Y,Net Exports : Imports of Goods & Services,5.38,2021-03
2021,Q2,Growth Rates Y-o-Y,Gross Capital Formation,13.11,2021-06
2021,Q2,Growth Rates Y-o-Y,Net Exports : Exports of Goods & Services,93.68,2021-06
2021,Q2,Growth Rates Y-o-Y,Net Exports : Imports of Goods & Services,9.23,2021-06
2021,Q3,Growth Rates Y-o-Y,Gross Final Consumption Expenditure,8.18,2021-09
2021,Q3,Growth Rates Y-o-Y,Gross Final Consumption Expenditure : Govt. Final Consumption Expenditure,-1.02,2021-09
2021,Q3,Growth Rates Y-o-Y,Gross Capital Formation : Gross Fixed Capital Formation,26.34,2021-09
2021,Q3,Growth Rates Y-o-Y,Gross Capital Formation : Gross Fixed Capital Formation : Non:Government : Oil,4.33,2021-09
2021,Q3,Growth Rates Y-o-Y,Gross Capital Formation : Gross Fixed Capital Formation : Non:Government : Non-Oil,49.48,2021-09
2021,Q3,Growth Rates Y-o-Y,Domestic Final Demand,21.11,2021-09
2021,Q4,Growth Rates Y-o-Y,Gross Final Consumption Expenditure : Govt. Final Consumption Expenditure,-0.35,2021-12
2021,Q4,Growth Rates Y-o-Y,Net Exports : Exports of Goods & Services,80.11,2021-12
2021,Q4,Growth Rates Y-o-Y,Net Exports : Imports of Goods & Services,27.83,2021-12
2022,Q1,Growth Rates Y-o-Y,Gross Capital Formation : Gross Fixed Capital Formation : Non:Government,17.8,2022-03
2022,Q1,Growth Rates Y-o-Y,Net Exports : Imports of Goods & Services,8.29,2022-03
2022,Q2,Growth Rates Y-o-Y,Gross Final Consumption Expenditure,12.53,2022-06
2022,Q2,Growth Rates Y-o-Y,Gross Capital Formation : Gross Fixed Capital Formation : Government,83.63,2022-06
2022,Q2,Growth Rates Y-o-Y,Domestic Final Demand,23.23,2022-06
2022,Q3,Growth Rates Y-o-Y,Gross Capital Formation : Gross Fixed Capital Formation : Non:Government : Non-Oil,30.88,2022-09
2022,Q3,Growth Rates Y-o-Y,Net Exports : Imports of Goods & Services,20.36,2022-09
2022,Q4,Growth Rates Y-o-Y,Gross Capital Formation : Gross Fixed Capital Formation : Government,12.92,2022-12
2022,Q4,Growth Rates Y-o-Y,Gross Capital Formation : Gross Fixed Capital Formation : Non:Government : Non-Oil,39.32,2022-12
2022,Q4,Growth Rates Y-o-Y,Net Exports : Exports of Goods & Services,14.73,2022-12
2023,Q1,Growth Rates Y-o-Y,Gross Capital Formation,33.29,2023-03
2023,Q1,Growth Rates Y-o-Y,Gross Capital Formation : Gross Fixed Capital Formation : Non:Government : Oil,27.92,2023-03
2023,Q1,Growth Rates Y-o-Y,Gross Domestic Product,7.0,2023-03
2023,Q2,Growth Rates Y-o-Y,Gross Final Consumption Expenditure : Govt. Final Consumption Expenditure,1.88,2023-06
2023,Q2,Growth Rates Y-o-Y,Gross Capital Formation : Gross Fixed Capital Formation : Non:Government : Non-Oil,8.57,2023-06
2023,Q2,Growth Rates Y-o-Y,Net Exports : Exports of Goods & Services,-20.7,2023-06
2023,Q3,Growth Rates Y-o-Y,Gross Final Consumption Expenditure : Govt. Final Consumption Expenditure,7.57,2023-09
2023,Q3,Growth Rates Y-o-Y,Gross Capital Formation : Gross Fixed Capital Formation,6.92,2023-09
2023,Q4,Growth Rates Y-o-Y,Gross Final Consumption Expenditure,7.05,2023-12
2023,Q4,Growth Rates Y-o-Y,Gross Capital Formation,6.31,2023-12
2023,Q4,Growth Rates Y-o-Y,Domestic Final Demand,6.83,2023-12
2023,Q4,Growth Rates Y-o-Y,Net Exports : Imports of Goods & Services,12.0,2023-12
2024,Q1,Growth Rates Y-o-Y,Gross Final Consumption Expenditure : Private Final Consumption Expenditure,3.77,2024-03
2024,Q1,Growth Rates Y-o-Y,Gross Capital Formation,2.53,2024-03
2024,Q1,Growth Rates Y-o-Y,Gross Capital Formation : Gross Fixed Capital Formation : Non:Government : Oil,48.25,2024-03
2024,Q1,Growth Rates Y-o-Y,Domestic Final Demand,3.99,2024-03
2024,Q2,Growth Rates Y-o-Y,Gross Capital Formation : Gross Fixed Capital Formation : Non:Government : Oil,33.86,2024-06
2024,Q2,Growth Rates Y-o-Y,Domestic Final Demand,8.38,2024-06
2024,Q3,Growth Rates Y-o-Y,Domestic Final Demand,6.12,2024-09
2024,Q4,Growth Rates Y-o-Y,Domestic Final Demand,7.77,2024-12
2024,Q4,Growth Rates Y-o-Y,Net Exports : Imports of Goods & Services,14.78,2024-12
2024,Q4,Growth Rates Y-o-Y,Gross Domestic Product,2.92,2024-12
2025,Q1,Growth Rates Y-o-Y,Gross Capital Formation : Gross Fixed Capital Formation : Government,-21.69,2025-03
2025,Q1,Growth Rates Y-o-Y,Gross Capital Formation : Gross Fixed Capital Formation : Non:Government,11.18,2025-03
2025,Q1,Growth Rates Y-o-Y,Gross Capital Formation : Gross Fixed Capital Formation : Non:Government : Non-Oil,9.81,2025-03
2025,Q1,Growth Rates Y-o-Y,Net Exports : Exports of Goods & Services,0.46,2025-03
2025,Q2,Growth Rates Y-o-Y,Gross Capital Formation : Gross Fixed Capital Formation,-6.31,2025-06
2025,Q2,Growth Rates Y-o-Y,Gross Capital Formation : Gross Fixed Capital Formation : Non:Government : Oil,-35.99,2025-06
2025,Q3,Growth Rates Y-o-Y,Gross Final Consumption Expenditure : Private Final Consumption Expenditure,4.69,2025-09
2025,Q3,Growth Rates Y-o-Y,Gross Capital Formation,-3.99,2025-09
2025,Q4,Growth Rates Y-o-Y,Gross Final Consumption Expenditure : Govt. Final Consumption Expenditure,-7.67,2025-12
2025,Q4,Growth Rates Y-o-Y,Gross Capital Formation : Gross Fixed Capital Formation : Non:Government : Oil,0.78,2025-12
2010,Q1,Million of Saudi Riyals,Gross Capital Formation,142266.0,2010-03
2010,Q1,Million of Saudi Riyals,Net Exports : Imports of Goods & Services,142902.0,2010-03
2010,Q2,Million of Saudi Riyals,Gross Capital Formation : Gross Fixed Capital Formation,113288.0,2010-06
2010,Q2,Million of Saudi Riyals,Gross Capital Formation : Gross Fixed Capital Formation : Government,32624.0,2010-06
2010,Q2,Million of Saudi Riyals,Gross Capital Formation : Change in Inventories,39375.0,2010-06
2010,Q2,Million of Saudi Riyals,Net Exports : Imports of Goods & Services,175271.0,2010-06
2010,Q3,Million of Saudi Riyals,Gross Final Consumption Expenditure : Govt. Final Consumption Expenditure,87034.0,2010-09
2010,Q3,Million of Saudi Riyals,Gross Final Consumption Expenditure : Private Final Consumption Expenditure,161981.0,2010-09
2010,Q3,Million of Saudi Riyals,Gross Capital Formation,160473.0,2010-09
2010,Q3,Million of Saudi Riyals,Gross Capital Formation : Gross Fixed Capital Formation,109903.0,2010-09
2010,Q4,Million of Saudi Riyals,Gross Final Consumption Expenditure,275662.0,2010-12
2010,Q4,Million of Saudi Riyals,Gross Capital Formation,157177.0,2010-12
2010,Q4,Million of Saudi Riyals,Net Exports,110130.0,2010-12
2010,Q4,Million of Saudi Riyals,Gross Domestic Product,542969.0,2010-12
2011,Q1,Million of Saudi Riyals,Gross Capital Formation,142902.0,2011-03
2011,Q1,Million of Saudi Riyals,Gross Capital Formation : Change in Inventories,-11081.0,2011-03
2011,Q1,Million of Saudi Riyals,Net Exports,156239.0,2011-03
2011,Q2,Million of Saudi Riyals,Gross Final Consumption Expenditure : Govt. Final Consumption Expenditure,141446.0,2011-06
2011,Q2,Million of Saudi Riyals,Gross Capital Formation : Gross Fixed Capital Formation : Non:Government : Oil,16171.0,2011-06
2011,Q3,Million of Saudi Riyals,Gross Final Consumption Expenditure,305745.0,2011-09
2011,Q3,Million of Saudi Riyals,Gross Final Consumption Expenditure : Govt. Final Consumption Expenditure,125904.0,2011-09
2011,Q3,Million of Saudi Riyals,Net Exports,159109.0,2011-09
2011,Q3,Million of Saudi Riyals,Net Exports : Imports of Goods & Services,205007.0,2011-09
2011,Q3,Million of Saudi Riyals,Gross Domestic Product,645462.0,2011-09
2011,Q4,Million of Saudi Riyals,Domestic Final Demand,475815.0,2011-12
2011,Q4,Million of Saudi Riyals,Net Exports : Imports of Goods & Services,190798.0,2011-12
2012,Q1,Million of Saudi Riyals,Net Exports : Imports of Goods & Services,195678.0,2012-03
2012,Q2,Million of Saudi Riyals,Gross Final Consumption Expenditure : Govt. Final Consumption Expenditure,136036.0,2012-06
2012,Q2,Million of Saudi Riyals,Gross Capital Formation : Change in Inventories,53880.0,2012-06
2012,Q2,Million of Saudi Riyals,Net Exports,166291.0,2012-06
2012,Q3,Million of Saudi Riyals,Gross Capital Formation : Gross Fixed Capital Formation : Non:Government : Oil,11030.0,2012-09
2012,Q3,Million of Saudi Riyals,Gross Capital Formation : Gross Fixed Capital Formation : Non:Government : Non-Oil,81702.0,2012-09
2012,Q3,Million of Saudi Riyals,Net Exports : Exports of Goods & Services,355656.0,2012-09
2012,Q3,Million of Saudi Riyals,Net Exports : Imports of Goods & Services,199622.0,2012-09
2012,Q3,Million of Saudi Riyals,Gross Domestic Product,703676.0,2012-09
2012,Q4,Million of Saudi Riyals,Gross Final Consumption Expenditure : Private Final Consumption Expenditure,204764.0,2012-12
2012,Q4,Million of Saudi Riyals,Net Exports : Exports of Goods & Services,369100.0,2012-12
2013,Q1,Million of Saudi Riyals,Gross Final Consumption Expenditure,366325.0,2013-03
2013,Q1,Million of Saudi Riyals,Gross Capital Formation,206004.0,2013-03
2013,Q1,Million of Saudi Riyals,Gross Capital Formation : Gross Fixed Capital Formation : Non:Government : Oil,17013.0,2013-03
2013,Q1,Million of Saudi Riyals,Gross Capital Formation : Change in Inventories,24845.0,2013-03
2013,Q1,Million of Saudi Riyals,Domestic Final Demand,572329.0,2013-03
2013,Q1,Million of Saudi Riyals,Net Exports : Imports of Goods & Services,209618.0,2013-03
2013,Q2,Million of Saudi Riyals,Gross Domestic Product,721647.0,2013-06
2013,Q3,Million of Saudi Riyals,Gross Final Consumption Expenditure,371592.0,2013-09
2013,Q3,Million of Saudi Riyals,Gross Capital Formation : Gross Fixed Capital Formation : Non:Government : Oil,15554.0,2013-09
2013,Q3,Million of Saudi Riyals,Gross Capital Formation : Gross Fixed Capital Formation : Non:Government : Non-Oil,89239.0,2013-09
2013,Q4,Million of Saudi Riyals,Gross Capital Formation : Gross Fixed Capital Formation : Non:Government,109972.0,2013-12
2014,Q1,Million of Saudi Riyals,Gross Capital Formation : Gross Fixed Capital Formation : Non:Government,117271.0,2014-03
2014,Q1,Million of Saudi Riyals,Gross Capital Formation : Change in Inventories,3284.0,2014-03
2014,Q1,Million of Saudi Riyals,Gross Domestic Product,762832.0,2014-03
2014,Q2,Million of Saudi Riyals,Gross Capital Formation : Change in Inventories,17457.0,2014-06
2014,Q2,Million of Saudi Riyals,Domestic Final Demand,626404.0,2014-06
2014,Q2,Million of Saudi Riyals,Gross Domestic Product,763677.0,2014-06
2014,Q3,Million of Saudi Riyals,Gross Capital Formation : Gross Fixed Capital Formation : Non:Government,117096.0,2014-09
2014,Q4,Million of Saudi Riyals,Gross Final Consumption Expenditure,439942.0,2014-12
2014,Q4,Million of Saudi Riyals,Gross Final Consumption Expenditure : Govt. Final Consumption Expenditure,184717.0,2014-12
2014,Q4,Million of Saudi Riyals,Gross Capital Formation : Change in Inventories,3123.0,2014-12
2014,Q4,Million of Saudi Riyals,Net Exports,17945.0,2014-12
2014,Q4,Million of Saudi Riyals,Net Exports : Imports of Goods & Services,249150.0,2014-12
2015,Q1,Million of Saudi Riyals,Gross Final Consumption Expenditure,484851.0,2015-03
2015,Q1,Million of Saudi Riyals,Gross Capital Formation : Gross Fixed Capital Formation : Non:Government : Non-Oil,101389.0,2015-03
2015,Q2,Million of Saudi Riyals,Gross Final Consumption Expenditure,485223.0,2015-06
2015,Q2,Million of Saudi Riyals,Gross Capital Formation : Gross Fixed Capital Formation : Non:Government : Non-Oil,102158.0,2015-06
2015,Q3,Million of Saudi Riyals,Net Exports : Exports of Goods & Services,202590.0,2015-09
2015,Q4,Million of Saudi Riyals,Gross Capital Formation,208269.0,2015-12
2015,Q4,Million of Saudi Riyals,Gross Capital Formation : Gross Fixed Capital Formation,178945.0,2015-12
2015,Q4,Million of Saudi Riyals,Gross Capital Formation : Gross Fixed Capital Formation : Non:Government,119814.0,2015-12
2015,Q4,Million of Saudi Riyals,Net Exports : Imports of Goods & Services,227960.0,2015-12
2016,Q1,Million of Saudi Riyals,Gross Capital Formation : Gross Fixed Capital Formation : Non:Government : Non-Oil,114323.0,2016-03
2016,Q1,Million of Saudi Riyals,Net Exports : Imports of Goods & Services,198188.0,2016-03
2016,Q2,Million of Saudi Riyals,Gross Final Consumption Expenditure : Govt. Final Consumption Expenditure,158122.0,2016-06
2016,Q2,Million of Saudi Riyals,Gross Capital Formation : Gross Fixed Capital Formation,170862.0,2016-06
2016,Q2,Million of Saudi Riyals,Net Exports : Exports of Goods & Services,191933.0,2016-06
2016,Q3,Million of Saudi Riyals,Gross Capital Formation : Gross Fixed Capital Formation : Government,34326.0,2016-09
2016,Q3,Million of Saudi Riyals,Net Exports : Exports of Goods & Services,195282.0,2016-09
2016,Q3,Million of Saudi Riyals,Net Exports : Imports of Goods & Services,161835.0,2016-09
2016,Q4,Million of Saudi Riyals,Gross Final Consumption Expenditure : Private Final Consumption Expenditure,296275.0,2016-12
2017,Q1,Million of Saudi Riyals,Gross Capital Formation,182569.0,2017-03
2017,Q2,Million of Saudi Riyals,Gross Capital Formation : Gross Fixed Capital Formation : Non:Government : Oil,23749.0,2017-06
2017,Q2,Million of Saudi Riyals,Net Exports : Imports of Goods & Services,200063.0,2017-06
2017,Q3,Million of Saudi Riyals,Gross Capital Formation,179429.0,2017-09
2017,Q3,Million of Saudi Riyals,Gross Capital Formation : Gross Fixed Capital Formation : Government,28334.0,2017-09
2017,Q3,Million of Saudi Riyals,Gross Capital Formation : Gross Fixed Capital Formation : Non:Government : Oil,26958.0,2017-09
2017,Q3,Million of Saudi Riyals,Gross Domestic Product,697938.0,2017-09
2017,Q4,Million of Saudi Riyals,Gross Capital Formation : Gross Fixed Capital Formation : Non:Government,116450.0,2017-12
2017,Q4,Million of Saudi Riyals,Domestic Final Demand,676662.0,2017-12
2018,Q1,Million of Saudi Riyals,Gross Final Consumption Expenditure : Govt. Final Consumption Expenditure,150514.0,2018-03
2018,Q1,Million of Saudi Riyals,Gross Capital Formation : Gross Fixed Capital Formation,172379.0,2018-03
2018,Q2,Million of Saudi Riyals,Gross Capital Formation : Gross Fixed Capital Formation : Non:Government,145739.0,2018-06
2018,Q2,Million of Saudi Riyals,Gross Capital Formation : Change in Inventories,-5868.0,2018-06
2018,Q2,Million of Saudi Riyals,Domestic Final Demand,740437.0,2018-06
2018,Q3,Million of Saudi Riyals,Gross Capital Formation,186382.0,2018-09
2018,Q3,Million of Saudi Riyals,Gross Domestic Product,843111.0,2018-09
2018,Q4,Million of Saudi Riyals,Gross Final Consumption Expenditure : Private Final Consumption Expenditure,349729.0,2018-12
2018,Q4,Million of Saudi Riyals,Gross Capital Formation,162402.0,2018-12
2018,Q4,Million of Saudi Riyals,Gross Capital Formation : Gross Fixed Capital Formation : Non:Government : Oil,29236.0,2018-12
2018,Q4,Million of Saudi Riyals,Domestic Final Demand,766758.0,2018-12
2019,Q1,Million of Saudi Riyals,Gross Domestic Product,791540.0,2019-03
2019,Q2,Million of Saudi Riyals,Gross Final Consumption Expenditure,561503.0,2019-06
2019,Q2,Million of Saudi Riyals,Gross Final Consumption Expenditure : Govt. Final Consumption Expenditure,191188.0,2019-06
2019,Q2,Million of Saudi Riyals,Gross Capital Formation : Gross Fixed Capital Formation : Government,56146.0,2019-06
2019,Q2,Million of Saudi Riyals,Gross Domestic Product,846688.0,2019-06
2019,Q3,Million of Saudi Riyals,Gross Final Consumption Expenditure,561860.0,2019-09
2019,Q3,Million of Saudi Riyals,Gross Capital Formation : Gross Fixed Capital Formation : Government,32027.0,2019-09
2019,Q3,Million of Saudi Riyals,Gross Capital Formation : Gross Fixed Capital Formation : Non:Government,146606.0,2019-09
2019,Q3,Million of Saudi Riyals,Domestic Final Demand,778913.0,2019-09
2019,Q3,Million of Saudi Riyals,Gross Domestic Product,837803.0,2019-09
2019,Q4,Million of Saudi Riyals,Gross Capital Formation : Gross Fixed Capital Formation,193670.0,2019-12
2019,Q4,Million of Saudi Riyals,Net Exports : Imports of Goods & Services,213440.0,2019-12
2019,Q4,Million of Saudi Riyals,Gross Domestic Product,857307.0,2019-12
2020,Q1,Million of Saudi Riyals,Gross Capital Formation,177476.0,2020-03
2020,Q1,Million of Saudi Riyals,Net Exports,30322.0,2020-03
2020,Q1,Million of Saudi Riyals,Net Exports : Exports of Goods & Services,209559.0,2020-03
2020,Q3,Million of Saudi Riyals,Gross Final Consumption Expenditure,565313.0,2020-09
2020,Q3,Million of Saudi Riyals,Gross Capital Formation : Gross Fixed Capital Formation,167178.0,2020-09
2020,Q3,Million of Saudi Riyals,Gross Capital Formation : Gross Fixed Capital Formation : Non:Government : Oil,26593.0,2020-09
2020,Q3,Million of Saudi Riyals,Net Exports,10174.0,2020-09
2020,Q3,Million of Saudi Riyals,Net Exports : Exports of Goods & Services,165663.0,2020-09
2020,Q3,Million of Saudi Riyals,Net Exports : Imports of Goods & Services,155489.0,2020-09
2020,Q4,Million of Saudi Riyals,Gross Capital Formation,135377.0,2020-12
2020,Q4,Million of Saudi Riyals,Gross Domestic Product,761568.0,2020-12
2021,Q1,Million of Saudi Riyals,Gross Final Consumption Expenditure : Private Final Consumption Expenditure,391586.0,2021-03
2021,Q1,Million of Saudi Riyals,Gross Capital Formation,232726.0,2021-03
2021,Q1,Million of Saudi Riyals,Gross Capital Formation : Gross Fixed Capital Formation : Non:Government : Oil,17139.0,2021-03
2021,Q1,Million of Saudi Riyals,Gross Capital Formation : Change in Inventories,11044.0,2021-03
2021,Q1,Million of Saudi Riyals,Net Exports,25610.0,2021-03
2021,Q1,Million of Saudi Riyals,Net Exports : Exports of Goods & Services,214496.0,2021-03
2021,Q1,Million of Saudi Riyals,Gross Domestic Product,823010.0,2021-03
2021,Q2,Million of Saudi Riyals,Gross Final Consumption Expenditure,603498.0,2021-06
2021,Q2,Million of Saudi Riyals,Gross Final Consumption Expenditure : Private Final Consumption Expenditure,408795.0,2021-06
2021,Q2,Million of Saudi Riyals,Gross Capital Formation,227347.0,2021-06
2021,Q2,Million of Saudi Riyals,Gross Capital Formation : Gross Fixed Capital Formation,208881.0,2021-06
2021,Q3,Million of Saudi Riyals,Gross Final Consumption Expenditure : Private Final Consumption Expenditure,425717.0,2021-09
2021,Q3,Million of Saudi Riyals,Gross Capital Formation : Gross Fixed Capital Formation : Government,25870.0,2021-09
2021,Q3,Million of Saudi Riyals,Gross Capital Formation : Gross Fixed Capital Formation : Non:Government : Oil,27746.0,2021-09
2021,Q3,Million of Saudi Riyals,Gross Capital Formation : Change in Inventories,52754.0,2021-09
2021,Q3,Million of Saudi Riyals,Net Exports : Exports of Goods & Services,283941.0,2021-09
2021,Q4,Million of Saudi Riyals,Gross Capital Formation : Gross Fixed Capital Formation,225091.0,2021-12
2022,Q1,Million of Saudi Riyals,Gross Final Consumption Expenditure,615691.0,2022-03
2022,Q1,Million of Saudi Riyals,Gross Final Consumption Expenditure : Govt. Final Consumption Expenditure,183586.0,2022-03
2022,Q1,Million of Saudi Riyals,Gross Capital Formation : Gross Fixed Capital Formation : Non:Government : Oil,27187.0,2022-03
2022,Q1,Million of Saudi Riyals,Net Exports : Exports of Goods & Services,389737.0,2022-03
2022,Q2,Million of Saudi Riyals,Gross Final Consumption Expenditure,679109.0,2022-06
2022,Q2,Million of Saudi Riyals,Gross Final Consumption Expenditure : Private Final Consumption Expenditure,458314.0,2022-06
2022,Q2,Million of Saudi Riyals,Gross Capital Formation : Gross Fixed Capital Formation : Non:Government : Oil,36335.0,2022-06
2022,Q3,Million of Saudi Riyals,Gross Capital Formation,312826.0,2022-09
2022,Q3,Million of Saudi Riyals,Gross Capital Formation : Gross Fixed Capital Formation : Non:Government,246999.0,2022-09
2022,Q3,Million of Saudi Riyals,Gross Capital Formation : Gross Fixed Capital Formation : Non:Government : Oil,40752.0,2022-09
2022,Q3,Million of Saudi Riyals,Gross Domestic Product,1199420.0,2022-09
2023,Q1,Million of Saudi Riyals,Gross Final Consumption Expenditure,702747.0,2023-03
2023,Q2,Million of Saudi Riyals,Gross Final Consumption Expenditure,720298.0,2023-06
2023,Q3,Million of Saudi Riyals,Gross Final Consumption Expenditure : Govt. Final Consumption Expenditure,229680.0,2023-09
2023,Q3,Million of Saudi Riyals,Gross Final Consumption Expenditure : Private Final Consumption Expenditure,513752.0,2023-09
2023,Q3,Million of Saudi Riyals,Gross Capital Formation : Gross Fixed Capital Formation,311832.0,2023-09
2023,Q4,Million of Saudi Riyals,Gross Final Consumption Expenditure,782019.0,2023-12
2023,Q4,Million of Saudi Riyals,Gross Capital Formation : Gross Fixed Capital Formation : Government,69875.0,2023-12
2023,Q4,Million of Saudi Riyals,Gross Capital Formation : Gross Fixed Capital Formation : Non:Government : Oil,32793.0,2023-12
2024,Q1,Million of Saudi Riyals,Gross Capital Formation : Gross Fixed Capital Formation,359406.0,2024-03
2024,Q1,Million of Saudi Riyals,Gross Capital Formation : Gross Fixed Capital Formation : Government,31795.0,2024-03
2024,Q1,Million of Saudi Riyals,Gross Domestic Product,1163668.0,2024-03
2024,Q3,Million of Saudi Riyals,Gross Capital Formation : Gross Fixed Capital Formation : Non:Government,295899.0,2024-09
2024,Q3,Million of Saudi Riyals,Gross Capital Formation : Gross Fixed Capital Formation : Non:Government : Oil,56283.0,2024-09
2024,Q4,Million of Saudi Riyals,Gross Final Consumption Expenditure,799722.0,2024-12
2024,Q4,Million of Saudi Riyals,Gross Final Consumption Expenditure : Private Final Consumption Expenditure,522575.0,2024-12
2024,Q4,Million of Saudi Riyals,Gross Capital Formation,391283.0,2024-12
2024,Q4,Million of Saudi Riyals,Gross Domestic Product,1186857.0,2024-12
2025,Q2,Million of Saudi Riyals,Gross Capital Formation : Gross Fixed Capital Formation,336780.0,2025-06
2025,Q2,Million of Saudi Riyals,Gross Capital Formation : Gross Fixed Capital Formation : Government,36907.0,2025-06
2025,Q2,Million of Saudi Riyals,Domestic Final Demand,1189118.0,2025-06
2025,Q3,Million of Saudi Riyals,Gross Domestic Product,1195025.0,2025-09
2025,Q4,Million of Saudi Riyals,Net Exports,18348.0,2025-12
2011,Q1,Growth Rates Y-o-Y,Domestic Final Demand,12.62,2011-03
2011,Q2,Growth Rates Y-o-Y,Gross Final Consumption Expenditure : Private Final Consumption Expenditure,3.1,2011-06
2011,Q2,Growth Rates Y-o-Y,Gross Capital Formation : Gross Fixed Capital Formation : Non:Government : Non-Oil,8.52,2011-06
2011,Q2,Growth Rates Y-o-Y,Domestic Final Demand,14.98,2011-06
2011,Q3,Growth Rates Y-o-Y,Gross Final Consumption Expenditure,22.78,2011-09
2011,Q3,Growth Rates Y-o-Y,Gross Final Consumption Expenditure : Govt. Final Consumption Expenditure,44.66,2011-09
2011,Q3,Growth Rates Y-o-Y,Gross Capital Formation,12.55,2011-09
2011,Q3,Growth Rates Y-o-Y,Net Exports : Imports of Goods & Services,25.8,2011-09
2011,Q4,Growth Rates Y-o-Y,Gross Final Consumption Expenditure : Govt. Final Consumption Expenditure,-12.02,2011-12
2011,Q4,Growth Rates Y-o-Y,Gross Capital Formation,22.82,2011-12
2011,Q4,Growth Rates Y-o-Y,Gross Capital Formation : Gross Fixed Capital Formation : Government,13.33,2011-12
2011,Q4,Growth Rates Y-o-Y,Gross Capital Formation : Gross Fixed Capital Formation : Non:Government : Oil,19.46,2011-12
2011,Q4,Growth Rates Y-o-Y,Net Exports : Imports of Goods & Services,10.84,2011-12
2012,Q1,Growth Rates Y-o-Y,Gross Final Consumption Expenditure,9.19,2012-03
2012,Q1,Growth Rates Y-o-Y,Gross Final Consumption Expenditure : Private Final Consumption Expenditure,18.23,2012-03
2012,Q1,Growth Rates Y-o-Y,Gross Capital Formation : Gross Fixed Capital Formation,17.45,2012-03
2012,Q1,Growth Rates Y-o-Y,Gross Capital Formation : Gross Fixed Capital Formation : Non:Government : Oil,-25.96,2012-03
2012,Q1,Growth Rates Y-o-Y,Gross Capital Formation : Gross Fixed Capital Formation : Non:Government : Non-Oil,12.41,2012-03
2012,Q2,Growth Rates Y-o-Y,Gross Final Consumption Expenditure : Private Final Consumption Expenditure,18.73,2012-06
2012,Q2,Growth Rates Y-o-Y,Gross Capital Formation : Gross Fixed Capital Formation,1.21,2012-06
2012,Q2,Growth Rates Y-o-Y,Gross Capital Formation : Gross Fixed Capital Formation : Non:Government,5.47,2012-06
2012,Q2,Growth Rates Y-o-Y,Domestic Final Demand,11.1,2012-06
2012,Q4,Growth Rates Y-o-Y,Gross Final Consumption Expenditure : Govt. Final Consumption Expenditure,16.08,2012-12
2012,Q4,Growth Rates Y-o-Y,Gross Capital Formation : Gross Fixed Capital Formation : Non:Government,9.28,2012-12
2012,Q4,Growth Rates Y-o-Y,Gross Capital Formation : Gross Fixed Capital Formation : Non:Government : Oil,-4.31,2012-12
2012,Q4,Growth Rates Y-o-Y,Domestic Final Demand,11.95,2012-12
2013,Q1,Growth Rates Y-o-Y,Gross Final Consumption Expenditure,12.44,2013-03
2013,Q1,Growth Rates Y-o-Y,Gross Final Consumption Expenditure : Govt. Final Consumption Expenditure,18.83,2013-03
2013,Q1,Growth Rates Y-o-Y,Gross Capital Formation : Gross Fixed Capital Formation : Non:Government,15.69,2013-03
2013,Q1,Growth Rates Y-o-Y,Gross Capital Formation : Gross Fixed Capital Formation : Non:Government : Non-Oil,11.3,2013-03
2013,Q2,Growth Rates Y-o-Y,Gross Final Consumption Expenditure : Govt. Final Consumption Expenditure,14.18,2013-06
2013,Q2,Growth Rates Y-o-Y,Gross Capital Formation : Gross Fixed Capital Formation : Non:Government : Non-Oil,10.0,2013-06
2013,Q3,Growth Rates Y-o-Y,Gross Capital Formation : Gross Fixed Capital Formation : Non:Government,13.01,2013-09
2013,Q3,Growth Rates Y-o-Y,Gross Capital Formation : Gross Fixed Capital Formation : Non:Government : Oil,41.02,2013-09
2013,Q3,Growth Rates Y-o-Y,Net Exports : Exports of Goods & Services,5.76,2013-09
2013,Q4,Growth Rates Y-o-Y,Gross Capital Formation : Gross Fixed Capital Formation : Non:Government : Oil,27.66,2013-12
2014,Q1,Growth Rates Y-o-Y,Gross Final Consumption Expenditure : Govt. Final Consumption Expenditure,37.96,2014-03
2014,Q1,Growth Rates Y-o-Y,Gross Domestic Product,7.07,2014-03
2014,Q2,Growth Rates Y-o-Y,Gross Capital Formation : Gross Fixed Capital Formation,19.71,2014-06
2014,Q2,Growth Rates Y-o-Y,Gross Capital Formation : Gross Fixed Capital Formation : Government,38.0,2014-06
2014,Q2,Growth Rates Y-o-Y,Gross Capital Formation : Gross Fixed Capital Formation : Non:Government : Oil,39.4,2014-06
2014,Q2,Growth Rates Y-o-Y,Gross Capital Formation : Gross Fixed Capital Formation : Non:Government : Non-Oil,6.63,2014-06
2014,Q2,Growth Rates Y-o-Y,Net Exports : Exports of Goods & Services,4.29,2014-06
2014,Q3,Growth Rates Y-o-Y,Gross Final Consumption Expenditure,16.03,2014-09
2014,Q3,Growth Rates Y-o-Y,Gross Final Consumption Expenditure : Private Final Consumption Expenditure,12.43,2014-09
2014,Q3,Growth Rates Y-o-Y,Net Exports : Exports of Goods & Services,-10.46,2014-09
2014,Q4,Growth Rates Y-o-Y,Gross Final Consumption Expenditure : Private Final Consumption Expenditure,10.96,2014-12
2014,Q4,Growth Rates Y-o-Y,Net Exports : Exports of Goods & Services,-29.84,2014-12
2014,Q4,Growth Rates Y-o-Y,Gross Domestic Product,-7.86,2014-12
2015,Q1,Growth Rates Y-o-Y,Gross Capital Formation : Gross Fixed Capital Formation,7.56,2015-03
2015,Q1,Growth Rates Y-o-Y,Gross Capital Formation : Gross Fixed Capital Formation : Non:Government,3.26,2015-03
2015,Q2,Growth Rates Y-o-Y,Gross Final Consumption Expenditure : Govt. Final Consumption Expenditure,11.31,2015-06
2015,Q2,Growth Rates Y-o-Y,Gross Final Consumption Expenditure : Private Final Consumption Expenditure,15.04,2015-06
2015,Q2,Growth Rates Y-o-Y,Gross Capital Formation : Gross Fixed Capital Formation : Non:Government,7.11,2015-06
2015,Q2,Growth Rates Y-o-Y,Gross Capital Formation : Gross Fixed Capital Formation : Non:Government : Oil,4.88,2015-06
2015,Q2,Growth Rates Y-o-Y,Domestic Final Demand,10.68,2015-06
2015,Q2,Growth Rates Y-o-Y,Net Exports : Imports of Goods & Services,7.39,2015-06
2015,Q2,Growth Rates Y-o-Y,Gross Domestic Product,-10.34,2015-06
2015,Q3,Growth Rates Y-o-Y,Gross Final Consumption Expenditure : Govt. Final Consumption Expenditure,1.17,2015-09
2015,Q3,Growth Rates Y-o-Y,Net Exports : Imports of Goods & Services,-6.66,2015-09
2015,Q3,Growth Rates Y-o-Y,Gross Domestic Product,-15.12,2015-09
2015,Q4,Growth Rates Y-o-Y,Gross Final Consumption Expenditure : Govt. Final Consumption Expenditure,-9.81,2015-12
2015,Q4,Growth Rates Y-o-Y,Gross Capital Formation : Gross Fixed Capital Formation : Government,-32.6,2015-12
2015,Q4,Growth Rates Y-o-Y,Gross Capital Formation : Gross Fixed Capital Formation : Non:Government,2.16,2015-12
2015,Q4,Growth Rates Y-o-Y,Gross Capital Formation : Gross Fixed Capital Formation : Non:Government : Non-Oil,7.8,2015-12
2016,Q1,Growth Rates Y-o-Y,Gross Capital Formation : Gross Fixed Capital Formation : Non:Government : Non-Oil,12.76,2016-03
2016,Q2,Growth Rates Y-o-Y,Gross Final Consumption Expenditure : Govt. Final Consumption Expenditure,-22.87,2016-06
2016,Q2,Growth Rates Y-o-Y,Gross Final Consumption Expenditure : Private Final Consumption Expenditure,8.39,2016-06
2016,Q2,Growth Rates Y-o-Y,Gross Capital Formation : Gross Fixed Capital Formation : Government,-44.31,2016-06
2016,Q3,Growth Rates Y-o-Y,Gross Capital Formation : Gross Fixed Capital Formation : Non:Government : Non-Oil,-15.7,2016-09
2016,Q4,Growth Rates Y-o-Y,Gross Final Consumption Expenditure : Govt. Final Consumption Expenditure,15.78,2016-12
2016,Q4,Growth Rates Y-o-Y,Gross Capital Formation : Gross Fixed Capital Formation,9.41,2016-12
2016,Q4,Growth Rates Y-o-Y,Gross Capital Formation : Gross Fixed Capital Formation : Government,50.19,2016-12
2016,Q4,Growth Rates Y-o-Y,Domestic Final Demand,-0.3,2016-12
2017,Q1,Growth Rates Y-o-Y,Gross Final Consumption Expenditure : Private Final Consumption Expenditure,3.42,2017-03
2017,Q2,Growth Rates Y-o-Y,Gross Capital Formation : Gross Fixed Capital Formation : Non:Government : Non-Oil,-3.16,2017-06
2017,Q2,Growth Rates Y-o-Y,Domestic Final Demand,3.0,2017-06
2017,Q3,Growth Rates Y-o-Y,Net Exports : Imports of Goods & Services,9.15,2017-09
2017,Q4,Growth Rates Y-o-Y,Gross Final Consumption Expenditure,10.21,2017-12
2017,Q4,Growth Rates Y-o-Y,Gross Capital Formation : Gross Fixed Capital Formation : Government,4.19,2017-12
2017,Q4,Growth Rates Y-o-Y,Net Exports : Imports of Goods & Services,6.42,2017-12
2017,Q4,Growth Rates Y-o-Y,Gross Domestic Product,8.25,2017-12
2018,Q1,Growth Rates Y-o-Y,Gross Final Consumption Expenditure,10.97,2018-03
2018,Q1,Growth Rates Y-o-Y,Gross Capital Formation,16.32,2018-03
2018,Q1,Growth Rates Y-o-Y,Gross Capital Formation : Gross Fixed Capital Formation : Non:Government : Oil,6.3,2018-03
2018,Q1,Growth Rates Y-o-Y,Gross Domestic Product,15.47,2018-03
2018,Q2,Growth Rates Y-o-Y,Gross Capital Formation,-12.44,2018-06
2018,Q2,Growth Rates Y-o-Y,Gross Capital Formation : Gross Fixed Capital Formation,16.84,2018-06
2018,Q2,Growth Rates Y-o-Y,Gross Capital Formation : Gross Fixed Capital Formation : Non:Government,10.5,2018-06
2018,Q3,Growth Rates Y-o-Y,Gross Capital Formation : Gross Fixed Capital Formation : Non:Government : Oil,19.55,2018-09
2018,Q3,Growth Rates Y-o-Y,Domestic Final Demand,9.25,2018-09
2018,Q4,Growth Rates Y-o-Y,Gross Final Consumption Expenditure : Govt. Final Consumption Expenditure,17.24,2018-12
2019,Q1,Growth Rates Y-o-Y,Net Exports : Exports of Goods & Services,3.22,2019-03
2019,Q2,Growth Rates Y-o-Y,Net Exports : Imports of Goods & Services,7.43,2019-06
2019,Q3,Growth Rates Y-o-Y,Gross Final Consumption Expenditure : Govt. Final Consumption Expenditure,10.81,2019-09
2019,Q3,Growth Rates Y-o-Y,Gross Capital Formation : Gross Fixed Capital Formation : Non:Government,20.72,2019-09
2019,Q3,Growth Rates Y-o-Y,Gross Domestic Product,-0.63,2019-09
2019,Q4,Growth Rates Y-o-Y,Gross Capital Formation : Gross Fixed Capital Formation : Government,-38.57,2019-12
2019,Q4,Growth Rates Y-o-Y,Gross Capital Formation : Gross Fixed Capital Formation : Non:Government,20.95,2019-12
2019,Q4,Growth Rates Y-o-Y,Gross Capital Formation : Gross Fixed Capital Formation : Non:Government : Non-Oil,22.61,2019-12
2019,Q4,Growth Rates Y-o-Y,Domestic Final Demand,5.13,2019-12
2020,Q1,Growth Rates Y-o-Y,Gross Final Consumption Expenditure : Govt. Final Consumption Expenditure,7.42,2020-03
2020,Q2,Growth Rates Y-o-Y,Gross Final Consumption Expenditure : Govt. Final Consumption Expenditure,-4.76,2020-06
2020,Q2,Growth Rates Y-o-Y,Gross Capital Formation,-8.73,2020-06
2020,Q3,Growth Rates Y-o-Y,Net Exports : Exports of Goods & Services,-36.79,2020-09
2020,Q4,Growth Rates Y-o-Y,Gross Final Consumption Expenditure : Govt. Final Consumption Expenditure,11.38,2020-12
2020,Q4,Growth Rates Y-o-Y,Gross Capital Formation : Gross Fixed Capital Formation : Non:Government : Oil,-26.23,2020-12
2021,Q1,Growth Rates Y-o-Y,Gross Final Consumption Expenditure,6.27,2021-03
2021,Q1,Growth Rates Y-o-Y,Gross Final Consumption Expenditure : Govt. Final Consumption Expenditure,0.34,2021-03
2021,Q1,Growth Rates Y-o-Y,Gross Final Consumption Expenditure : Private Final Consumption Expenditure,9.12,2021-03
2021,Q1,Growth Rates Y-o-Y,Gross Capital Formation,31.13,2021-03
2021,Q1,Growth Rates Y-o-Y,Gross Capital Formation : Gross Fixed Capital Formation,22.1,2021-03
2021,Q1,Growth Rates Y-o-Y,Domestic Final Demand,12.49,2021-03
2021,Q2,Growth Rates Y-o-Y,Gross Final Consumption Expenditure,22.85,2021-06
2021,Q2,Growth Rates Y-o-Y,Gross Final Consumption Expenditure : Govt. Final Consumption Expenditure,6.92,2021-06
2021,Q2,Growth Rates Y-o-Y,Gross Final Consumption Expenditure : Private Final Consumption Expenditure,32.24,2021-06
2021,Q2,Growth Rates Y-o-Y,Gross Capital Formation : Gross Fixed Capital Formation : Non:Government,40.69,2021-06
2021,Q2,Growth Rates Y-o-Y,Gross Capital Formation : Gross Fixed Capital Formation : Non:Government : Oil,4.98,2021-06
2021,Q3,Growth Rates Y-o-Y,Gross Final Consumption Expenditure : Private Final Consumption Expenditure,12.76,2021-09
2021,Q3,Growth Rates Y-o-Y,Gross Capital Formation : Gross Fixed Capital Formation : Government,-26.43,2021-09
2021,Q4,Growth Rates Y-o-Y,Gross Capital Formation : Gross Fixed Capital Formation,16.87,2021-12
2021,Q4,Growth Rates Y-o-Y,Domestic Final Demand,20.46,2021-12
2021,Q4,Growth Rates Y-o-Y,Gross Domestic Product,33.37,2021-12
2022,Q1,Growth Rates Y-o-Y,Gross Final Consumption Expenditure : Private Final Consumption Expenditure,10.35,2022-03
2022,Q1,Growth Rates Y-o-Y,Gross Capital Formation : Gross Fixed Capital Formation : Non:Government : Non-Oil,14.11,2022-03
2022,Q1,Growth Rates Y-o-Y,Net Exports : Exports of Goods & Services,81.7,2022-03
2022,Q2,Growth Rates Y-o-Y,Gross Capital Formation,51.63,2022-06
2022,Q2,Growth Rates Y-o-Y,Net Exports : Exports of Goods & Services,90.73,2022-06
2022,Q2,Growth Rates Y-o-Y,Net Exports : Imports of Goods & Services,41.04,2022-06
2022,Q3,Growth Rates Y-o-Y,Gross Final Consumption Expenditure,12.07,2022-09
2022,Q3,Growth Rates Y-o-Y,Gross Final Consumption Expenditure : Private Final Consumption Expenditure,10.83,2022-09
2022,Q3,Growth Rates Y-o-Y,Gross Capital Formation : Gross Fixed Capital Formation,38.09,2022-09
2022,Q3,Growth Rates Y-o-Y,Gross Capital Formation : Gross Fixed Capital Formation : Non:Government : Oil,46.88,2022-09
2022,Q3,Growth Rates Y-o-Y,Domestic Final Demand,14.01,2022-09
2022,Q3,Growth Rates Y-o-Y,Gross Domestic Product,24.74,2022-09
2022,Q4,Growth Rates Y-o-Y,Gross Final Consumption Expenditure : Govt. Final Consumption Expenditure,10.76,2022-12
2022,Q4,Growth Rates Y-o-Y,Gross Capital Formation,23.22,2022-12
2022,Q4,Growth Rates Y-o-Y,Gross Capital Formation : Gross Fixed Capital Formation : Non:Government,33.88,2022-12
2023,Q1,Growth Rates Y-o-Y,Gross Final Consumption Expenditure : Govt. Final Consumption Expenditure,17.71,2023-03
2023,Q2,Growth Rates Y-o-Y,Gross Final Consumption Expenditure,6.07,2023-06
2023,Q2,Growth Rates Y-o-Y,Domestic Final Demand,2.33,2023-06
2023,Q3,Growth Rates Y-o-Y,Gross Capital Formation : Gross Fixed Capital Formation : Non:Government : Oil,-0.21,2023-09
2023,Q3,Growth Rates Y-o-Y,Domestic Final Demand,9.43,2023-09
2023,Q3,Growth Rates Y-o-Y,Gross Domestic Product,-4.67,2023-09
2023,Q4,Growth Rates Y-o-Y,Gross Capital Formation : Gross Fixed Capital Formation,12.55,2023-12
2023,Q4,Growth Rates Y-o-Y,Gross Capital Formation : Gross Fixed Capital Formation : Non:Government,7.53,2023-12
2024,Q1,Growth Rates Y-o-Y,Net Exports : Exports of Goods & Services,-0.78,2024-03
2024,Q2,Growth Rates Y-o-Y,Gross Capital Formation : Gross Fixed Capital Formation,11.8,2024-06
2024,Q2,Growth Rates Y-o-Y,Gross Capital Formation : Gross Fixed Capital Formation : Government,2.79,2024-06
2024,Q3,Growth Rates Y-o-Y,Gross Capital Formation : Gross Fixed Capital Formation : Non:Government : Non-Oil,9.81,2024-09
2024,Q4,Growth Rates Y-o-Y,Gross Capital Formation : Gross Fixed Capital Formation : Government,-14.41,2024-12
2024,Q4,Growth Rates Y-o-Y,Net Exports : Exports of Goods & Services,-2.47,2024-12
2025,Q1,Growth Rates Y-o-Y,Gross Final Consumption Expenditure,5.19,2025-03
2025,Q1,Growth Rates Y-o-Y,Net Exports : Imports of Goods & Services,6.77,2025-03
2025,Q2,Growth Rates Y-o-Y,Net Exports : Exports of Goods & Services,-7.66,2025-06
2025,Q2,Growth Rates Y-o-Y,Net Exports : Imports of Goods & Services,10.13,2025-06
2025,Q3,Growth Rates Y-o-Y,Gross Capital Formation : Gross Fixed Capital Formation : Non:Government : Oil,-17.82,2025-09
2025,Q4,Growth Rates Y-o-Y,Gross Capital Formation,-1.54,2025-12
2025,Q4,Growth Rates Y-o-Y,Net Exports : Exports of Goods & Services,9.19,2025-12
2025,Q4,Growth Rates Y-o-Y,Gross Domestic Product,1.98,2025-12
2010,Q1,Million of Saudi Riyals,Gross Capital Formation : Gross Fixed Capital Formation : Government,36743.0,2010-03
2010,Q1,Million of Saudi Riyals,Gross Capital Formation : Gross Fixed Capital Formation : Non:Government,79875.0,2010-03
2010,Q1,Million of Saudi Riyals,Gross Capital Formation : Gross Fixed Capital Formation : Non:Government : Non-Oil,65188.0,2010-03
2010,Q2,Million of Saudi Riyals,Gross Final Consumption Expenditure,265331.0,2010-06
2010,Q2,Million of Saudi Riyals,Gross Capital Formation : Gross Fixed Capital Formation : Non:Government,80665.0,2010-06
2010,Q2,Million of Saudi Riyals,Net Exports : Exports of Goods & Services,237786.0,2010-06
2010,Q3,Million of Saudi Riyals,Gross Capital Formation : Gross Fixed Capital Formation : Non:Government,81013.0,2010-09
2010,Q3,Million of Saudi Riyals,Domestic Final Demand,409487.0,2010-09
2010,Q3,Million of Saudi Riyals,Net Exports : Exports of Goods & Services,236480.0,2010-09
2011,Q1,Million of Saudi Riyals,Gross Final Consumption Expenditure,298380.0,2011-03
2011,Q1,Million of Saudi Riyals,Gross Final Consumption Expenditure : Govt. Final Consumption Expenditure,132997.0,2011-03
2011,Q1,Million of Saudi Riyals,Gross Capital Formation : Gross Fixed Capital Formation,153983.0,2011-03
2011,Q1,Million of Saudi Riyals,Gross Capital Formation : Gross Fixed Capital Formation : Non:Government : Oil,15773.0,2011-03
2011,Q2,Million of Saudi Riyals,Gross Capital Formation : Gross Fixed Capital Formation,137558.0,2011-06
2011,Q2,Million of Saudi Riyals,Gross Capital Formation : Gross Fixed Capital Formation : Government,49872.0,2011-06
2011,Q2,Million of Saudi Riyals,Gross Capital Formation : Gross Fixed Capital Formation : Non:Government,87686.0,2011-06
2011,Q3,Million of Saudi Riyals,Gross Capital Formation : Gross Fixed Capital Formation : Non:Government : Non-Oil,72463.0,2011-09
2011,Q3,Million of Saudi Riyals,Gross Capital Formation : Change in Inventories,61890.0,2011-09
2011,Q3,Million of Saudi Riyals,Net Exports : Exports of Goods & Services,364115.0,2011-09
2011,Q4,Million of Saudi Riyals,Gross Final Consumption Expenditure,282769.0,2011-12
2011,Q4,Million of Saudi Riyals,Gross Capital Formation : Gross Fixed Capital Formation : Non:Government : Oil,17469.0,2011-12
2011,Q4,Million of Saudi Riyals,Gross Capital Formation : Change in Inventories,31196.0,2011-12
2011,Q4,Million of Saudi Riyals,Net Exports,190286.0,2011-12
2011,Q4,Million of Saudi Riyals,Gross Domestic Product,666101.0,2011-12
2012,Q1,Million of Saudi Riyals,Gross Final Consumption Expenditure,325804.0,2012-03
2012,Q1,Million of Saudi Riyals,Gross Capital Formation : Gross Fixed Capital Formation : Non:Government : Non-Oil,79781.0,2012-03
2012,Q1,Million of Saudi Riyals,Gross Domestic Product,714432.0,2012-03
2012,Q2,Million of Saudi Riyals,Gross Capital Formation : Gross Fixed Capital Formation,139218.0,2012-06
2012,Q2,Million of Saudi Riyals,Gross Capital Formation : Gross Fixed Capital Formation : Non:Government : Non-Oil,80913.0,2012-06
2012,Q2,Million of Saudi Riyals,Domestic Final Demand,533967.0,2012-06
2012,Q2,Million of Saudi Riyals,Net Exports : Imports of Goods & Services,211297.0,2012-06
2012,Q3,Million of Saudi Riyals,Gross Capital Formation : Gross Fixed Capital Formation,146888.0,2012-09
2012,Q3,Million of Saudi Riyals,Net Exports,156034.0,2012-09
2012,Q4,Million of Saudi Riyals,Gross Final Consumption Expenditure,328845.0,2012-12
2012,Q4,Million of Saudi Riyals,Gross Final Consumption Expenditure : Govt. Final Consumption Expenditure,124081.0,2012-12
2012,Q4,Million of Saudi Riyals,Domestic Final Demand,532665.0,2012-12
2012,Q4,Million of Saudi Riyals,Net Exports,168674.0,2012-12
2012,Q4,Million of Saudi Riyals,Net Exports : Imports of Goods & Services,200426.0,2012-12
2012,Q4,Million of Saudi Riyals,Gross Domestic Product,701339.0,2012-12
2013,Q1,Million of Saudi Riyals,Gross Final Consumption Expenditure : Govt. Final Consumption Expenditure,154805.0,2013-03
2013,Q1,Million of Saudi Riyals,Gross Final Consumption Expenditure : Private Final Consumption Expenditure,211520.0,2013-03
2013,Q2,Million of Saudi Riyals,Gross Final Consumption Expenditure : Private Final Consumption Expenditure,219427.0,2013-06
2013,Q2,Million of Saudi Riyals,Gross Capital Formation,223126.0,2013-06
2013,Q2,Million of Saudi Riyals,Gross Capital Formation : Gross Fixed Capital Formation : Government,46180.0,2013-06
2013,Q2,Million of Saudi Riyals,Gross Capital Formation : Gross Fixed Capital Formation : Non:Government,105182.0,2013-06
2013,Q3,Million of Saudi Riyals,Gross Final Consumption Expenditure : Govt. Final Consumption Expenditure,142033.0,2013-09
2013,Q3,Million of Saudi Riyals,Gross Capital Formation,196055.0,2013-09
2013,Q3,Million of Saudi Riyals,Gross Domestic Product,729632.0,2013-09
2013,Q4,Million of Saudi Riyals,Gross Final Consumption Expenditure,423325.0,2013-12
2013,Q4,Million of Saudi Riyals,Gross Final Consumption Expenditure : Private Final Consumption Expenditure,230018.0,2013-12
2013,Q4,Million of Saudi Riyals,Net Exports : Exports of Goods & Services,380708.0,2013-12
2013,Q4,Million of Saudi Riyals,Net Exports : Imports of Goods & Services,215052.0,2013-12
2014,Q1,Million of Saudi Riyals,Gross Capital Formation,186175.0,2014-03
2014,Q2,Million of Saudi Riyals,Gross Capital Formation : Gross Fixed Capital Formation : Non:Government : Oil,22551.0,2014-06
2014,Q3,Million of Saudi Riyals,Gross Final Consumption Expenditure,431144.0,2014-09
2014,Q3,Million of Saudi Riyals,Net Exports,78867.0,2014-09
2014,Q3,Million of Saudi Riyals,Net Exports : Imports of Goods & Services,257926.0,2014-09
2014,Q4,Million of Saudi Riyals,Gross Final Consumption Expenditure : Private Final Consumption Expenditure,255225.0,2014-12
2014,Q4,Million of Saudi Riyals,Gross Capital Formation : Gross Fixed Capital Formation : Non:Government,117280.0,2014-12
2015,Q1,Million of Saudi Riyals,Gross Capital Formation,194932.0,2015-03
2015,Q1,Million of Saudi Riyals,Gross Capital Formation : Gross Fixed Capital Formation,196711.0,2015-03
2015,Q1,Million of Saudi Riyals,Gross Capital Formation : Gross Fixed Capital Formation : Non:Government : Oil,19705.0,2015-03
2015,Q1,Million of Saudi Riyals,Gross Capital Formation : Change in Inventories,-1778.0,2015-03
2015,Q1,Million of Saudi Riyals,Net Exports : Imports of Goods & Services,216994.0,2015-03
2015,Q2,Million of Saudi Riyals,Gross Capital Formation,208096.0,2015-06
2015,Q2,Million of Saudi Riyals,Gross Capital Formation : Gross Fixed Capital Formation,201122.0,2015-06
2015,Q2,Million of Saudi Riyals,Net Exports : Exports of Goods & Services,233101.0,2015-06
2015,Q3,Million of Saudi Riyals,Gross Capital Formation,232084.0,2015-09
2015,Q3,Million of Saudi Riyals,Gross Capital Formation : Gross Fixed Capital Formation : Non:Government,122667.0,2015-09
2015,Q4,Million of Saudi Riyals,Gross Capital Formation : Change in Inventories,29325.0,2015-12
2015,Q4,Million of Saudi Riyals,Gross Domestic Product,601678.0,2015-12
2016,Q1,Million of Saudi Riyals,Gross Capital Formation,195350.0,2016-03
2016,Q1,Million of Saudi Riyals,Gross Capital Formation : Gross Fixed Capital Formation : Government,28791.0,2016-03
2016,Q1,Million of Saudi Riyals,Gross Capital Formation : Gross Fixed Capital Formation : Non:Government,132218.0,2016-03
2016,Q1,Million of Saudi Riyals,Gross Capital Formation : Gross Fixed Capital Formation : Non:Government : Oil,17895.0,2016-03
2016,Q2,Million of Saudi Riyals,Gross Final Consumption Expenditure,461820.0,2016-06
2016,Q2,Million of Saudi Riyals,Domestic Final Demand,657558.0,2016-06
2016,Q3,Million of Saudi Riyals,Gross Final Consumption Expenditure : Private Final Consumption Expenditure,308532.0,2016-09
2016,Q3,Million of Saudi Riyals,Gross Capital Formation : Gross Fixed Capital Formation,138565.0,2016-09
2016,Q3,Million of Saudi Riyals,Domestic Final Demand,615079.0,2016-09
2016,Q3,Million of Saudi Riyals,Net Exports,33447.0,2016-09
2016,Q3,Million of Saudi Riyals,Gross Domestic Product,648526.0,2016-09
2016,Q4,Million of Saudi Riyals,Gross Final Consumption Expenditure : Govt. Final Consumption Expenditure,192887.0,2016-12
2016,Q4,Million of Saudi Riyals,Gross Capital Formation : Gross Fixed Capital Formation : Non:Government : Non-Oil,88853.0,2016-12
2016,Q4,Million of Saudi Riyals,Gross Capital Formation : Change in Inventories,-32486.0,2016-12
2016,Q4,Million of Saudi Riyals,Gross Domestic Product,672801.0,2016-12
2017,Q1,Million of Saudi Riyals,Gross Final Consumption Expenditure : Govt. Final Consumption Expenditure,135720.0,2017-03
2017,Q1,Million of Saudi Riyals,Gross Capital Formation : Gross Fixed Capital Formation : Non:Government,135105.0,2017-03
2017,Q1,Million of Saudi Riyals,Net Exports,44064.0,2017-03
2017,Q2,Million of Saudi Riyals,Gross Final Consumption Expenditure : Govt. Final Consumption Expenditure,149525.0,2017-06
2017,Q2,Million of Saudi Riyals,Gross Capital Formation : Gross Fixed Capital Formation : Government,29468.0,2017-06
2017,Q2,Million of Saudi Riyals,Gross Capital Formation : Change in Inventories,47265.0,2017-06
2017,Q2,Million of Saudi Riyals,Net Exports,5597.0,2017-06
2017,Q3,Million of Saudi Riyals,Gross Final Consumption Expenditure : Private Final Consumption Expenditure,327969.0,2017-09
2017,Q3,Million of Saudi Riyals,Gross Capital Formation : Change in Inventories,37616.0,2017-09
2017,Q3,Million of Saudi Riyals,Net Exports : Exports of Goods & Services,219693.0,2017-09
2017,Q4,Million of Saudi Riyals,Gross Final Consumption Expenditure,539125.0,2017-12
2017,Q4,Million of Saudi Riyals,Gross Final Consumption Expenditure : Govt. Final Consumption Expenditure,217187.0,2017-12
2018,Q1,Million of Saudi Riyals,Gross Capital Formation : Gross Fixed Capital Formation : Government,27427.0,2018-03
2018,Q2,Million of Saudi Riyals,Gross Final Consumption Expenditure,557772.0,2018-06
2018,Q2,Million of Saudi Riyals,Gross Final Consumption Expenditure : Private Final Consumption Expenditure,358077.0,2018-06
2018,Q2,Million of Saudi Riyals,Net Exports : Imports of Goods & Services,195158.0,2018-06
2018,Q4,Million of Saudi Riyals,Gross Final Consumption Expenditure,604355.0,2018-12
2018,Q4,Million of Saudi Riyals,Gross Capital Formation : Gross Fixed Capital Formation : Non:Government : Non-Oil,93251.0,2018-12
2019,Q1,Million of Saudi Riyals,Gross Final Consumption Expenditure,518453.0,2019-03
2019,Q1,Million of Saudi Riyals,Gross Capital Formation : Gross Fixed Capital Formation : Government,28783.0,2019-03
2019,Q1,Million of Saudi Riyals,Gross Capital Formation : Change in Inventories,22625.0,2019-03
2019,Q1,Million of Saudi Riyals,Net Exports,75764.0,2019-03
2019,Q2,Million of Saudi Riyals,Gross Capital Formation : Change in Inventories,18443.0,2019-06
2019,Q2,Million of Saudi Riyals,Net Exports : Imports of Goods & Services,209648.0,2019-06
2019,Q3,Million of Saudi Riyals,Gross Capital Formation : Change in Inventories,38421.0,2019-09
2019,Q4,Million of Saudi Riyals,Gross Capital Formation : Gross Fixed Capital Formation : Government,45517.0,2019-12
2019,Q4,Million of Saudi Riyals,Gross Capital Formation : Gross Fixed Capital Formation : Non:Government : Oil,33818.0,2019-12
2019,Q4,Million of Saudi Riyals,Gross Capital Formation : Change in Inventories,23481.0,2019-12
2019,Q4,Million of Saudi Riyals,Net Exports,51198.0,2019-12
2020,Q1,Million of Saudi Riyals,Gross Final Consumption Expenditure : Private Final Consumption Expenditure,358851.0,2020-03
2020,Q1,Million of Saudi Riyals,Gross Capital Formation : Gross Fixed Capital Formation : Government,26644.0,2020-03
2020,Q1,Million of Saudi Riyals,Gross Capital Formation : Gross Fixed Capital Formation : Non:Government : Non-Oil,120537.0,2020-03
2020,Q1,Million of Saudi Riyals,Gross Domestic Product,739156.0,2020-03
2020,Q2,Million of Saudi Riyals,Gross Final Consumption Expenditure,491236.0,2020-06
2020,Q2,Million of Saudi Riyals,Gross Capital Formation,200994.0,2020-06
2020,Q2,Million of Saudi Riyals,Gross Capital Formation : Gross Fixed Capital Formation : Government,29678.0,2020-06
2020,Q2,Million of Saudi Riyals,Gross Capital Formation : Gross Fixed Capital Formation : Non:Government : Non-Oil,102815.0,2020-06
2020,Q2,Million of Saudi Riyals,Net Exports : Imports of Goods & Services,169896.0,2020-06
2020,Q2,Million of Saudi Riyals,Gross Domestic Product,646000.0,2020-06
2020,Q3,Million of Saudi Riyals,Gross Capital Formation : Gross Fixed Capital Formation : Government,35161.0,2020-09
2020,Q3,Million of Saudi Riyals,Gross Capital Formation : Gross Fixed Capital Formation : Non:Government,132017.0,2020-09
2020,Q3,Million of Saudi Riyals,Domestic Final Demand,722919.0,2020-09
2020,Q4,Million of Saudi Riyals,Gross Capital Formation : Gross Fixed Capital Formation : Government,62875.0,2020-12
2020,Q4,Million of Saudi Riyals,Net Exports,8224.0,2020-12
2020,Q4,Million of Saudi Riyals,Net Exports : Exports of Goods & Services,186791.0,2020-12
2021,Q1,Million of Saudi Riyals,Gross Final Consumption Expenditure,564673.0,2021-03
2021,Q1,Million of Saudi Riyals,Gross Capital Formation : Gross Fixed Capital Formation : Government,15004.0,2021-03
2021,Q2,Million of Saudi Riyals,Gross Capital Formation : Gross Fixed Capital Formation : Government,21966.0,2021-06
2021,Q2,Million of Saudi Riyals,Gross Capital Formation : Gross Fixed Capital Formation : Non:Government,186915.0,2021-06
2021,Q2,Million of Saudi Riyals,Gross Capital Formation : Gross Fixed Capital Formation : Non:Government : Oil,31537.0,2021-06
2021,Q2,Million of Saudi Riyals,Gross Capital Formation : Gross Fixed Capital Formation : Non:Government : Non-Oil,155377.0,2021-06
2021,Q2,Million of Saudi Riyals,Gross Capital Formation : Change in Inventories,18466.0,2021-06
2021,Q3,Million of Saudi Riyals,Gross Capital Formation,263959.0,2021-09
2021,Q3,Million of Saudi Riyals,Gross Capital Formation : Gross Fixed Capital Formation : Non:Government,185336.0,2021-09
2021,Q3,Million of Saudi Riyals,Net Exports : Imports of Goods & Services,197963.0,2021-09
2021,Q4,Million of Saudi Riyals,Domestic Final Demand,907514.0,2021-12
2021,Q4,Million of Saudi Riyals,Net Exports,108169.0,2021-12
2022,Q1,Million of Saudi Riyals,Gross Capital Formation : Gross Fixed Capital Formation,259146.0,2022-03
2022,Q1,Million of Saudi Riyals,Gross Capital Formation : Gross Fixed Capital Formation : Non:Government : Non-Oil,216289.0,2022-03
2022,Q1,Million of Saudi Riyals,Gross Capital Formation : Change in Inventories,11405.0,2022-03
2022,Q1,Million of Saudi Riyals,Net Exports,185187.0,2022-03
2022,Q2,Million of Saudi Riyals,Gross Capital Formation : Gross Fixed Capital Formation : Government,40335.0,2022-06
2022,Q2,Million of Saudi Riyals,Gross Capital Formation : Gross Fixed Capital Formation : Non:Government : Non-Oil,209409.0,2022-06
2022,Q2,Million of Saudi Riyals,Net Exports : Exports of Goods & Services,456828.0,2022-06
2022,Q3,Million of Saudi Riyals,Gross Final Consumption Expenditure : Govt. Final Consumption Expenditure,213521.0,2022-09
2022,Q3,Million of Saudi Riyals,Gross Capital Formation : Gross Fixed Capital Formation,291653.0,2022-09
2022,Q3,Million of Saudi Riyals,Gross Capital Formation : Gross Fixed Capital Formation : Non:Government : Non-Oil,206247.0,2022-09
2022,Q3,Million of Saudi Riyals,Gross Capital Formation : Change in Inventories,21173.0,2022-09
2022,Q3,Million of Saudi Riyals,Domestic Final Demand,998189.0,2022-09
2022,Q3,Million of Saudi Riyals,Net Exports : Imports of Goods & Services,238269.0,2022-09
2022,Q4,Million of Saudi Riyals,Gross Capital Formation : Gross Fixed Capital Formation : Government,51359.0,2022-12
2022,Q4,Million of Saudi Riyals,Net Exports,122234.0,2022-12
2022,Q4,Million of Saudi Riyals,Net Exports : Exports of Goods & Services,385990.0,2022-12
2022,Q4,Million of Saudi Riyals,Gross Domestic Product,1156737.0,2022-12
2023,Q1,Million of Saudi Riyals,Gross Capital Formation : Gross Fixed Capital Formation,312393.0,2023-03
2023,Q1,Million of Saudi Riyals,Gross Capital Formation : Gross Fixed Capital Formation : Non:Government : Oil,34778.0,2023-03
2023,Q1,Million of Saudi Riyals,Gross Capital Formation : Gross Fixed Capital Formation : Non:Government : Non-Oil,253834.0,2023-03
2023,Q1,Million of Saudi Riyals,Domestic Final Demand,1063357.0,2023-03
2023,Q1,Million of Saudi Riyals,Net Exports : Exports of Goods & Services,362402.0,2023-03
2023,Q2,Million of Saudi Riyals,Gross Capital Formation : Gross Fixed Capital Formation : Government,57736.0,2023-06
2023,Q2,Million of Saudi Riyals,Gross Capital Formation : Gross Fixed Capital Formation : Non:Government,263772.0,2023-06
2023,Q2,Million of Saudi Riyals,Gross Capital Formation : Change in Inventories,5889.0,2023-06
2023,Q2,Million of Saudi Riyals,Net Exports : Imports of Goods & Services,283212.0,2023-06
2023,Q2,Million of Saudi Riyals,Gross Domestic Product,1126757.0,2023-06
2023,Q3,Million of Saudi Riyals,Gross Capital Formation : Gross Fixed Capital Formation : Government,52951.0,2023-09
2023,Q3,Million of Saudi Riyals,Gross Capital Formation : Change in Inventories,37089.0,2023-09
2023,Q4,Million of Saudi Riyals,Gross Final Consumption Expenditure : Private Final Consumption Expenditure,496137.0,2023-12
2023,Q4,Million of Saudi Riyals,Gross Capital Formation : Gross Fixed Capital Formation : Non:Government,258568.0,2023-12
2023,Q4,Million of Saudi Riyals,Gross Domestic Product,1153172.0,2023-12
2024,Q1,Million of Saudi Riyals,Gross Final Consumption Expenditure : Govt. Final Consumption Expenditure,231003.0,2024-03
2024,Q1,Million of Saudi Riyals,Net Exports : Exports of Goods & Services,359557.0,2024-03
2024,Q1,Million of Saudi Riyals,Net Exports : Imports of Goods & Services,301649.0,2024-03
2024,Q2,Million of Saudi Riyals,Gross Final Consumption Expenditure : Private Final Consumption Expenditure,529038.0,2024-06
2024,Q2,Million of Saudi Riyals,Gross Capital Formation : Gross Fixed Capital Formation,359451.0,2024-06
2024,Q2,Million of Saudi Riyals,Gross Capital Formation : Gross Fixed Capital Formation : Non:Government,300103.0,2024-06
2024,Q2,Million of Saudi Riyals,Domestic Final Demand,1135534.0,2024-06
2024,Q2,Million of Saudi Riyals,Net Exports : Exports of Goods & Services,364390.0,2024-06
2024,Q2,Million of Saudi Riyals,Net Exports : Imports of Goods & Services,313305.0,2024-06
2024,Q3,Million of Saudi Riyals,Gross Final Consumption Expenditure : Private Final Consumption Expenditure,541082.0,2024-09
2024,Q3,Million of Saudi Riyals,Gross Capital Formation : Gross Fixed Capital Formation,355204.0,2024-09
2024,Q3,Million of Saudi Riyals,Domestic Final Demand,1159217.0,2024-09
2024,Q4,Million of Saudi Riyals,Gross Capital Formation : Gross Fixed Capital Formation : Non:Government : Oil,58258.0,2024-12
2024,Q4,Million of Saudi Riyals,Gross Capital Formation : Change in Inventories,24821.0,2024-12
2025,Q1,Million of Saudi Riyals,Gross Final Consumption Expenditure,774226.0,2025-03
2025,Q1,Million of Saudi Riyals,Gross Final Consumption Expenditure : Govt. Final Consumption Expenditure,244115.0,2025-03
2025,Q1,Million of Saudi Riyals,Gross Capital Formation : Gross Fixed Capital Formation : Non:Government,364249.0,2025-03
2025,Q1,Million of Saudi Riyals,Gross Capital Formation : Change in Inventories,34.0,2025-03
2025,Q1,Million of Saudi Riyals,Net Exports,39140.0,2025-03
2025,Q2,Million of Saudi Riyals,Net Exports,-8559.0,2025-06
2025,Q2,Million of Saudi Riyals,Net Exports : Imports of Goods & Services,345040.0,2025-06
2025,Q3,Million of Saudi Riyals,Gross Capital Formation : Gross Fixed Capital Formation,357451.0,2025-09
2025,Q3,Million of Saudi Riyals,Gross Capital Formation : Gross Fixed Capital Formation : Non:Government : Oil,46254.0,2025-09
2025,Q3,Million of Saudi Riyals,Gross Capital Formation : Change in Inventories,-5895.0,2025-09
2025,Q3,Million of Saudi Riyals,Net Exports : Imports of Goods & Services,334624.0,2025-09
2025,Q4,Million of Saudi Riyals,Gross Final Consumption Expenditure,806810.0,2025-12
2025,Q4,Million of Saudi Riyals,Gross Final Consumption Expenditure : Private Final Consumption Expenditure,550929.0,2025-12
2025,Q4,Million of Saudi Riyals,Net Exports : Imports of Goods & Services,347344.0,2025-12
2011,Q1,Growth Rates Y-o-Y,Gross Final Consumption Expenditure : Govt. Final Consumption Expenditure,42.03,2011-03
2011,Q1,Growth Rates Y-o-Y,Gross Final Consumption Expenditure : Private Final Consumption Expenditure,6.06,2011-03
2011,Q1,Growth Rates Y-o-Y,Gross Capital Formation : Gross Fixed Capital Formation : Non:Government : Non-Oil,8.88,2011-03
2011,Q1,Growth Rates Y-o-Y,Net Exports : Exports of Goods & Services,38.75,2011-03
2011,Q1,Growth Rates Y-o-Y,Net Exports : Imports of Goods & Services,9.47,2011-03
2011,Q2,Growth Rates Y-o-Y,Gross Final Consumption Expenditure,18.33,2011-06
2011,Q2,Growth Rates Y-o-Y,Gross Final Consumption Expenditure : Govt. Final Consumption Expenditure,44.33,2011-06
2011,Q3,Growth Rates Y-o-Y,Gross Capital Formation : Gross Fixed Capital Formation : Government,2.16,2011-09
2011,Q3,Growth Rates Y-o-Y,Gross Capital Formation : Gross Fixed Capital Formation : Non:Government : Oil,14.08,2011-09
2011,Q4,Growth Rates Y-o-Y,Gross Final Consumption Expenditure,2.58,2011-12
2012,Q1,Growth Rates Y-o-Y,Net Exports : Exports of Goods & Services,26.49,2012-03
2012,Q2,Growth Rates Y-o-Y,Gross Capital Formation,15.88,2012-06
2012,Q2,Growth Rates Y-o-Y,Gross Capital Formation : Gross Fixed Capital Formation : Non:Government : Oil,-28.48,2012-06
2012,Q2,Growth Rates Y-o-Y,Gross Capital Formation : Gross Fixed Capital Formation : Non:Government : Non-Oil,13.14,2012-06
2012,Q3,Growth Rates Y-o-Y,Gross Capital Formation : Gross Fixed Capital Formation : Non:Government,3.96,2012-09
2012,Q3,Growth Rates Y-o-Y,Domestic Final Demand,12.6,2012-09
2012,Q4,Growth Rates Y-o-Y,Gross Final Consumption Expenditure,16.29,2012-12
2012,Q4,Growth Rates Y-o-Y,Gross Capital Formation,5.58,2012-12
2012,Q4,Growth Rates Y-o-Y,Net Exports : Imports of Goods & Services,5.05,2012-12
2013,Q1,Growth Rates Y-o-Y,Gross Final Consumption Expenditure : Private Final Consumption Expenditure,8.18,2013-03
2013,Q1,Growth Rates Y-o-Y,Gross Capital Formation,9.1,2013-03
2013,Q1,Growth Rates Y-o-Y,Gross Domestic Product,-0.27,2013-03
2013,Q2,Growth Rates Y-o-Y,Gross Final Consumption Expenditure,9.94,2013-06
2013,Q2,Growth Rates Y-o-Y,Gross Capital Formation : Gross Fixed Capital Formation : Government,-1.2,2013-06
2013,Q3,Growth Rates Y-o-Y,Gross Final Consumption Expenditure,-4.07,2013-09
2013,Q3,Growth Rates Y-o-Y,Gross Capital Formation : Gross Fixed Capital Formation,8.08,2013-09
2013,Q3,Growth Rates Y-o-Y,Gross Capital Formation : Gross Fixed Capital Formation : Non:Government : Non-Oil,9.22,2013-09
2013,Q4,Growth Rates Y-o-Y,Gross Capital Formation : Gross Fixed Capital Formation,18.37,2013-12
2013,Q4,Growth Rates Y-o-Y,Gross Capital Formation : Gross Fixed Capital Formation : Non:Government,11.16,2013-12
2014,Q2,Growth Rates Y-o-Y,Gross Final Consumption Expenditure,14.14,2014-06
2014,Q2,Growth Rates Y-o-Y,Gross Final Consumption Expenditure : Govt. Final Consumption Expenditure,18.58,2014-06
2014,Q2,Growth Rates Y-o-Y,Gross Final Consumption Expenditure : Private Final Consumption Expenditure,11.0,2014-06
2014,Q2,Growth Rates Y-o-Y,Gross Capital Formation,-10.97,2014-06
2014,Q3,Growth Rates Y-o-Y,Gross Domestic Product,4.06,2014-09
2014,Q4,Growth Rates Y-o-Y,Gross Final Consumption Expenditure : Govt. Final Consumption Expenditure,-4.44,2014-12
2014,Q4,Growth Rates Y-o-Y,Gross Capital Formation : Gross Fixed Capital Formation : Non:Government : Oil,6.46,2014-12
2015,Q1,Growth Rates Y-o-Y,Gross Final Consumption Expenditure,7.54,2015-03
2015,Q1,Growth Rates Y-o-Y,Gross Final Consumption Expenditure : Private Final Consumption Expenditure,17.86,2015-03
2015,Q1,Growth Rates Y-o-Y,Gross Capital Formation : Gross Fixed Capital Formation : Non:Government : Non-Oil,7.96,2015-03
2015,Q1,Growth Rates Y-o-Y,Domestic Final Demand,6.71,2015-03
2015,Q2,Growth Rates Y-o-Y,Gross Capital Formation : Gross Fixed Capital Formation : Non:Government : Non-Oil,7.64,2015-06
2015,Q3,Growth Rates Y-o-Y,Gross Final Consumption Expenditure,4.5,2015-09
2015,Q3,Growth Rates Y-o-Y,Gross Capital Formation,-6.9,2015-09
2015,Q4,Growth Rates Y-o-Y,Gross Final Consumption Expenditure,1.41,2015-12
2015,Q4,Growth Rates Y-o-Y,Gross Capital Formation,0.06,2015-12
2015,Q4,Growth Rates Y-o-Y,Gross Capital Formation : Gross Fixed Capital Formation,-12.72,2015-12
2016,Q1,Growth Rates Y-o-Y,Gross Final Consumption Expenditure,-6.17,2016-03
2016,Q1,Growth Rates Y-o-Y,Gross Final Consumption Expenditure : Govt. Final Consumption Expenditure,-23.55,2016-03
2016,Q1,Growth Rates Y-o-Y,Gross Capital Formation : Gross Fixed Capital Formation,-18.15,2016-03
2016,Q1,Growth Rates Y-o-Y,Domestic Final Demand,-4.34,2016-03
2016,Q1,Growth Rates Y-o-Y,Net Exports : Exports of Goods & Services,-24.26,2016-03
2016,Q2,Growth Rates Y-o-Y,Gross Capital Formation,-5.94,2016-06
2016,Q2,Growth Rates Y-o-Y,Gross Capital Formation : Gross Fixed Capital Formation,-15.05,2016-06
2016,Q2,Growth Rates Y-o-Y,Gross Capital Formation : Gross Fixed Capital Formation : Non:Government,2.47,2016-06
2016,Q2,Growth Rates Y-o-Y,Gross Capital Formation : Gross Fixed Capital Formation : Non:Government : Non-Oil,9.31,2016-06
2016,Q2,Growth Rates Y-o-Y,Domestic Final Demand,-5.16,2016-06
2016,Q2,Growth Rates Y-o-Y,Net Exports : Imports of Goods & Services,-19.48,2016-06
2016,Q3,Growth Rates Y-o-Y,Gross Capital Formation,-25.73,2016-09
2016,Q3,Growth Rates Y-o-Y,Gross Capital Formation : Gross Fixed Capital Formation : Non:Government,-15.02,2016-09
2016,Q3,Growth Rates Y-o-Y,Gross Capital Formation : Gross Fixed Capital Formation : Non:Government : Oil,-11.51,2016-09
2016,Q3,Growth Rates Y-o-Y,Net Exports : Exports of Goods & Services,-3.61,2016-09
2016,Q4,Growth Rates Y-o-Y,Gross Final Consumption Expenditure : Private Final Consumption Expenditure,5.98,2016-12
2016,Q4,Growth Rates Y-o-Y,Gross Capital Formation : Gross Fixed Capital Formation : Non:Government : Non-Oil,-12.83,2016-12
2017,Q1,Growth Rates Y-o-Y,Gross Capital Formation : Gross Fixed Capital Formation : Non:Government,2.18,2017-03
2017,Q1,Growth Rates Y-o-Y,Gross Capital Formation : Gross Fixed Capital Formation : Non:Government : Oil,39.12,2017-03
2017,Q2,Growth Rates Y-o-Y,Gross Capital Formation : Gross Fixed Capital Formation : Government,-29.74,2017-06
2017,Q2,Growth Rates Y-o-Y,Gross Capital Formation : Gross Fixed Capital Formation : Non:Government,2.31,2017-06
2017,Q2,Growth Rates Y-o-Y,Gross Capital Formation : Gross Fixed Capital Formation : Non:Government : Oil,37.67,2017-06
2017,Q2,Growth Rates Y-o-Y,Net Exports : Exports of Goods & Services,7.15,2017-06
2017,Q3,Growth Rates Y-o-Y,Gross Final Consumption Expenditure : Govt. Final Consumption Expenditure,9.93,2017-09
2017,Q3,Growth Rates Y-o-Y,Gross Capital Formation : Gross Fixed Capital Formation,2.34,2017-09
2017,Q3,Growth Rates Y-o-Y,Net Exports : Exports of Goods & Services,12.5,2017-09
2017,Q4,Growth Rates Y-o-Y,Gross Final Consumption Expenditure : Govt. Final Consumption Expenditure,12.6,2017-12
2017,Q4,Growth Rates Y-o-Y,Gross Final Consumption Expenditure : Private Final Consumption Expenditure,8.66,2017-12
2017,Q4,Growth Rates Y-o-Y,Gross Capital Formation : Gross Fixed Capital Formation : Non:Government : Non-Oil,-0.03,2017-12
2017,Q4,Growth Rates Y-o-Y,Domestic Final Demand,3.71,2017-12
2018,Q1,Growth Rates Y-o-Y,Gross Final Consumption Expenditure : Private Final Consumption Expenditure,11.0,2018-03
2018,Q1,Growth Rates Y-o-Y,Gross Capital Formation : Gross Fixed Capital Formation,7.55,2018-03
2018,Q1,Growth Rates Y-o-Y,Net Exports : Imports of Goods & Services,8.9,2018-03
2018,Q2,Growth Rates Y-o-Y,Gross Final Consumption Expenditure,19.02,2018-06
2018,Q2,Growth Rates Y-o-Y,Gross Capital Formation : Gross Fixed Capital Formation : Government,45.22,2018-06
2018,Q2,Growth Rates Y-o-Y,Net Exports : Exports of Goods & Services,45.62,2018-06
2018,Q3,Growth Rates Y-o-Y,Gross Final Consumption Expenditure,11.27,2018-09
2018,Q3,Growth Rates Y-o-Y,Gross Capital Formation : Gross Fixed Capital Formation : Non:Government : Non-Oil,3.11,2018-09
2018,Q4,Growth Rates Y-o-Y,Gross Final Consumption Expenditure,12.1,2018-12
2018,Q4,Growth Rates Y-o-Y,Gross Capital Formation : Gross Fixed Capital Formation : Non:Government,5.18,2018-12
2018,Q4,Growth Rates Y-o-Y,Net Exports : Exports of Goods & Services,21.41,2018-12
2018,Q4,Growth Rates Y-o-Y,Net Exports : Imports of Goods & Services,5.06,2018-12
2019,Q1,Growth Rates Y-o-Y,Gross Final Consumption Expenditure : Govt. Final Consumption Expenditure,6.7,2019-03
2019,Q2,Growth Rates Y-o-Y,Gross Capital Formation : Gross Fixed Capital Formation,7.02,2019-06
2019,Q2,Growth Rates Y-o-Y,Gross Capital Formation : Gross Fixed Capital Formation : Non:Government : Non-Oil,0.19,2019-06
2019,Q3,Growth Rates Y-o-Y,Gross Capital Formation,16.46,2019-09
2019,Q3,Growth Rates Y-o-Y,Gross Capital Formation : Gross Fixed Capital Formation : Non:Government : Oil,30.51,2019-09
2019,Q3,Growth Rates Y-o-Y,Net Exports : Exports of Goods & Services,-16.01,2019-09
2019,Q3,Growth Rates Y-o-Y,Net Exports : Imports of Goods & Services,10.22,2019-09
2019,Q4,Growth Rates Y-o-Y,Gross Final Consumption Expenditure : Govt. Final Consumption Expenditure,-13.3,2019-12
2020,Q1,Growth Rates Y-o-Y,Gross Final Consumption Expenditure,2.49,2020-03
2020,Q1,Growth Rates Y-o-Y,Gross Capital Formation,-10.06,2020-03
2020,Q1,Growth Rates Y-o-Y,Net Exports : Exports of Goods & Services,-22.57,2020-03
2020,Q1,Growth Rates Y-o-Y,Net Exports : Imports of Goods & Services,-8.03,2020-03
2020,Q2,Growth Rates Y-o-Y,Gross Capital Formation : Gross Fixed Capital Formation : Government,-47.14,2020-06
2020,Q2,Growth Rates Y-o-Y,Gross Capital Formation : Gross Fixed Capital Formation : Non:Government,-8.77,2020-06
2020,Q2,Growth Rates Y-o-Y,Gross Capital Formation : Gross Fixed Capital Formation : Non:Government : Non-Oil,-13.74,2020-06
2020,Q2,Growth Rates Y-o-Y,Net Exports : Imports of Goods & Services,-18.96,2020-06
2020,Q3,Growth Rates Y-o-Y,Gross Final Consumption Expenditure : Private Final Consumption Expenditure,-0.25,2020-09
2020,Q3,Growth Rates Y-o-Y,Gross Capital Formation : Gross Fixed Capital Formation : Non:Government,-9.95,2020-09
2020,Q3,Growth Rates Y-o-Y,Gross Capital Formation : Gross Fixed Capital Formation : Non:Government : Oil,-36.77,2020-09
2020,Q3,Growth Rates Y-o-Y,Net Exports : Imports of Goods & Services,-23.48,2020-09
2020,Q4,Growth Rates Y-o-Y,Gross Capital Formation,-37.66,2020-12
2020,Q4,Growth Rates Y-o-Y,Gross Capital Formation : Gross Fixed Capital Formation : Non:Government,-12.44,2020-12
2020,Q4,Growth Rates Y-o-Y,Gross Domestic Product,-11.17,2020-12
2021,Q1,Growth Rates Y-o-Y,Gross Capital Formation : Gross Fixed Capital Formation : Government,-43.69,2021-03
2021,Q1,Growth Rates Y-o-Y,Gross Capital Formation : Gross Fixed Capital Formation : Non:Government,33.42,2021-03
2021,Q1,Growth Rates Y-o-Y,Gross Capital Formation : Gross Fixed Capital Formation : Non:Government : Oil,-50.14,2021-03
2021,Q1,Growth Rates Y-o-Y,Net Exports : Exports of Goods & Services,2.36,2021-03
2021,Q2,Growth Rates Y-o-Y,Gross Domestic Product,36.96,2021-06
2021,Q3,Growth Rates Y-o-Y,Net Exports : Exports of Goods & Services,71.4,2021-09
2021,Q3,Growth Rates Y-o-Y,Net Exports : Imports of Goods & Services,27.32,2021-09
2021,Q4,Growth Rates Y-o-Y,Gross Capital Formation : Gross Fixed Capital Formation : Non:Government : Non-Oil,39.95,2021-12
2022,Q1,Growth Rates Y-o-Y,Gross Capital Formation,16.25,2022-03
2022,Q1,Growth Rates Y-o-Y,Gross Capital Formation : Gross Fixed Capital Formation : Government,4.43,2022-03
2022,Q1,Growth Rates Y-o-Y,Gross Capital Formation : Gross Fixed Capital Formation : Non:Government : Oil,58.63,2022-03
2022,Q1,Growth Rates Y-o-Y,Domestic Final Demand,11.14,2022-03
2022,Q1,Growth Rates Y-o-Y,Gross Domestic Product,30.18,2022-03
2022,Q2,Growth Rates Y-o-Y,Gross Final Consumption Expenditure : Govt. Final Consumption Expenditure,13.4,2022-06
2022,Q2,Growth Rates Y-o-Y,Gross Capital Formation : Gross Fixed Capital Formation : Non:Government,31.47,2022-06
2022,Q2,Growth Rates Y-o-Y,Gross Capital Formation : Gross Fixed Capital Formation : Non:Government : Non-Oil,34.77,2022-06
2022,Q2,Growth Rates Y-o-Y,Gross Domestic Product,37.77,2022-06
2022,Q3,Growth Rates Y-o-Y,Gross Capital Formation,18.51,2022-09
2022,Q4,Growth Rates Y-o-Y,Domestic Final Demand,13.99,2022-12
2023,Q1,Growth Rates Y-o-Y,Gross Capital Formation : Gross Fixed Capital Formation : Non:Government,18.54,2023-03
2023,Q2,Growth Rates Y-o-Y,Gross Final Consumption Expenditure : Private Final Consumption Expenditure,8.08,2023-06
2023,Q2,Growth Rates Y-o-Y,Net Exports : Imports of Goods & Services,8.21,2023-06
2023,Q3,Growth Rates Y-o-Y,Net Exports : Imports of Goods & Services,20.17,2023-09
2023,Q4,Growth Rates Y-o-Y,Gross Final Consumption Expenditure : Private Final Consumption Expenditure,8.06,2023-12
2023,Q4,Growth Rates Y-o-Y,Gross Capital Formation : Gross Fixed Capital Formation : Government,36.05,2023-12
2023,Q4,Growth Rates Y-o-Y,Gross Capital Formation : Gross Fixed Capital Formation : Non:Government : Oil,-9.35,2023-12
2023,Q4,Growth Rates Y-o-Y,Net Exports : Exports of Goods & Services,-11.03,2023-12
2023,Q4,Growth Rates Y-o-Y,Gross Domestic Product,-0.31,2023-12
2024,Q1,Growth Rates Y-o-Y,Gross Capital Formation : Gross Fixed Capital Formation,15.05,2024-03
2024,Q1,Growth Rates Y-o-Y,Net Exports : Imports of Goods & Services,7.97,2024-03
2024,Q2,Growth Rates Y-o-Y,Gross Capital Formation,10.73,2024-06
2024,Q3,Growth Rates Y-o-Y,Gross Final Consumption Expenditure : Private Final Consumption Expenditure,5.32,2024-09
2024,Q4,Growth Rates Y-o-Y,Gross Final Consumption Expenditure : Govt. Final Consumption Expenditure,-3.06,2024-12
2024,Q4,Growth Rates Y-o-Y,Gross Capital Formation : Gross Fixed Capital Formation,11.58,2024-12
2024,Q4,Growth Rates Y-o-Y,Gross Capital Formation : Gross Fixed Capital Formation : Non:Government : Oil,77.65,2024-12
2024,Q4,Growth Rates Y-o-Y,Gross Capital Formation : Gross Fixed Capital Formation : Non:Government : Non-Oil,10.02,2024-12
2025,Q1,Growth Rates Y-o-Y,Gross Final Consumption Expenditure : Govt. Final Consumption Expenditure,5.68,2025-03
2025,Q1,Growth Rates Y-o-Y,Gross Final Consumption Expenditure : Private Final Consumption Expenditure,4.97,2025-03
2025,Q2,Growth Rates Y-o-Y,Gross Final Consumption Expenditure,3.58,2025-06
2025,Q2,Growth Rates Y-o-Y,Gross Capital Formation,7.14,2025-06
2025,Q3,Growth Rates Y-o-Y,Gross Final Consumption Expenditure,3.04,2025-09
2025,Q3,Growth Rates Y-o-Y,Gross Final Consumption Expenditure : Govt. Final Consumption Expenditure,-0.5,2025-09
2025,Q3,Growth Rates Y-o-Y,Gross Capital Formation : Gross Fixed Capital Formation : Government,-18.94,2025-09
2025,Q3,Growth Rates Y-o-Y,Gross Capital Formation : Gross Fixed Capital Formation : Non:Government,4.55,2025-09
2025,Q3,Growth Rates Y-o-Y,Gross Capital Formation : Gross Fixed Capital Formation : Non:Government : Non-Oil,9.81,2025-09
2025,Q4,Growth Rates Y-o-Y,Gross Final Consumption Expenditure : Private Final Consumption Expenditure,5.43,2025-12
2025,Q4,Growth Rates Y-o-Y,Gross Capital Formation : Gross Fixed Capital Formation : Government,-23.76,2025-12
2025,Q4,Growth Rates Y-o-Y,Gross Capital Formation : Gross Fixed Capital Formation : Non:Government,2.08,2025-12
2010,Q1,Million of Saudi Riyals,Gross Final Consumption Expenditure,249583.0,2010-03
2010,Q1,Million of Saudi Riyals,Gross Capital Formation : Gross Fixed Capital Formation : Non:Government : Oil,14688.0,2010-03
2010,Q1,Million of Saudi Riyals,Gross Capital Formation : Change in Inventories,25648.0,2010-03
2010,Q1,Million of Saudi Riyals,Domestic Final Demand,391849.0,2010-03
2010,Q1,Million of Saudi Riyals,Gross Domestic Product,474288.0,2010-03
2010,Q2,Million of Saudi Riyals,Gross Capital Formation : Gross Fixed Capital Formation : Non:Government : Oil,14766.0,2010-06
2010,Q3,Million of Saudi Riyals,Gross Capital Formation : Gross Fixed Capital Formation : Non:Government : Non-Oil,66338.0,2010-09
2010,Q3,Million of Saudi Riyals,Gross Capital Formation : Change in Inventories,50570.0,2010-09
2010,Q4,Million of Saudi Riyals,Gross Final Consumption Expenditure : Govt. Final Consumption Expenditure,121496.0,2010-12
2010,Q4,Million of Saudi Riyals,Gross Final Consumption Expenditure : Private Final Consumption Expenditure,154167.0,2010-12
2010,Q4,Million of Saudi Riyals,Gross Capital Formation : Gross Fixed Capital Formation,144111.0,2010-12
2010,Q4,Million of Saudi Riyals,Gross Capital Formation : Change in Inventories,13065.0,2010-12
2010,Q4,Million of Saudi Riyals,Domestic Final Demand,432839.0,2010-12
2011,Q1,Million of Saudi Riyals,Gross Capital Formation : Gross Fixed Capital Formation : Government,67235.0,2011-03
2011,Q1,Million of Saudi Riyals,Gross Capital Formation : Gross Fixed Capital Formation : Non:Government,86748.0,2011-03
2011,Q1,Million of Saudi Riyals,Gross Capital Formation : Gross Fixed Capital Formation : Non:Government : Non-Oil,70976.0,2011-03
2011,Q2,Million of Saudi Riyals,Gross Final Consumption Expenditure,313968.0,2011-06
2011,Q2,Million of Saudi Riyals,Gross Capital Formation,166634.0,2011-06
2011,Q2,Million of Saudi Riyals,Gross Capital Formation : Gross Fixed Capital Formation : Non:Government : Non-Oil,71515.0,2011-06
2011,Q2,Million of Saudi Riyals,Domestic Final Demand,480601.0,2011-06
2011,Q2,Million of Saudi Riyals,Net Exports,162793.0,2011-06
2011,Q3,Million of Saudi Riyals,Gross Final Consumption Expenditure : Private Final Consumption Expenditure,179841.0,2011-09
2011,Q4,Million of Saudi Riyals,Gross Capital Formation,193046.0,2011-12
2011,Q4,Million of Saudi Riyals,Gross Capital Formation : Gross Fixed Capital Formation : Non:Government : Non-Oil,73058.0,2011-12
2012,Q1,Million of Saudi Riyals,Gross Final Consumption Expenditure : Govt. Final Consumption Expenditure,130274.0,2012-03
2012,Q1,Million of Saudi Riyals,Gross Capital Formation,188827.0,2012-03
2012,Q1,Million of Saudi Riyals,Gross Capital Formation : Gross Fixed Capital Formation,180851.0,2012-03
2012,Q1,Million of Saudi Riyals,Gross Capital Formation : Change in Inventories,7976.0,2012-03
2012,Q1,Million of Saudi Riyals,Net Exports,199801.0,2012-03
2012,Q2,Million of Saudi Riyals,Gross Final Consumption Expenditure : Private Final Consumption Expenditure,204832.0,2012-06
2012,Q2,Million of Saudi Riyals,Gross Capital Formation : Gross Fixed Capital Formation : Non:Government : Oil,11566.0,2012-06
2012,Q3,Million of Saudi Riyals,Gross Final Consumption Expenditure,387355.0,2012-09
2012,Q3,Million of Saudi Riyals,Gross Final Consumption Expenditure : Private Final Consumption Expenditure,209331.0,2012-09
2012,Q3,Million of Saudi Riyals,Gross Capital Formation,160287.0,2012-09
2012,Q3,Million of Saudi Riyals,Gross Capital Formation : Gross Fixed Capital Formation : Government,54156.0,2012-09
2012,Q3,Million of Saudi Riyals,Gross Capital Formation : Gross Fixed Capital Formation : Non:Government,92732.0,2012-09
2012,Q4,Million of Saudi Riyals,Gross Capital Formation : Gross Fixed Capital Formation : Government,56644.0,2012-12
2012,Q4,Million of Saudi Riyals,Gross Capital Formation : Gross Fixed Capital Formation : Non:Government,98928.0,2012-12
2013,Q1,Million of Saudi Riyals,Gross Capital Formation : Gross Fixed Capital Formation : Government,75353.0,2013-03
2013,Q1,Million of Saudi Riyals,Net Exports,140154.0,2013-03
2013,Q2,Million of Saudi Riyals,Gross Final Consumption Expenditure,374752.0,2013-06
2013,Q2,Million of Saudi Riyals,Gross Capital Formation : Change in Inventories,71764.0,2013-06
2013,Q2,Million of Saudi Riyals,Net Exports : Imports of Goods & Services,223656.0,2013-06
2013,Q3,Million of Saudi Riyals,Gross Final Consumption Expenditure : Private Final Consumption Expenditure,229559.0,2013-09
2013,Q4,Million of Saudi Riyals,Gross Final Consumption Expenditure : Govt. Final Consumption Expenditure,193307.0,2013-12
2013,Q4,Million of Saudi Riyals,Gross Capital Formation : Gross Fixed Capital Formation,184147.0,2013-12
2013,Q4,Million of Saudi Riyals,Gross Capital Formation : Gross Fixed Capital Formation : Government,74175.0,2013-12
2013,Q4,Million of Saudi Riyals,Gross Capital Formation : Change in Inventories,-50306.0,2013-12
2014,Q1,Million of Saudi Riyals,Gross Final Consumption Expenditure,450868.0,2014-03
2014,Q1,Million of Saudi Riyals,Gross Final Consumption Expenditure : Private Final Consumption Expenditure,237304.0,2014-03
2014,Q1,Million of Saudi Riyals,Gross Capital Formation : Gross Fixed Capital Formation : Government,65621.0,2014-03
2014,Q1,Million of Saudi Riyals,Net Exports : Exports of Goods & Services,364938.0,2014-03
2014,Q2,Million of Saudi Riyals,Gross Final Consumption Expenditure : Govt. Final Consumption Expenditure,184187.0,2014-06
2014,Q2,Million of Saudi Riyals,Gross Capital Formation : Gross Fixed Capital Formation : Non:Government,117459.0,2014-06
2014,Q2,Million of Saudi Riyals,Net Exports : Imports of Goods & Services,225050.0,2014-06
2014,Q3,Million of Saudi Riyals,Gross Capital Formation : Gross Fixed Capital Formation : Non:Government : Non-Oil,95407.0,2014-09
2014,Q4,Million of Saudi Riyals,Gross Capital Formation : Gross Fixed Capital Formation : Government,87734.0,2014-12
2014,Q4,Million of Saudi Riyals,Net Exports : Exports of Goods & Services,267095.0,2014-12
2015,Q1,Million of Saudi Riyals,Gross Capital Formation : Gross Fixed Capital Formation : Government,75618.0,2015-03
2015,Q2,Million of Saudi Riyals,Gross Final Consumption Expenditure : Private Final Consumption Expenditure,280203.0,2015-06
2015,Q2,Million of Saudi Riyals,Gross Capital Formation : Gross Fixed Capital Formation : Non:Government,125809.0,2015-06
2015,Q2,Million of Saudi Riyals,Gross Capital Formation : Change in Inventories,6974.0,2015-06
2015,Q2,Million of Saudi Riyals,Net Exports,-8590.0,2015-06
2015,Q2,Million of Saudi Riyals,Gross Domestic Product,684728.0,2015-06
2015,Q3,Million of Saudi Riyals,Gross Capital Formation : Gross Fixed Capital Formation,182955.0,2015-09
2015,Q4,Million of Saudi Riyals,Gross Final Consumption Expenditure,446151.0,2015-12
2015,Q4,Million of Saudi Riyals,Gross Capital Formation : Gross Fixed Capital Formation : Non:Government : Oil,17881.0,2015-12
2015,Q4,Million of Saudi Riyals,Gross Capital Formation : Gross Fixed Capital Formation : Non:Government : Non-Oil,101933.0,2015-12
2015,Q4,Million of Saudi Riyals,Net Exports : Exports of Goods & Services,175218.0,2015-12
2016,Q1,Million of Saudi Riyals,Gross Final Consumption Expenditure : Govt. Final Consumption Expenditure,156845.0,2016-03
2016,Q1,Million of Saudi Riyals,Gross Capital Formation : Change in Inventories,34341.0,2016-03
2016,Q1,Million of Saudi Riyals,Net Exports : Exports of Goods & Services,156500.0,2016-03
2016,Q2,Million of Saudi Riyals,Gross Capital Formation,195737.0,2016-06
2016,Q2,Million of Saudi Riyals,Gross Capital Formation : Gross Fixed Capital Formation : Non:Government,128919.0,2016-06
2016,Q2,Million of Saudi Riyals,Gross Capital Formation : Gross Fixed Capital Formation : Non:Government : Oil,17251.0,2016-06
2016,Q2,Million of Saudi Riyals,Net Exports,-2674.0,2016-06
2016,Q2,Million of Saudi Riyals,Net Exports : Imports of Goods & Services,194606.0,2016-06
2016,Q2,Million of Saudi Riyals,Gross Domestic Product,654884.0,2016-06
2016,Q3,Million of Saudi Riyals,Gross Final Consumption Expenditure,442700.0,2016-09
2016,Q3,Million of Saudi Riyals,Gross Capital Formation : Gross Fixed Capital Formation : Non:Government,104239.0,2016-09
2016,Q3,Million of Saudi Riyals,Gross Capital Formation : Gross Fixed Capital Formation : Non:Government : Oil,17584.0,2016-09
2016,Q3,Million of Saudi Riyals,Gross Capital Formation : Change in Inventories,33814.0,2016-09
2016,Q4,Million of Saudi Riyals,Gross Capital Formation : Gross Fixed Capital Formation,195789.0,2016-12
2016,Q4,Million of Saudi Riyals,Domestic Final Demand,652465.0,2016-12
2016,Q4,Million of Saudi Riyals,Net Exports : Exports of Goods & Services,209575.0,2016-12
2017,Q1,Million of Saudi Riyals,Gross Final Consumption Expenditure,444003.0,2017-03
2017,Q1,Million of Saudi Riyals,Gross Capital Formation : Gross Fixed Capital Formation : Non:Government : Non-Oil,110210.0,2017-03
2017,Q1,Million of Saudi Riyals,Domestic Final Demand,626572.0,2017-03
2017,Q1,Million of Saudi Riyals,Net Exports : Exports of Goods & Services,221207.0,2017-03
2017,Q1,Million of Saudi Riyals,Net Exports : Imports of Goods & Services,177143.0,2017-03
2017,Q2,Million of Saudi Riyals,Gross Final Consumption Expenditure,468650.0,2017-06
2017,Q2,Million of Saudi Riyals,Gross Final Consumption Expenditure : Private Final Consumption Expenditure,319124.0,2017-06
2017,Q2,Million of Saudi Riyals,Gross Capital Formation,208626.0,2017-06
2017,Q2,Million of Saudi Riyals,Gross Capital Formation : Gross Fixed Capital Formation,161362.0,2017-06
2017,Q2,Million of Saudi Riyals,Domestic Final Demand,677276.0,2017-06
2017,Q3,Million of Saudi Riyals,Gross Final Consumption Expenditure,475456.0,2017-09
2017,Q3,Million of Saudi Riyals,Domestic Final Demand,654884.0,2017-09
2017,Q4,Million of Saudi Riyals,Gross Capital Formation : Gross Fixed Capital Formation : Government,92532.0,2017-12
2017,Q4,Million of Saudi Riyals,Gross Capital Formation : Gross Fixed Capital Formation : Non:Government : Non-Oil,88826.0,2017-12
2017,Q4,Million of Saudi Riyals,Net Exports,51639.0,2017-12
2017,Q4,Million of Saudi Riyals,Net Exports : Exports of Goods & Services,253037.0,2017-12
2017,Q4,Million of Saudi Riyals,Gross Domestic Product,728302.0,2017-12
2018,Q1,Million of Saudi Riyals,Gross Final Consumption Expenditure,492707.0,2018-03
2018,Q1,Million of Saudi Riyals,Gross Capital Formation,212358.0,2018-03
2018,Q1,Million of Saudi Riyals,Gross Capital Formation : Gross Fixed Capital Formation : Non:Government : Oil,26464.0,2018-03
2018,Q2,Million of Saudi Riyals,Gross Capital Formation,182665.0,2018-06
2018,Q2,Million of Saudi Riyals,Gross Capital Formation : Gross Fixed Capital Formation : Government,42794.0,2018-06
2018,Q2,Million of Saudi Riyals,Gross Capital Formation : Gross Fixed Capital Formation : Non:Government : Oil,26762.0,2018-06
2018,Q2,Million of Saudi Riyals,Gross Capital Formation : Gross Fixed Capital Formation : Non:Government : Non-Oil,118977.0,2018-06
2018,Q2,Million of Saudi Riyals,Net Exports : Exports of Goods & Services,299490.0,2018-06
2018,Q2,Million of Saudi Riyals,Gross Domestic Product,844768.0,2018-06
2018,Q3,Million of Saudi Riyals,Gross Capital Formation : Gross Fixed Capital Formation : Government,34797.0,2018-09
2018,Q3,Million of Saudi Riyals,Gross Capital Formation : Gross Fixed Capital Formation : Non:Government,121439.0,2018-09
2018,Q3,Million of Saudi Riyals,Gross Capital Formation : Change in Inventories,30146.0,2018-09
2018,Q3,Million of Saudi Riyals,Domestic Final Demand,715431.0,2018-09
2018,Q3,Million of Saudi Riyals,Net Exports,127680.0,2018-09
2018,Q3,Million of Saudi Riyals,Net Exports : Exports of Goods & Services,312028.0,2018-09
2018,Q4,Million of Saudi Riyals,Gross Capital Formation : Gross Fixed Capital Formation,196581.0,2018-12
2018,Q4,Million of Saudi Riyals,Net Exports,95623.0,2018-12
2018,Q4,Million of Saudi Riyals,Net Exports : Exports of Goods & Services,307214.0,2018-12
2018,Q4,Million of Saudi Riyals,Net Exports : Imports of Goods & Services,211592.0,2018-12
2019,Q1,Million of Saudi Riyals,Gross Final Consumption Expenditure : Govt. Final Consumption Expenditure,160595.0,2019-03
2019,Q1,Million of Saudi Riyals,Gross Final Consumption Expenditure : Private Final Consumption Expenditure,357858.0,2019-03
2019,Q1,Million of Saudi Riyals,Gross Capital Formation,197323.0,2019-03
2019,Q1,Million of Saudi Riyals,Gross Capital Formation : Gross Fixed Capital Formation : Non:Government : Non-Oil,119510.0,2019-03
2019,Q1,Million of Saudi Riyals,Net Exports : Imports of Goods & Services,194877.0,2019-03
2019,Q2,Million of Saudi Riyals,Gross Capital Formation,220217.0,2019-06
2019,Q2,Million of Saudi Riyals,Gross Capital Formation : Gross Fixed Capital Formation,201774.0,2019-06
2019,Q3,Million of Saudi Riyals,Gross Final Consumption Expenditure : Private Final Consumption Expenditure,378509.0,2019-09
2019,Q3,Million of Saudi Riyals,Gross Capital Formation : Gross Fixed Capital Formation : Non:Government : Non-Oil,104546.0,2019-09
2019,Q4,Million of Saudi Riyals,Gross Final Consumption Expenditure,588958.0,2019-12
2019,Q4,Million of Saudi Riyals,Gross Final Consumption Expenditure : Govt. Final Consumption Expenditure,220759.0,2019-12
2019,Q4,Million of Saudi Riyals,Gross Final Consumption Expenditure : Private Final Consumption Expenditure,368200.0,2019-12
2019,Q4,Million of Saudi Riyals,Gross Capital Formation,217151.0,2019-12
2019,Q4,Million of Saudi Riyals,Gross Capital Formation : Gross Fixed Capital Formation : Non:Government,148153.0,2019-12
2019,Q4,Million of Saudi Riyals,Net Exports : Exports of Goods & Services,264638.0,2019-12
2020,Q1,Million of Saudi Riyals,Gross Final Consumption Expenditure,531357.0,2020-03
2020,Q1,Million of Saudi Riyals,Gross Final Consumption Expenditure : Govt. Final Consumption Expenditure,172506.0,2020-03
2020,Q1,Million of Saudi Riyals,Gross Capital Formation : Gross Fixed Capital Formation : Non:Government,154913.0,2020-03
2020,Q1,Million of Saudi Riyals,Net Exports : Imports of Goods & Services,179237.0,2020-03
2020,Q2,Million of Saudi Riyals,Gross Capital Formation : Gross Fixed Capital Formation : Non:Government,132855.0,2020-06
2020,Q2,Million of Saudi Riyals,Gross Capital Formation : Gross Fixed Capital Formation : Non:Government : Oil,30040.0,2020-06
2020,Q2,Million of Saudi Riyals,Gross Capital Formation : Change in Inventories,38460.0,2020-06
2020,Q2,Million of Saudi Riyals,Net Exports,-46229.0,2020-06
2020,Q3,Million of Saudi Riyals,Gross Final Consumption Expenditure : Govt. Final Consumption Expenditure,187760.0,2020-09
2020,Q3,Million of Saudi Riyals,Gross Capital Formation : Gross Fixed Capital Formation : Non:Government : Non-Oil,105423.0,2020-09
2020,Q3,Million of Saudi Riyals,Gross Capital Formation : Change in Inventories,-9571.0,2020-09
2020,Q4,Million of Saudi Riyals,Gross Final Consumption Expenditure : Private Final Consumption Expenditure,372089.0,2020-12
2020,Q4,Million of Saudi Riyals,Gross Capital Formation : Gross Fixed Capital Formation,192593.0,2020-12
2020,Q4,Million of Saudi Riyals,Net Exports : Imports of Goods & Services,178567.0,2020-12
2021,Q1,Million of Saudi Riyals,Gross Capital Formation : Gross Fixed Capital Formation : Non:Government,206678.0,2021-03
2021,Q1,Million of Saudi Riyals,Gross Capital Formation : Gross Fixed Capital Formation : Non:Government : Non-Oil,189539.0,2021-03
2021,Q2,Million of Saudi Riyals,Gross Final Consumption Expenditure : Govt. Final Consumption Expenditure,194703.0,2021-06
2021,Q2,Million of Saudi Riyals,Net Exports,53940.0,2021-06
2021,Q3,Million of Saudi Riyals,Gross Capital Formation : Gross Fixed Capital Formation,211205.0,2021-09
2021,Q3,Million of Saudi Riyals,Domestic Final Demand,875524.0,2021-09
2021,Q3,Million of Saudi Riyals,Net Exports,85978.0,2021-09
2021,Q3,Million of Saudi Riyals,Gross Domestic Product,961502.0,2021-09
2021,Q4,Million of Saudi Riyals,Gross Final Consumption Expenditure : Govt. Final Consumption Expenditure,245030.0,2021-12
2021,Q4,Million of Saudi Riyals,Gross Final Consumption Expenditure : Private Final Consumption Expenditure,415795.0,2021-12
2022,Q1,Million of Saudi Riyals,Net Exports : Imports of Goods & Services,204550.0,2022-03
2022,Q2,Million of Saudi Riyals,Net Exports : Imports of Goods & Services,261723.0,2022-06
2022,Q3,Million of Saudi Riyals,Net Exports : Exports of Goods & Services,439500.0,2022-09
2022,Q4,Million of Saudi Riyals,Gross Final Consumption Expenditure,730539.0,2022-12
2022,Q4,Million of Saudi Riyals,Gross Capital Formation : Gross Fixed Capital Formation : Non:Government,240458.0,2022-12
2022,Q4,Million of Saudi Riyals,Gross Capital Formation : Gross Fixed Capital Formation : Non:Government : Oil,36174.0,2022-12
2022,Q4,Million of Saudi Riyals,Gross Capital Formation : Gross Fixed Capital Formation : Non:Government : Non-Oil,204284.0,2022-12
2022,Q4,Million of Saudi Riyals,Domestic Final Demand,1034503.0,2022-12
2022,Q4,Million of Saudi Riyals,Net Exports : Imports of Goods & Services,263756.0,2022-12
2023,Q1,Million of Saudi Riyals,Gross Final Consumption Expenditure : Private Final Consumption Expenditure,486648.0,2023-03
2023,Q1,Million of Saudi Riyals,Gross Capital Formation,360610.0,2023-03
2023,Q1,Million of Saudi Riyals,Net Exports,83031.0,2023-03
2023,Q2,Million of Saudi Riyals,Gross Final Consumption Expenditure : Private Final Consumption Expenditure,495350.0,2023-06
2023,Q2,Million of Saudi Riyals,Gross Capital Formation,327396.0,2023-06
2023,Q2,Million of Saudi Riyals,Gross Capital Formation : Gross Fixed Capital Formation : Non:Government : Oil,36420.0,2023-06
2023,Q2,Million of Saudi Riyals,Gross Capital Formation : Gross Fixed Capital Formation : Non:Government : Non-Oil,227352.0,2023-06
2023,Q2,Million of Saudi Riyals,Domestic Final Demand,1047694.0,2023-06
2023,Q3,Million of Saudi Riyals,Gross Capital Formation : Gross Fixed Capital Formation : Non:Government,258881.0,2023-09
2023,Q3,Million of Saudi Riyals,Net Exports : Exports of Goods & Services,337361.0,2023-09
2023,Q4,Million of Saudi Riyals,Gross Final Consumption Expenditure : Govt. Final Consumption Expenditure,285881.0,2023-12
2023,Q4,Million of Saudi Riyals,Gross Capital Formation : Gross Fixed Capital Formation : Non:Government : Non-Oil,225775.0,2023-12
2023,Q4,Million of Saudi Riyals,Gross Capital Formation : Change in Inventories,-5304.0,2023-12
2023,Q4,Million of Saudi Riyals,Net Exports : Exports of Goods & Services,343415.0,2023-12
2023,Q4,Million of Saudi Riyals,Net Exports : Imports of Goods & Services,295400.0,2023-12
2024,Q1,Million of Saudi Riyals,Gross Final Consumption Expenditure : Private Final Consumption Expenditure,505009.0,2024-03
2024,Q1,Million of Saudi Riyals,Gross Capital Formation : Gross Fixed Capital Formation : Non:Government,327611.0,2024-03
2024,Q1,Million of Saudi Riyals,Gross Capital Formation : Gross Fixed Capital Formation : Non:Government : Oil,51557.0,2024-03
2024,Q1,Million of Saudi Riyals,Gross Capital Formation : Gross Fixed Capital Formation : Non:Government : Non-Oil,276054.0,2024-03
2024,Q2,Million of Saudi Riyals,Gross Capital Formation : Gross Fixed Capital Formation : Government,59348.0,2024-06
2024,Q2,Million of Saudi Riyals,Gross Capital Formation : Gross Fixed Capital Formation : Non:Government : Non-Oil,251353.0,2024-06
2024,Q2,Million of Saudi Riyals,Net Exports,51085.0,2024-06
2024,Q3,Million of Saudi Riyals,Gross Final Consumption Expenditure : Govt. Final Consumption Expenditure,251956.0,2024-09
2024,Q3,Million of Saudi Riyals,Gross Capital Formation,366179.0,2024-09
2024,Q3,Million of Saudi Riyals,Gross Capital Formation : Gross Fixed Capital Formation : Government,59305.0,2024-09
2024,Q3,Million of Saudi Riyals,Gross Capital Formation : Gross Fixed Capital Formation : Non:Government : Non-Oil,239616.0,2024-09
2024,Q3,Million of Saudi Riyals,Net Exports : Exports of Goods & Services,323257.0,2024-09
2024,Q4,Million of Saudi Riyals,Gross Capital Formation : Gross Fixed Capital Formation,366463.0,2024-12
2024,Q4,Million of Saudi Riyals,Gross Capital Formation : Gross Fixed Capital Formation : Non:Government,306659.0,2024-12
2024,Q4,Million of Saudi Riyals,Gross Capital Formation : Gross Fixed Capital Formation : Non:Government : Non-Oil,248402.0,2024-12
2024,Q4,Million of Saudi Riyals,Net Exports,-4148.0,2024-12
2025,Q1,Million of Saudi Riyals,Gross Capital Formation,389182.0,2025-03
2025,Q1,Million of Saudi Riyals,Net Exports : Imports of Goods & Services,322083.0,2025-03
2025,Q2,Million of Saudi Riyals,Gross Domestic Product,1180559.0,2025-06
2025,Q3,Million of Saudi Riyals,Gross Final Consumption Expenditure : Private Final Consumption Expenditure,566440.0,2025-09
2025,Q3,Million of Saudi Riyals,Gross Capital Formation : Gross Fixed Capital Formation : Government,48076.0,2025-09
2025,Q3,Million of Saudi Riyals,Net Exports : Exports of Goods & Services,360950.0,2025-09
2025,Q4,Million of Saudi Riyals,Gross Capital Formation : Gross Fixed Capital Formation : Non:Government : Non-Oil,254320.0,2025-12
2025,Q4,Million of Saudi Riyals,Gross Domestic Product,1210405.0,2025-12
2011,Q1,Growth Rates Y-o-Y,Gross Capital Formation : Gross Fixed Capital Formation,32.04,2011-03
2011,Q1,Growth Rates Y-o-Y,Gross Capital Formation : Gross Fixed Capital Formation : Non:Government : Oil,7.39,2011-03
2011,Q2,Growth Rates Y-o-Y,Gross Capital Formation,9.15,2011-06
2011,Q2,Growth Rates Y-o-Y,Gross Capital Formation : Gross Fixed Capital Formation : Non:Government : Oil,9.52,2011-06
2011,Q2,Growth Rates Y-o-Y,Gross Domestic Product,33.9,2011-06
2011,Q3,Growth Rates Y-o-Y,Gross Capital Formation : Gross Fixed Capital Formation,8.02,2011-09
2011,Q3,Growth Rates Y-o-Y,Gross Capital Formation : Gross Fixed Capital Formation : Non:Government : Non-Oil,9.23,2011-09
2011,Q3,Growth Rates Y-o-Y,Net Exports : Exports of Goods & Services,53.97,2011-09
2011,Q4,Growth Rates Y-o-Y,Gross Capital Formation : Gross Fixed Capital Formation : Non:Government : Non-Oil,9.77,2011-12
2012,Q1,Growth Rates Y-o-Y,Domestic Final Demand,16.62,2012-03
2012,Q1,Growth Rates Y-o-Y,Gross Domestic Product,19.57,2012-03
2012,Q2,Growth Rates Y-o-Y,Gross Final Consumption Expenditure,8.57,2012-06
2012,Q3,Growth Rates Y-o-Y,Gross Final Consumption Expenditure,26.69,2012-09
2012,Q3,Growth Rates Y-o-Y,Gross Final Consumption Expenditure : Private Final Consumption Expenditure,16.4,2012-09
2012,Q3,Growth Rates Y-o-Y,Gross Capital Formation : Gross Fixed Capital Formation : Non:Government : Oil,-34.12,2012-09
2012,Q3,Growth Rates Y-o-Y,Gross Capital Formation : Gross Fixed Capital Formation : Non:Government : Non-Oil,12.75,2012-09
2012,Q3,Growth Rates Y-o-Y,Net Exports : Imports of Goods & Services,-2.63,2012-09
2012,Q3,Growth Rates Y-o-Y,Gross Domestic Product,9.02,2012-09
2013,Q1,Growth Rates Y-o-Y,Gross Capital Formation : Gross Fixed Capital Formation : Government,-15.7,2013-03
2013,Q1,Growth Rates Y-o-Y,Domestic Final Demand,11.21,2013-03
2013,Q2,Growth Rates Y-o-Y,Gross Final Consumption Expenditure : Private Final Consumption Expenditure,7.13,2013-06
2013,Q2,Growth Rates Y-o-Y,Gross Capital Formation : Gross Fixed Capital Formation : Non:Government : Oil,39.88,2013-06
2013,Q2,Growth Rates Y-o-Y,Net Exports : Imports of Goods & Services,5.85,2013-06
2013,Q3,Growth Rates Y-o-Y,Gross Capital Formation : Gross Fixed Capital Formation : Government,-0.34,2013-09
2013,Q3,Growth Rates Y-o-Y,Domestic Final Demand,3.65,2013-09
2013,Q3,Growth Rates Y-o-Y,Gross Domestic Product,3.69,2013-09
2013,Q4,Growth Rates Y-o-Y,Gross Capital Formation : Gross Fixed Capital Formation : Government,30.95,2013-12
2013,Q4,Growth Rates Y-o-Y,Net Exports : Exports of Goods & Services,3.15,2013-12
2014,Q1,Growth Rates Y-o-Y,Gross Final Consumption Expenditure,23.08,2014-03
2014,Q1,Growth Rates Y-o-Y,Gross Capital Formation : Gross Fixed Capital Formation,0.96,2014-03
2014,Q1,Growth Rates Y-o-Y,Gross Capital Formation : Gross Fixed Capital Formation : Non:Government,10.84,2014-03
2014,Q1,Growth Rates Y-o-Y,Domestic Final Demand,11.31,2014-03
2014,Q1,Growth Rates Y-o-Y,Net Exports : Imports of Goods & Services,14.09,2014-03
2014,Q2,Growth Rates Y-o-Y,Net Exports : Imports of Goods & Services,0.62,2014-06
2014,Q3,Growth Rates Y-o-Y,Gross Final Consumption Expenditure : Govt. Final Consumption Expenditure,21.84,2014-09
2014,Q3,Growth Rates Y-o-Y,Gross Capital Formation,27.15,2014-09
2014,Q3,Growth Rates Y-o-Y,Gross Capital Formation : Gross Fixed Capital Formation,3.6,2014-09
2014,Q4,Growth Rates Y-o-Y,Gross Capital Formation,55.51,2014-12
2014,Q4,Growth Rates Y-o-Y,Domestic Final Demand,16.32,2014-12
2014,Q4,Growth Rates Y-o-Y,Net Exports : Imports of Goods & Services,15.86,2014-12
2015,Q1,Growth Rates Y-o-Y,Gross Final Consumption Expenditure : Govt. Final Consumption Expenditure,-3.94,2015-03
2015,Q1,Growth Rates Y-o-Y,Gross Capital Formation,4.7,2015-03
2015,Q1,Growth Rates Y-o-Y,Gross Capital Formation : Gross Fixed Capital Formation : Government,15.23,2015-03
2015,Q1,Growth Rates Y-o-Y,Net Exports : Exports of Goods & Services,-43.38,2015-03
2015,Q2,Growth Rates Y-o-Y,Gross Capital Formation : Gross Fixed Capital Formation : Government,18.17,2015-06
2015,Q4,Growth Rates Y-o-Y,Gross Capital Formation : Gross Fixed Capital Formation : Non:Government : Oil,-21.29,2015-12
2015,Q4,Growth Rates Y-o-Y,Net Exports : Imports of Goods & Services,-8.5,2015-12
2016,Q2,Growth Rates Y-o-Y,Gross Final Consumption Expenditure,-4.82,2016-06
2016,Q2,Growth Rates Y-o-Y,Gross Capital Formation : Gross Fixed Capital Formation : Non:Government : Oil,-27.06,2016-06
2016,Q2,Growth Rates Y-o-Y,Net Exports : Exports of Goods & Services,-17.66,2016-06
2016,Q3,Growth Rates Y-o-Y,Gross Final Consumption Expenditure : Govt. Final Consumption Expenditure,-23.37,2016-09
2016,Q3,Growth Rates Y-o-Y,Gross Capital Formation : Gross Fixed Capital Formation : Government,-43.06,2016-09
2016,Q3,Growth Rates Y-o-Y,Gross Domestic Product,0.63,2016-09
2016,Q4,Growth Rates Y-o-Y,Gross Capital Formation,-21.59,2016-12
2016,Q4,Growth Rates Y-o-Y,Net Exports : Exports of Goods & Services,19.61,2016-12
2017,Q1,Growth Rates Y-o-Y,Gross Final Consumption Expenditure,-2.4,2017-03
2017,Q1,Growth Rates Y-o-Y,Gross Capital Formation,-6.54,2017-03
2017,Q1,Growth Rates Y-o-Y,Gross Capital Formation : Gross Fixed Capital Formation,-0.45,2017-03
2017,Q1,Growth Rates Y-o-Y,Gross Capital Formation : Gross Fixed Capital Formation : Government,-12.55,2017-03
2017,Q1,Growth Rates Y-o-Y,Gross Capital Formation : Gross Fixed Capital Formation : Non:Government : Non-Oil,-3.6,2017-03
2017,Q1,Growth Rates Y-o-Y,Gross Domestic Product,10.2,2017-03
2017,Q2,Growth Rates Y-o-Y,Gross Final Consumption Expenditure : Private Final Consumption Expenditure,5.08,2017-06
2017,Q2,Growth Rates Y-o-Y,Gross Capital Formation,6.58,2017-06
2017,Q2,Growth Rates Y-o-Y,Gross Capital Formation : Gross Fixed Capital Formation,-5.56,2017-06
2017,Q2,Growth Rates Y-o-Y,Gross Domestic Product,4.27,2017-06
2017,Q3,Growth Rates Y-o-Y,Gross Final Consumption Expenditure,7.4,2017-09
2017,Q3,Growth Rates Y-o-Y,Gross Capital Formation : Gross Fixed Capital Formation : Non:Government,8.86,2017-09
2017,Q3,Growth Rates Y-o-Y,Gross Domestic Product,7.62,2017-09
2017,Q4,Growth Rates Y-o-Y,Gross Capital Formation,-15.78,2017-12
2017,Q4,Growth Rates Y-o-Y,Net Exports : Exports of Goods & Services,20.74,2017-12
2018,Q1,Growth Rates Y-o-Y,Gross Capital Formation : Gross Fixed Capital Formation : Non:Government : Non-Oil,7.51,2018-03
2018,Q2,Growth Rates Y-o-Y,Gross Final Consumption Expenditure : Private Final Consumption Expenditure,12.21,2018-06
2018,Q2,Growth Rates Y-o-Y,Gross Domestic Product,23.71,2018-06
2018,Q3,Growth Rates Y-o-Y,Gross Final Consumption Expenditure : Govt. Final Consumption Expenditure,12.18,2018-09
2018,Q4,Growth Rates Y-o-Y,Gross Capital Formation : Gross Fixed Capital Formation,-5.93,2018-12
2018,Q4,Growth Rates Y-o-Y,Gross Domestic Product,18.41,2018-12
2019,Q1,Growth Rates Y-o-Y,Gross Capital Formation : Gross Fixed Capital Formation : Government,4.94,2019-03
2019,Q1,Growth Rates Y-o-Y,Gross Capital Formation : Gross Fixed Capital Formation : Non:Government,0.67,2019-03
2019,Q1,Growth Rates Y-o-Y,Gross Capital Formation : Gross Fixed Capital Formation : Non:Government : Non-Oil,0.86,2019-03
2019,Q1,Growth Rates Y-o-Y,Domestic Final Demand,1.52,2019-03
2019,Q2,Growth Rates Y-o-Y,Gross Capital Formation,20.56,2019-06
2019,Q2,Growth Rates Y-o-Y,Gross Capital Formation : Gross Fixed Capital Formation : Government,31.2,2019-06
2019,Q2,Growth Rates Y-o-Y,Gross Capital Formation : Gross Fixed Capital Formation : Non:Government : Oil,-1.24,2019-06
2019,Q2,Growth Rates Y-o-Y,Domestic Final Demand,5.58,2019-06
2019,Q2,Growth Rates Y-o-Y,Net Exports : Exports of Goods & Services,-8.31,2019-06
2019,Q3,Growth Rates Y-o-Y,Gross Final Consumption Expenditure,6.2,2019-09
2019,Q4,Growth Rates Y-o-Y,Gross Capital Formation,33.71,2019-12
2019,Q4,Growth Rates Y-o-Y,Gross Capital Formation : Gross Fixed Capital Formation : Non:Government : Oil,15.67,2019-12
2019,Q4,Growth Rates Y-o-Y,Net Exports : Exports of Goods & Services,-13.86,2019-12
2020,Q1,Growth Rates Y-o-Y,Gross Capital Formation : Gross Fixed Capital Formation : Non:Government : Oil,30.19,2020-03
2020,Q1,Growth Rates Y-o-Y,Gross Capital Formation : Gross Fixed Capital Formation : Non:Government : Non-Oil,0.86,2020-03
2020,Q1,Growth Rates Y-o-Y,Domestic Final Demand,-0.97,2020-03
2020,Q2,Growth Rates Y-o-Y,Gross Capital Formation : Gross Fixed Capital Formation,-19.45,2020-06
2020,Q2,Growth Rates Y-o-Y,Gross Capital Formation : Gross Fixed Capital Formation : Non:Government : Oil,13.66,2020-06
2020,Q2,Growth Rates Y-o-Y,Domestic Final Demand,-11.45,2020-06
2020,Q2,Growth Rates Y-o-Y,Gross Domestic Product,-23.7,2020-06
2020,Q3,Growth Rates Y-o-Y,Gross Final Consumption Expenditure,0.61,2020-09
2020,Q3,Growth Rates Y-o-Y,Gross Capital Formation,-27.39,2020-09
2020,Q3,Growth Rates Y-o-Y,Gross Capital Formation : Gross Fixed Capital Formation,-6.41,2020-09
2020,Q3,Growth Rates Y-o-Y,Gross Capital Formation : Gross Fixed Capital Formation : Government,9.79,2020-09
2020,Q3,Growth Rates Y-o-Y,Gross Capital Formation : Gross Fixed Capital Formation : Non:Government : Non-Oil,0.84,2020-09
2020,Q4,Growth Rates Y-o-Y,Gross Final Consumption Expenditure : Private Final Consumption Expenditure,1.06,2020-12
2020,Q4,Growth Rates Y-o-Y,Gross Capital Formation : Gross Fixed Capital Formation,-0.56,2020-12
2020,Q4,Growth Rates Y-o-Y,Domestic Final Demand,-6.55,2020-12
2021,Q1,Growth Rates Y-o-Y,Gross Capital Formation : Gross Fixed Capital Formation : Non:Government : Non-Oil,57.25,2021-03
2021,Q2,Growth Rates Y-o-Y,Gross Capital Formation : Gross Fixed Capital Formation : Non:Government : Non-Oil,51.12,2021-06
2021,Q2,Growth Rates Y-o-Y,Domestic Final Demand,20.02,2021-06
2021,Q3,Growth Rates Y-o-Y,Gross Capital Formation,67.48,2021-09
2021,Q3,Growth Rates Y-o-Y,Gross Capital Formation : Gross Fixed Capital Formation : Non:Government,40.39,2021-09
2021,Q3,Growth Rates Y-o-Y,Gross Domestic Product,31.16,2021-09
2021,Q4,Growth Rates Y-o-Y,Gross Final Consumption Expenditure,6.94,2021-12
2021,Q4,Growth Rates Y-o-Y,Gross Final Consumption Expenditure : Private Final Consumption Expenditure,11.75,2021-12
2021,Q4,Growth Rates Y-o-Y,Gross Capital Formation : Gross Fixed Capital Formation : Non:Government,38.46,2021-12
2022,Q1,Growth Rates Y-o-Y,Gross Final Consumption Expenditure,9.03,2022-03
2022,Q1,Growth Rates Y-o-Y,Gross Final Consumption Expenditure : Govt. Final Consumption Expenditure,6.07,2022-03
2022,Q1,Growth Rates Y-o-Y,Gross Capital Formation : Gross Fixed Capital Formation,16.9,2022-03
2022,Q2,Growth Rates Y-o-Y,Gross Final Consumption Expenditure : Private Final Consumption Expenditure,12.11,2022-06
2022,Q2,Growth Rates Y-o-Y,Gross Capital Formation : Gross Fixed Capital Formation,36.96,2022-06
2022,Q3,Growth Rates Y-o-Y,Gross Capital Formation : Gross Fixed Capital Formation : Government,72.61,2022-09
2022,Q3,Growth Rates Y-o-Y,Gross Capital Formation : Gross Fixed Capital Formation : Non:Government,33.27,2022-09
2022,Q3,Growth Rates Y-o-Y,Net Exports : Exports of Goods & Services,54.79,2022-09
2022,Q4,Growth Rates Y-o-Y,Gross Final Consumption Expenditure,10.55,2022-12
2022,Q4,Growth Rates Y-o-Y,Gross Final Consumption Expenditure : Private Final Consumption Expenditure,10.42,2022-12
2022,Q4,Growth Rates Y-o-Y,Gross Domestic Product,13.89,2022-12
2023,Q1,Growth Rates Y-o-Y,Gross Final Consumption Expenditure,14.14,2023-03
2023,Q1,Growth Rates Y-o-Y,Gross Capital Formation : Gross Fixed Capital Formation : Government,51.77,2023-03
2023,Q1,Growth Rates Y-o-Y,Gross Capital Formation : Gross Fixed Capital Formation : Non:Government : Non-Oil,17.36,2023-03
2023,Q2,Growth Rates Y-o-Y,Gross Capital Formation : Gross Fixed Capital Formation : Non:Government,7.34,2023-06
2023,Q2,Growth Rates Y-o-Y,Gross Domestic Product,-7.56,2023-06
2023,Q3,Growth Rates Y-o-Y,Gross Final Consumption Expenditure,8.47,2023-09
2023,Q3,Growth Rates Y-o-Y,Gross Final Consumption Expenditure : Private Final Consumption Expenditure,8.88,2023-09
2023,Q3,Growth Rates Y-o-Y,Gross Capital Formation,11.54,2023-09
2023,Q3,Growth Rates Y-o-Y,Gross Capital Formation : Gross Fixed Capital Formation : Government,18.58,2023-09
2023,Q3,Growth Rates Y-o-Y,Gross Capital Formation : Gross Fixed Capital Formation : Non:Government : Non-Oil,5.8,2023-09
2023,Q4,Growth Rates Y-o-Y,Gross Final Consumption Expenditure : Govt. Final Consumption Expenditure,5.34,2023-12
2023,Q4,Growth Rates Y-o-Y,Gross Capital Formation : Gross Fixed Capital Formation : Non:Government : Non-Oil,10.52,2023-12
2024,Q1,Growth Rates Y-o-Y,Gross Final Consumption Expenditure : Govt. Final Consumption Expenditure,6.9,2024-03
2024,Q1,Growth Rates Y-o-Y,Gross Capital Formation : Gross Fixed Capital Formation : Government,33.7,2024-03
2024,Q2,Growth Rates Y-o-Y,Gross Final Consumption Expenditure,7.32,2024-06
2024,Q2,Growth Rates Y-o-Y,Gross Capital Formation : Gross Fixed Capital Formation : Non:Government,13.77,2024-06
2024,Q2,Growth Rates Y-o-Y,Gross Capital Formation : Gross Fixed Capital Formation : Non:Government : Non-Oil,10.56,2024-06
2024,Q2,Growth Rates Y-o-Y,Net Exports : Imports of Goods & Services,10.63,2024-06
2024,Q2,Growth Rates Y-o-Y,Gross Domestic Product,5.31,2024-06
2024,Q3,Growth Rates Y-o-Y,Gross Final Consumption Expenditure,6.67,2024-09
2024,Q3,Growth Rates Y-o-Y,Gross Capital Formation : Gross Fixed Capital Formation : Government,12.0,2024-09
2024,Q3,Growth Rates Y-o-Y,Gross Capital Formation : Gross Fixed Capital Formation : Non:Government : Oil,38.41,2024-09
2024,Q4,Growth Rates Y-o-Y,Gross Final Consumption Expenditure,2.26,2024-12
2024,Q4,Growth Rates Y-o-Y,Gross Capital Formation : Gross Fixed Capital Formation : Non:Government,18.6,2024-12
2025,Q1,Growth Rates Y-o-Y,Gross Capital Formation,5.26,2025-03
2025,Q1,Growth Rates Y-o-Y,Gross Capital Formation : Gross Fixed Capital Formation,8.28,2025-03
2025,Q1,Growth Rates Y-o-Y,Gross Capital Formation : Gross Fixed Capital Formation : Non:Government : Oil,18.54,2025-03
2025,Q1,Growth Rates Y-o-Y,Domestic Final Demand,5.21,2025-03
2025,Q2,Growth Rates Y-o-Y,Gross Final Consumption Expenditure : Govt. Final Consumption Expenditure,-3.19,2025-06
2025,Q2,Growth Rates Y-o-Y,Gross Final Consumption Expenditure : Private Final Consumption Expenditure,6.71,2025-06
2025,Q2,Growth Rates Y-o-Y,Gross Capital Formation : Gross Fixed Capital Formation : Non:Government,-0.08,2025-06
2025,Q2,Growth Rates Y-o-Y,Gross Capital Formation : Gross Fixed Capital Formation : Non:Government : Non-Oil,6.89,2025-06
2025,Q3,Growth Rates Y-o-Y,Domestic Final Demand,0.82,2025-09
2025,Q3,Growth Rates Y-o-Y,Net Exports : Imports of Goods & Services,5.7,2025-09
2025,Q3,Growth Rates Y-o-Y,Gross Domestic Product,2.5,2025-09
2025,Q4,Growth Rates Y-o-Y,Gross Capital Formation : Gross Fixed Capital Formation,-2.14,2025-12
2025,Q4,Growth Rates Y-o-Y,Domestic Final Demand,0.09,2025-12
