year,quarter,unit,economic_activity,gdp,date
2010,Q1,Million of Saudi Riyals,"Transport, Storage & Communication",25839.0,2010-03
2010,Q2,Million of Saudi Riyals,Mining & Quarrying,199176.0,2010-06
2010,Q2,Million of Saudi Riyals,Mining & Quarrying : Crude Petroleum & Natural Gas,197121.0,2010-06
2010,Q2,Million of Saudi Riyals,Construction,22029.0,2010-06
2010,Q2,Million of Saudi Riyals,"Finance, Insurance, Real Estate & Business Services : Finance , Insurance and Business sevices",23434.0,2010-06
2010,Q2,Million of Saudi Riyals,"Community, Social & Personal Services",8989.0,2010-06
2010,Q3,Million of Saudi Riyals,"Agriculture, Forestry & Fishing",14024.0,2010-09
2010,Q3,Million of Saudi Riyals,Manufacturing,53385.0,2010-09
2010,Q3,Million of Saudi Riyals,Manufacturing : Manufacturing excluding petroleum refining,38279.0,2010-09
2010,Q3,Million of Saudi Riyals,"Electricity, Gas and Water",10606.0,2010-09
2010,Q3,Million of Saudi Riyals,Construction,22449.0,2010-09
2010,Q3,Million of Saudi Riyals,"Wholesale & Retail Trade, Restaurants & hotels",43429.0,2010-09
2010,Q3,Million of Saudi Riyals,"Finance, Insurance, Real Estate & Business Services",44044.0,2010-09
2010,Q3,Million of Saudi Riyals,Government Activities,60771.0,2010-09
2010,Q3,Million of Saudi Riyals,Gross Domestic Product,483011.0,2010-09
2010,Q4,Million of Saudi Riyals,Mining & Quarrying,234722.0,2010-12
2010,Q4,Million of Saudi Riyals,Manufacturing,53245.0,2010-12
2010,Q4,Million of Saudi Riyals,Manufacturing : Petroleum Refining,18000.0,2010-12
2010,Q4,Million of Saudi Riyals,"Electricity, Gas and Water",4649.0,2010-12
2010,Q4,Million of Saudi Riyals,"Community, Social & Personal Services",9270.0,2010-12
2011,Q1,Million of Saudi Riyals,Manufacturing : Manufacturing excluding petroleum refining,47598.0,2011-03
2011,Q1,Million of Saudi Riyals,Construction,27838.0,2011-03
2011,Q1,Million of Saudi Riyals,"Transport, Storage & Communication",30100.0,2011-03
2011,Q1,Million of Saudi Riyals,"Finance, Insurance, Real Estate & Business Services : Finance , Insurance and Business sevices",25343.0,2011-03
2011,Q1,Million of Saudi Riyals,Gross Value Added,594389.0,2011-03
2011,Q2,Million of Saudi Riyals,Manufacturing : Petroleum Refining,16138.0,2011-06
2011,Q2,Million of Saudi Riyals,"Wholesale & Retail Trade, Restaurants & hotels",47517.0,2011-06
2011,Q2,Million of Saudi Riyals,"Finance, Insurance, Real Estate & Business Services : Real Estate",23690.0,2011-06
2011,Q2,Million of Saudi Riyals,"Community, Social & Personal Services",10949.0,2011-06
2011,Q2,Million of Saudi Riyals,Government Activities,82050.0,2011-06
2011,Q3,Million of Saudi Riyals,"Agriculture, Forestry & Fishing",14864.0,2011-09
2011,Q3,Million of Saudi Riyals,Manufacturing : Manufacturing excluding petroleum refining,47119.0,2011-09
2011,Q3,Million of Saudi Riyals,"Finance, Insurance, Real Estate & Business Services : Real Estate",23866.0,2011-09
2011,Q3,Million of Saudi Riyals,"Finance, Insurance, Real Estate & Business Services : Finance , Insurance and Business sevices",23477.0,2011-09
2011,Q3,Million of Saudi Riyals,"Community, Social & Personal Services",11027.0,2011-09
2011,Q4,Million of Saudi Riyals,Mining & Quarrying : Crude Petroleum & Natural Gas,323520.0,2011-12
2011,Q4,Million of Saudi Riyals,Mining & Quarrying : Other Mining & Quarrying,1948.0,2011-12
2011,Q4,Million of Saudi Riyals,Manufacturing : Manufacturing excluding petroleum refining,45899.0,2011-12
2011,Q4,Million of Saudi Riyals,"Electricity, Gas and Water",5617.0,2011-12
2011,Q4,Million of Saudi Riyals,Construction,27270.0,2011-12
2011,Q4,Million of Saudi Riyals,"Wholesale & Retail Trade, Restaurants & hotels",53497.0,2011-12
2012,Q1,Million of Saudi Riyals,Manufacturing,70501.0,2012-03
2012,Q1,Million of Saudi Riyals,Manufacturing : Petroleum Refining,18351.0,2012-03
2012,Q1,Million of Saudi Riyals,"Finance, Insurance, Real Estate & Business Services : Real Estate",32202.0,2012-03
2012,Q1,Million of Saudi Riyals,Gross Value Added,710618.0,2012-03
2012,Q1,Million of Saudi Riyals,Gross Domestic Product,714432.0,2012-03
2012,Q2,Million of Saudi Riyals,Manufacturing : Petroleum Refining,17307.0,2012-06
2012,Q2,Million of Saudi Riyals,"Electricity, Gas and Water",9461.0,2012-06
2012,Q2,Million of Saudi Riyals,Government Activities,80907.0,2012-06
2012,Q2,Million of Saudi Riyals,Net Taxes on Products,5260.0,2012-06
2012,Q3,Million of Saudi Riyals,Mining & Quarrying : Other Mining & Quarrying,2475.0,2012-09
2012,Q3,Million of Saudi Riyals,Manufacturing,67060.0,2012-09
2012,Q3,Million of Saudi Riyals,"Electricity, Gas and Water",13611.0,2012-09
2012,Q4,Million of Saudi Riyals,"Transport, Storage & Communication",32984.0,2012-12
2012,Q4,Million of Saudi Riyals,"Community, Social & Personal Services",12422.0,2012-12
2012,Q4,Million of Saudi Riyals,Gross Domestic Product,701339.0,2012-12
2013,Q1,Million of Saudi Riyals,Manufacturing : Petroleum Refining,14845.0,2013-03
2013,Q1,Million of Saudi Riyals,"Wholesale & Retail Trade, Restaurants & hotels",64154.0,2013-03
2013,Q1,Million of Saudi Riyals,"Finance, Insurance, Real Estate & Business Services",70542.0,2013-03
2013,Q2,Million of Saudi Riyals,Manufacturing : Manufacturing excluding petroleum refining,58263.0,2013-06
2013,Q3,Million of Saudi Riyals,"Agriculture, Forestry & Fishing",17148.0,2013-09
2013,Q3,Million of Saudi Riyals,Manufacturing : Manufacturing excluding petroleum refining,55805.0,2013-09
2013,Q3,Million of Saudi Riyals,"Finance, Insurance, Real Estate & Business Services : Real Estate",37926.0,2013-09
2013,Q4,Million of Saudi Riyals,Mining & Quarrying : Crude Petroleum & Natural Gas,306626.0,2013-12
2013,Q4,Million of Saudi Riyals,Mining & Quarrying : Other Mining & Quarrying,2385.0,2013-12
2013,Q4,Million of Saudi Riyals,"Finance, Insurance, Real Estate & Business Services : Finance , Insurance and Business sevices",31198.0,2013-12
2014,Q1,Million of Saudi Riyals,Manufacturing,81937.0,2014-03
2014,Q1,Million of Saudi Riyals,Manufacturing : Petroleum Refining,16803.0,2014-03
2014,Q1,Million of Saudi Riyals,"Electricity, Gas and Water",4510.0,2014-03
2014,Q1,Million of Saudi Riyals,"Finance, Insurance, Real Estate & Business Services",78103.0,2014-03
2014,Q2,Million of Saudi Riyals,Mining & Quarrying,310495.0,2014-06
2014,Q2,Million of Saudi Riyals,Mining & Quarrying : Crude Petroleum & Natural Gas,307626.0,2014-06
2014,Q2,Million of Saudi Riyals,Construction,40984.0,2014-06
2014,Q2,Million of Saudi Riyals,"Finance, Insurance, Real Estate & Business Services : Real Estate",40092.0,2014-06
2014,Q2,Million of Saudi Riyals,"Community, Social & Personal Services",16879.0,2014-06
2014,Q2,Million of Saudi Riyals,Gross Domestic Product,763677.0,2014-06
2014,Q3,Million of Saudi Riyals,Mining & Quarrying,288401.0,2014-09
2014,Q3,Million of Saudi Riyals,"Wholesale & Retail Trade, Restaurants & hotels",79695.0,2014-09
2014,Q3,Million of Saudi Riyals,"Finance, Insurance, Real Estate & Business Services",72841.0,2014-09
2014,Q3,Million of Saudi Riyals,Gross Value Added,753736.0,2014-09
2014,Q4,Million of Saudi Riyals,"Agriculture, Forestry & Fishing",14860.0,2014-12
2014,Q4,Million of Saudi Riyals,Mining & Quarrying : Other Mining & Quarrying,2454.0,2014-12
2014,Q4,Million of Saudi Riyals,Manufacturing : Manufacturing excluding petroleum refining,60954.0,2014-12
2014,Q4,Million of Saudi Riyals,"Wholesale & Retail Trade, Restaurants & hotels",75235.0,2014-12
2014,Q4,Million of Saudi Riyals,Gross Value Added,658611.0,2014-12
2015,Q1,Million of Saudi Riyals,Mining & Quarrying : Crude Petroleum & Natural Gas,148994.0,2015-03
2015,Q1,Million of Saudi Riyals,Manufacturing : Manufacturing excluding petroleum refining,71450.0,2015-03
2015,Q1,Million of Saudi Riyals,Gross Domestic Product,669419.0,2015-03
2015,Q2,Million of Saudi Riyals,"Agriculture, Forestry & Fishing",18482.0,2015-06
2015,Q2,Million of Saudi Riyals,Mining & Quarrying,178246.0,2015-06
2015,Q2,Million of Saudi Riyals,Manufacturing : Petroleum Refining,17855.0,2015-06
2015,Q2,Million of Saudi Riyals,Manufacturing : Manufacturing excluding petroleum refining,70903.0,2015-06
2015,Q2,Million of Saudi Riyals,"Finance, Insurance, Real Estate & Business Services : Real Estate",43155.0,2015-06
2015,Q2,Million of Saudi Riyals,Gross Value Added,679482.0,2015-06
2015,Q3,Million of Saudi Riyals,"Agriculture, Forestry & Fishing",19321.0,2015-09
2015,Q4,Million of Saudi Riyals,"Finance, Insurance, Real Estate & Business Services : Finance , Insurance and Business sevices",34797.0,2015-12
2016,Q1,Million of Saudi Riyals,"Agriculture, Forestry & Fishing",18327.0,2016-03
2016,Q1,Million of Saudi Riyals,Manufacturing : Petroleum Refining,16189.0,2016-03
2016,Q1,Million of Saudi Riyals,"Electricity, Gas and Water",5461.0,2016-03
2016,Q1,Million of Saudi Riyals,"Transport, Storage & Communication",42699.0,2016-03
2016,Q1,Million of Saudi Riyals,Net Taxes on Products,3564.0,2016-03
2016,Q1,Million of Saudi Riyals,Gross Domestic Product,608587.0,2016-03
2016,Q2,Million of Saudi Riyals,Manufacturing,88882.0,2016-06
2016,Q2,Million of Saudi Riyals,"Finance, Insurance, Real Estate & Business Services",82960.0,2016-06
2016,Q2,Million of Saudi Riyals,"Community, Social & Personal Services",21468.0,2016-06
2016,Q3,Million of Saudi Riyals,Mining & Quarrying : Other Mining & Quarrying,3119.0,2016-09
2016,Q3,Million of Saudi Riyals,"Transport, Storage & Communication",39342.0,2016-09
2016,Q3,Million of Saudi Riyals,"Finance, Insurance, Real Estate & Business Services : Real Estate",45913.0,2016-09
2016,Q3,Million of Saudi Riyals,"Community, Social & Personal Services",20786.0,2016-09
2016,Q3,Million of Saudi Riyals,Gross Domestic Product,648526.0,2016-09
2016,Q4,Million of Saudi Riyals,Manufacturing,85520.0,2016-12
2017,Q1,Million of Saudi Riyals,Mining & Quarrying,162291.0,2017-03
2017,Q1,Million of Saudi Riyals,Manufacturing : Manufacturing excluding petroleum refining,74122.0,2017-03
2017,Q1,Million of Saudi Riyals,"Finance, Insurance, Real Estate & Business Services",87836.0,2017-03
2017,Q2,Million of Saudi Riyals,Mining & Quarrying : Other Mining & Quarrying,3170.0,2017-06
2017,Q2,Million of Saudi Riyals,Manufacturing,94932.0,2017-06
2017,Q3,Million of Saudi Riyals,Mining & Quarrying,156278.0,2017-09
2017,Q3,Million of Saudi Riyals,Mining & Quarrying : Other Mining & Quarrying,3338.0,2017-09
2017,Q3,Million of Saudi Riyals,Gross Domestic Product,697938.0,2017-09
2017,Q4,Million of Saudi Riyals,"Agriculture, Forestry & Fishing",17940.0,2017-12
2017,Q4,Million of Saudi Riyals,Construction,43670.0,2017-12
2017,Q4,Million of Saudi Riyals,"Transport, Storage & Communication",47330.0,2017-12
2017,Q4,Million of Saudi Riyals,"Finance, Insurance, Real Estate & Business Services : Real Estate",49525.0,2017-12
2018,Q1,Million of Saudi Riyals,"Agriculture, Forestry & Fishing",19568.0,2018-03
2018,Q1,Million of Saudi Riyals,Manufacturing : Petroleum Refining,28944.0,2018-03
2018,Q1,Million of Saudi Riyals,"Transport, Storage & Communication",45977.0,2018-03
2018,Q1,Million of Saudi Riyals,"Finance, Insurance, Real Estate & Business Services : Finance , Insurance and Business sevices",36650.0,2018-03
2018,Q1,Million of Saudi Riyals,Government Activities,131746.0,2018-03
2018,Q1,Million of Saudi Riyals,Net Taxes on Products,19089.0,2018-03
2018,Q2,Million of Saudi Riyals,"Agriculture, Forestry & Fishing",20655.0,2018-06
2018,Q2,Million of Saudi Riyals,Mining & Quarrying : Other Mining & Quarrying,3281.0,2018-06
2018,Q2,Million of Saudi Riyals,"Community, Social & Personal Services",25038.0,2018-06
2018,Q2,Million of Saudi Riyals,Gross Value Added,826186.0,2018-06
2018,Q2,Million of Saudi Riyals,Net Taxes on Products,18583.0,2018-06
2018,Q3,Million of Saudi Riyals,"Agriculture, Forestry & Fishing",21747.0,2018-09
2018,Q3,Million of Saudi Riyals,Manufacturing,103121.0,2018-09
2018,Q3,Million of Saudi Riyals,"Electricity, Gas and Water",21521.0,2018-09
2018,Q3,Million of Saudi Riyals,"Wholesale & Retail Trade, Restaurants & hotels",84600.0,2018-09
2018,Q3,Million of Saudi Riyals,"Finance, Insurance, Real Estate & Business Services",86692.0,2018-09
2018,Q3,Million of Saudi Riyals,"Finance, Insurance, Real Estate & Business Services : Finance , Insurance and Business sevices",38762.0,2018-09
2018,Q3,Million of Saudi Riyals,Government Activities,128566.0,2018-09
2018,Q4,Million of Saudi Riyals,Mining & Quarrying,258666.0,2018-12
2018,Q4,Million of Saudi Riyals,Mining & Quarrying : Crude Petroleum & Natural Gas,255796.0,2018-12
2018,Q4,Million of Saudi Riyals,Construction,44833.0,2018-12
2019,Q1,Million of Saudi Riyals,"Finance, Insurance, Real Estate & Business Services : Real Estate",53121.0,2019-03
2019,Q1,Million of Saudi Riyals,"Community, Social & Personal Services",26167.0,2019-03
2019,Q1,Million of Saudi Riyals,Government Activities,141366.0,2019-03
2019,Q2,Million of Saudi Riyals,"Agriculture, Forestry & Fishing",21053.0,2019-06
2019,Q2,Million of Saudi Riyals,Mining & Quarrying : Crude Petroleum & Natural Gas,212849.0,2019-06
2019,Q2,Million of Saudi Riyals,Manufacturing : Petroleum Refining,26445.0,2019-06
2019,Q2,Million of Saudi Riyals,Construction,46930.0,2019-06
2019,Q2,Million of Saudi Riyals,Government Activities,149976.0,2019-06
2019,Q2,Million of Saudi Riyals,Gross Domestic Product,846688.0,2019-06
2019,Q3,Million of Saudi Riyals,Mining & Quarrying : Other Mining & Quarrying,3938.0,2019-09
2019,Q3,Million of Saudi Riyals,"Finance, Insurance, Real Estate & Business Services",92520.0,2019-09
2019,Q3,Million of Saudi Riyals,"Finance, Insurance, Real Estate & Business Services : Real Estate",49140.0,2019-09
2019,Q3,Million of Saudi Riyals,"Finance, Insurance, Real Estate & Business Services : Finance , Insurance and Business sevices",43379.0,2019-09
2019,Q4,Million of Saudi Riyals,Mining & Quarrying : Crude Petroleum & Natural Gas,218052.0,2019-12
2019,Q4,Million of Saudi Riyals,"Electricity, Gas and Water",11327.0,2019-12
2019,Q4,Million of Saudi Riyals,"Transport, Storage & Communication",51233.0,2019-12
2019,Q4,Million of Saudi Riyals,Government Activities,151118.0,2019-12
2019,Q4,Million of Saudi Riyals,Gross Value Added,830734.0,2019-12
2019,Q4,Million of Saudi Riyals,Net Taxes on Products,26574.0,2019-12
2020,Q1,Million of Saudi Riyals,"Agriculture, Forestry & Fishing",20283.0,2020-03
2020,Q1,Million of Saudi Riyals,Manufacturing,100315.0,2020-03
2020,Q1,Million of Saudi Riyals,"Finance, Insurance, Real Estate & Business Services : Finance , Insurance and Business sevices",42885.0,2020-03
2020,Q1,Million of Saudi Riyals,"Community, Social & Personal Services",28204.0,2020-03
2020,Q1,Million of Saudi Riyals,Government Activities,143639.0,2020-03
2020,Q2,Million of Saudi Riyals,"Agriculture, Forestry & Fishing",21663.0,2020-06
2020,Q2,Million of Saudi Riyals,Manufacturing : Petroleum Refining,12466.0,2020-06
2020,Q2,Million of Saudi Riyals,"Electricity, Gas and Water",14475.0,2020-06
2020,Q2,Million of Saudi Riyals,"Finance, Insurance, Real Estate & Business Services",93996.0,2020-06
2020,Q2,Million of Saudi Riyals,"Community, Social & Personal Services",26810.0,2020-06
2020,Q3,Million of Saudi Riyals,Manufacturing : Manufacturing excluding petroleum refining,76761.0,2020-09
2020,Q3,Million of Saudi Riyals,"Finance, Insurance, Real Estate & Business Services : Real Estate",49744.0,2020-09
2020,Q3,Million of Saudi Riyals,"Finance, Insurance, Real Estate & Business Services : Finance , Insurance and Business sevices",42232.0,2020-09
2020,Q3,Million of Saudi Riyals,Government Activities,139402.0,2020-09
2020,Q4,Million of Saudi Riyals,"Transport, Storage & Communication",45277.0,2020-12
2020,Q4,Million of Saudi Riyals,"Finance, Insurance, Real Estate & Business Services",101195.0,2020-12
2021,Q1,Million of Saudi Riyals,"Agriculture, Forestry & Fishing",21431.0,2021-03
2021,Q1,Million of Saudi Riyals,Mining & Quarrying : Crude Petroleum & Natural Gas,166344.0,2021-03
2021,Q1,Million of Saudi Riyals,Manufacturing,121867.0,2021-03
2021,Q1,Million of Saudi Riyals,"Community, Social & Personal Services",31906.0,2021-03
2021,Q2,Million of Saudi Riyals,"Agriculture, Forestry & Fishing",22692.0,2021-06
2021,Q2,Million of Saudi Riyals,Mining & Quarrying : Other Mining & Quarrying,4141.0,2021-06
2021,Q2,Million of Saudi Riyals,Manufacturing,122892.0,2021-06
2021,Q3,Million of Saudi Riyals,"Finance, Insurance, Real Estate & Business Services : Finance , Insurance and Business sevices",50826.0,2021-09
2021,Q3,Million of Saudi Riyals,Government Activities,142461.0,2021-09
2021,Q4,Million of Saudi Riyals,Manufacturing,146253.0,2021-12
2021,Q4,Million of Saudi Riyals,Manufacturing : Manufacturing excluding petroleum refining,100259.0,2021-12
2022,Q1,Million of Saudi Riyals,Mining & Quarrying : Other Mining & Quarrying,4397.0,2022-03
2022,Q1,Million of Saudi Riyals,Manufacturing : Manufacturing excluding petroleum refining,105719.0,2022-03
2022,Q1,Million of Saudi Riyals,"Electricity, Gas and Water",6928.0,2022-03
2022,Q2,Million of Saudi Riyals,Construction,69775.0,2022-06
2022,Q2,Million of Saudi Riyals,"Wholesale & Retail Trade, Restaurants & hotels",112795.0,2022-06
2022,Q2,Million of Saudi Riyals,"Finance, Insurance, Real Estate & Business Services : Real Estate",53357.0,2022-06
2022,Q2,Million of Saudi Riyals,Gross Value Added,1166004.0,2022-06
2022,Q2,Million of Saudi Riyals,Net Taxes on Products,52943.0,2022-06
2022,Q3,Million of Saudi Riyals,Mining & Quarrying,377156.0,2022-09
2022,Q3,Million of Saudi Riyals,Mining & Quarrying : Other Mining & Quarrying,4262.0,2022-09
2022,Q3,Million of Saudi Riyals,Government Activities,148827.0,2022-09
2022,Q4,Million of Saudi Riyals,"Finance, Insurance, Real Estate & Business Services",122238.0,2022-12
2023,Q1,Million of Saudi Riyals,Manufacturing : Petroleum Refining,62567.0,2023-03
2023,Q1,Million of Saudi Riyals,"Electricity, Gas and Water",8428.0,2023-03
2023,Q1,Million of Saudi Riyals,Construction,83267.0,2023-03
2023,Q1,Million of Saudi Riyals,"Wholesale & Retail Trade, Restaurants & hotels",123935.0,2023-03
2023,Q1,Million of Saudi Riyals,Government Activities,155180.0,2023-03
2023,Q2,Million of Saudi Riyals,Mining & Quarrying : Other Mining & Quarrying,4650.0,2023-06
2023,Q2,Million of Saudi Riyals,"Finance, Insurance, Real Estate & Business Services : Real Estate",58589.0,2023-06
2023,Q2,Million of Saudi Riyals,Net Taxes on Products,59841.0,2023-06
2023,Q3,Million of Saudi Riyals,"Transport, Storage & Communication",59228.0,2023-09
2023,Q4,Million of Saudi Riyals,Mining & Quarrying : Crude Petroleum & Natural Gas,247258.0,2023-12
2023,Q4,Million of Saudi Riyals,Mining & Quarrying : Other Mining & Quarrying,4315.0,2023-12
2023,Q4,Million of Saudi Riyals,"Finance, Insurance, Real Estate & Business Services : Real Estate",60253.0,2023-12
2023,Q4,Million of Saudi Riyals,Government Activities,161893.0,2023-12
2024,Q1,Million of Saudi Riyals,"Electricity, Gas and Water",11375.0,2024-03
2024,Q1,Million of Saudi Riyals,"Wholesale & Retail Trade, Restaurants & hotels",135014.0,2024-03
2024,Q1,Million of Saudi Riyals,"Community, Social & Personal Services",45997.0,2024-03
2024,Q1,Million of Saudi Riyals,Government Activities,160385.0,2024-03
2024,Q1,Million of Saudi Riyals,Gross Value Added,1101560.0,2024-03
2024,Q2,Million of Saudi Riyals,Mining & Quarrying : Other Mining & Quarrying,5054.0,2024-06
2024,Q2,Million of Saudi Riyals,"Finance, Insurance, Real Estate & Business Services",138349.0,2024-06
2024,Q3,Million of Saudi Riyals,Mining & Quarrying,234474.0,2024-09
2024,Q3,Million of Saudi Riyals,Mining & Quarrying : Other Mining & Quarrying,4918.0,2024-09
2024,Q3,Million of Saudi Riyals,Construction,92177.0,2024-09
2024,Q3,Million of Saudi Riyals,"Finance, Insurance, Real Estate & Business Services : Real Estate",65241.0,2024-09
2024,Q3,Million of Saudi Riyals,Government Activities,161509.0,2024-09
2024,Q3,Million of Saudi Riyals,Gross Domestic Product,1165884.0,2024-09
2024,Q4,Million of Saudi Riyals,Mining & Quarrying : Other Mining & Quarrying,4698.0,2024-12
2024,Q4,Million of Saudi Riyals,Manufacturing : Petroleum Refining,60733.0,2024-12
2024,Q4,Million of Saudi Riyals,"Finance, Insurance, Real Estate & Business Services",150316.0,2024-12
2024,Q4,Million of Saudi Riyals,"Finance, Insurance, Real Estate & Business Services : Real Estate",67600.0,2024-12
2025,Q1,Million of Saudi Riyals,"Agriculture, Forestry & Fishing",30192.0,2025-03
2025,Q2,Million of Saudi Riyals,Mining & Quarrying,201951.0,2025-06
2025,Q2,Million of Saudi Riyals,Manufacturing,194777.0,2025-06
2025,Q2,Million of Saudi Riyals,Manufacturing : Petroleum Refining,52005.0,2025-06
2025,Q3,Million of Saudi Riyals,"Agriculture, Forestry & Fishing",33544.0,2025-09
2025,Q3,Million of Saudi Riyals,Mining & Quarrying : Other Mining & Quarrying,5072.0,2025-09
2025,Q3,Million of Saudi Riyals,Construction,95709.0,2025-09
2025,Q3,Million of Saudi Riyals,"Finance, Insurance, Real Estate & Business Services",159100.0,2025-09
2025,Q3,Million of Saudi Riyals,"Community, Social & Personal Services",43833.0,2025-09
2025,Q3,Million of Saudi Riyals,Government Activities,166884.0,2025-09
2025,Q4,Million of Saudi Riyals,"Wholesale & Retail Trade, Restaurants & hotels",147243.0,2025-12
2025,Q4,Million of Saudi Riyals,Gross Domestic Product,1210405.0,2025-12
2011,Q1,Growth Rates Y-o-Y,Mining & Quarrying : Crude Petroleum & Natural Gas,43.79,2011-03
2011,Q1,Growth Rates Y-o-Y,Manufacturing : Manufacturing excluding petroleum refining,22.21,2011-03
2011,Q1,Growth Rates Y-o-Y,"Electricity, Gas and Water",19.96,2011-03
2011,Q2,Growth Rates Y-o-Y,Mining & Quarrying : Crude Petroleum & Natural Gas,53.85,2011-06
2011,Q2,Growth Rates Y-o-Y,Mining & Quarrying : Other Mining & Quarrying,10.16,2011-06
2011,Q2,Growth Rates Y-o-Y,Manufacturing : Petroleum Refining,6.25,2011-06
2011,Q2,Growth Rates Y-o-Y,"Electricity, Gas and Water",18.27,2011-06
2011,Q2,Growth Rates Y-o-Y,"Finance, Insurance, Real Estate & Business Services : Finance , Insurance and Business sevices",4.17,2011-06
2011,Q2,Growth Rates Y-o-Y,Government Activities,30.88,2011-06
2011,Q3,Growth Rates Y-o-Y,Mining & Quarrying : Other Mining & Quarrying,12.32,2011-09
2011,Q3,Growth Rates Y-o-Y,Manufacturing,19.27,2011-09
2011,Q3,Growth Rates Y-o-Y,"Wholesale & Retail Trade, Restaurants & hotels",22.91,2011-09
2011,Q3,Growth Rates Y-o-Y,Gross Domestic Product,33.63,2011-09
2011,Q4,Growth Rates Y-o-Y,"Agriculture, Forestry & Fishing",6.23,2011-12
2011,Q4,Growth Rates Y-o-Y,Manufacturing,18.54,2011-12
2011,Q4,Growth Rates Y-o-Y,Manufacturing : Petroleum Refining,-4.36,2011-12
2011,Q4,Growth Rates Y-o-Y,"Wholesale & Retail Trade, Restaurants & hotels",21.87,2011-12
2011,Q4,Growth Rates Y-o-Y,"Community, Social & Personal Services",21.45,2011-12
2011,Q4,Growth Rates Y-o-Y,Gross Value Added,22.8,2011-12
2011,Q4,Growth Rates Y-o-Y,Gross Domestic Product,22.68,2011-12
2012,Q1,Growth Rates Y-o-Y,Mining & Quarrying,29.52,2012-03
2012,Q1,Growth Rates Y-o-Y,Manufacturing,13.89,2012-03
2012,Q1,Growth Rates Y-o-Y,Manufacturing : Petroleum Refining,28.27,2012-03
2012,Q1,Growth Rates Y-o-Y,"Finance, Insurance, Real Estate & Business Services",19.77,2012-03
2012,Q1,Growth Rates Y-o-Y,"Finance, Insurance, Real Estate & Business Services : Finance , Insurance and Business sevices",11.55,2012-03
2012,Q2,Growth Rates Y-o-Y,Mining & Quarrying,8.37,2012-06
2012,Q2,Growth Rates Y-o-Y,Manufacturing,8.63,2012-06
2012,Q2,Growth Rates Y-o-Y,"Finance, Insurance, Real Estate & Business Services : Finance , Insurance and Business sevices",10.45,2012-06
2012,Q2,Growth Rates Y-o-Y,"Community, Social & Personal Services",14.57,2012-06
2012,Q3,Growth Rates Y-o-Y,"Agriculture, Forestry & Fishing",5.74,2012-09
2012,Q3,Growth Rates Y-o-Y,Mining & Quarrying,-0.02,2012-09
2012,Q3,Growth Rates Y-o-Y,Mining & Quarrying : Crude Petroleum & Natural Gas,-0.07,2012-09
2012,Q3,Growth Rates Y-o-Y,"Finance, Insurance, Real Estate & Business Services : Finance , Insurance and Business sevices",13.26,2012-09
2012,Q3,Growth Rates Y-o-Y,Government Activities,38.49,2012-09
2012,Q3,Growth Rates Y-o-Y,Net Taxes on Products,15.28,2012-09
2012,Q4,Growth Rates Y-o-Y,"Agriculture, Forestry & Fishing",5.51,2012-12
2012,Q4,Growth Rates Y-o-Y,Mining & Quarrying : Crude Petroleum & Natural Gas,-3.01,2012-12
2012,Q4,Growth Rates Y-o-Y,Manufacturing : Petroleum Refining,-3.94,2012-12
2012,Q4,Growth Rates Y-o-Y,Net Taxes on Products,61.76,2012-12
2013,Q1,Growth Rates Y-o-Y,"Agriculture, Forestry & Fishing",9.31,2013-03
2013,Q1,Growth Rates Y-o-Y,Manufacturing : Petroleum Refining,-19.11,2013-03
2013,Q1,Growth Rates Y-o-Y,Government Activities,15.55,2013-03
2013,Q2,Growth Rates Y-o-Y,Mining & Quarrying : Other Mining & Quarrying,7.4,2013-06
2013,Q2,Growth Rates Y-o-Y,Manufacturing,2.96,2013-06
2013,Q2,Growth Rates Y-o-Y,Manufacturing : Petroleum Refining,-17.06,2013-06
2013,Q2,Growth Rates Y-o-Y,Manufacturing : Manufacturing excluding petroleum refining,9.47,2013-06
2013,Q2,Growth Rates Y-o-Y,"Electricity, Gas and Water",-0.99,2013-06
2013,Q2,Growth Rates Y-o-Y,Construction,13.62,2013-06
2013,Q2,Growth Rates Y-o-Y,"Finance, Insurance, Real Estate & Business Services",17.49,2013-06
2013,Q2,Growth Rates Y-o-Y,"Finance, Insurance, Real Estate & Business Services : Real Estate",23.45,2013-06
2013,Q3,Growth Rates Y-o-Y,Manufacturing : Petroleum Refining,-4.41,2013-09
2013,Q3,Growth Rates Y-o-Y,"Electricity, Gas and Water",7.14,2013-09
2013,Q3,Growth Rates Y-o-Y,"Finance, Insurance, Real Estate & Business Services : Real Estate",23.5,2013-09
2013,Q3,Growth Rates Y-o-Y,"Community, Social & Personal Services",14.3,2013-09
2013,Q4,Growth Rates Y-o-Y,Mining & Quarrying,-2.2,2013-12
2013,Q4,Growth Rates Y-o-Y,Manufacturing,7.31,2013-12
2013,Q4,Growth Rates Y-o-Y,"Electricity, Gas and Water",11.49,2013-12
2013,Q4,Growth Rates Y-o-Y,"Transport, Storage & Communication",8.28,2013-12
2013,Q4,Growth Rates Y-o-Y,Gross Value Added,3.18,2013-12
2014,Q1,Growth Rates Y-o-Y,Mining & Quarrying : Crude Petroleum & Natural Gas,2.11,2014-03
2014,Q1,Growth Rates Y-o-Y,"Electricity, Gas and Water",3.65,2014-03
2014,Q1,Growth Rates Y-o-Y,"Finance, Insurance, Real Estate & Business Services : Finance , Insurance and Business sevices",8.47,2014-03
2014,Q1,Growth Rates Y-o-Y,"Community, Social & Personal Services",21.27,2014-03
2014,Q1,Growth Rates Y-o-Y,Net Taxes on Products,46.58,2014-03
2014,Q2,Growth Rates Y-o-Y,"Agriculture, Forestry & Fishing",6.42,2014-06
2014,Q2,Growth Rates Y-o-Y,Mining & Quarrying,1.37,2014-06
2014,Q2,Growth Rates Y-o-Y,Manufacturing : Manufacturing excluding petroleum refining,11.83,2014-06
2014,Q2,Growth Rates Y-o-Y,"Finance, Insurance, Real Estate & Business Services : Real Estate",6.21,2014-06
2014,Q2,Growth Rates Y-o-Y,Gross Domestic Product,5.82,2014-06
2014,Q3,Growth Rates Y-o-Y,"Agriculture, Forestry & Fishing",5.81,2014-09
2014,Q3,Growth Rates Y-o-Y,Manufacturing : Petroleum Refining,17.53,2014-09
2014,Q3,Growth Rates Y-o-Y,"Transport, Storage & Communication",6.92,2014-09
2014,Q4,Growth Rates Y-o-Y,Mining & Quarrying,-29.27,2014-12
2014,Q4,Growth Rates Y-o-Y,Manufacturing : Petroleum Refining,12.81,2014-12
2015,Q1,Growth Rates Y-o-Y,Mining & Quarrying,-51.41,2015-03
2015,Q1,Growth Rates Y-o-Y,Construction,7.45,2015-03
2015,Q1,Growth Rates Y-o-Y,"Finance, Insurance, Real Estate & Business Services : Real Estate",7.65,2015-03
2015,Q1,Growth Rates Y-o-Y,Net Taxes on Products,-4.26,2015-03
2015,Q1,Growth Rates Y-o-Y,Gross Domestic Product,-12.25,2015-03
2015,Q2,Growth Rates Y-o-Y,"Wholesale & Retail Trade, Restaurants & hotels",13.62,2015-06
2015,Q2,Growth Rates Y-o-Y,"Transport, Storage & Communication",6.7,2015-06
2015,Q2,Growth Rates Y-o-Y,"Finance, Insurance, Real Estate & Business Services : Finance , Insurance and Business sevices",9.69,2015-06
2015,Q2,Growth Rates Y-o-Y,Government Activities,22.11,2015-06
2015,Q3,Growth Rates Y-o-Y,Gross Domestic Product,-15.12,2015-09
2015,Q4,Growth Rates Y-o-Y,"Community, Social & Personal Services",9.29,2015-12
2015,Q4,Growth Rates Y-o-Y,Gross Value Added,-10.14,2015-12
2015,Q4,Growth Rates Y-o-Y,Gross Domestic Product,-9.66,2015-12
2016,Q1,Growth Rates Y-o-Y,Mining & Quarrying,-36.65,2016-03
2016,Q1,Growth Rates Y-o-Y,Mining & Quarrying : Other Mining & Quarrying,-2.94,2016-03
2016,Q1,Growth Rates Y-o-Y,Manufacturing : Petroleum Refining,9.17,2016-03
2016,Q1,Growth Rates Y-o-Y,Construction,-3.06,2016-03
2016,Q1,Growth Rates Y-o-Y,"Finance, Insurance, Real Estate & Business Services : Finance , Insurance and Business sevices",6.29,2016-03
2016,Q1,Growth Rates Y-o-Y,Gross Value Added,-9.04,2016-03
2016,Q1,Growth Rates Y-o-Y,Gross Domestic Product,-9.09,2016-03
2016,Q2,Growth Rates Y-o-Y,Mining & Quarrying,-23.44,2016-06
2016,Q2,Growth Rates Y-o-Y,Mining & Quarrying : Other Mining & Quarrying,-4.35,2016-06
2016,Q2,Growth Rates Y-o-Y,"Wholesale & Retail Trade, Restaurants & hotels",-0.16,2016-06
2016,Q2,Growth Rates Y-o-Y,"Transport, Storage & Communication",4.27,2016-06
2016,Q2,Growth Rates Y-o-Y,Gross Domestic Product,-4.36,2016-06
2016,Q3,Growth Rates Y-o-Y,"Agriculture, Forestry & Fishing",6.05,2016-09
2016,Q3,Growth Rates Y-o-Y,Manufacturing : Petroleum Refining,3.54,2016-09
2016,Q3,Growth Rates Y-o-Y,Construction,-3.18,2016-09
2016,Q3,Growth Rates Y-o-Y,Net Taxes on Products,-30.66,2016-09
2016,Q4,Growth Rates Y-o-Y,"Finance, Insurance, Real Estate & Business Services",5.19,2016-12
2016,Q4,Growth Rates Y-o-Y,Net Taxes on Products,-13.29,2016-12
2017,Q1,Growth Rates Y-o-Y,Mining & Quarrying : Crude Petroleum & Natural Gas,70.33,2017-03
2017,Q1,Growth Rates Y-o-Y,Manufacturing : Manufacturing excluding petroleum refining,2.04,2017-03
2017,Q1,Growth Rates Y-o-Y,"Electricity, Gas and Water",-1.42,2017-03
2017,Q1,Growth Rates Y-o-Y,Construction,-2.5,2017-03
2017,Q1,Growth Rates Y-o-Y,"Wholesale & Retail Trade, Restaurants & hotels",-2.6,2017-03
2017,Q2,Growth Rates Y-o-Y,Manufacturing,6.81,2017-06
2017,Q2,Growth Rates Y-o-Y,Manufacturing : Petroleum Refining,34.83,2017-06
2017,Q2,Growth Rates Y-o-Y,"Wholesale & Retail Trade, Restaurants & hotels",1.62,2017-06
2017,Q2,Growth Rates Y-o-Y,"Transport, Storage & Communication",4.51,2017-06
2017,Q2,Growth Rates Y-o-Y,"Finance, Insurance, Real Estate & Business Services",3.86,2017-06
2017,Q3,Growth Rates Y-o-Y,"Electricity, Gas and Water",11.0,2017-09
2017,Q3,Growth Rates Y-o-Y,Gross Value Added,7.31,2017-09
2017,Q3,Growth Rates Y-o-Y,Gross Domestic Product,7.62,2017-09
2017,Q4,Growth Rates Y-o-Y,"Finance, Insurance, Real Estate & Business Services",6.71,2017-12
2017,Q4,Growth Rates Y-o-Y,"Finance, Insurance, Real Estate & Business Services : Real Estate",4.1,2017-12
2018,Q1,Growth Rates Y-o-Y,"Agriculture, Forestry & Fishing",2.03,2018-03
2018,Q1,Growth Rates Y-o-Y,Mining & Quarrying,31.12,2018-03
2018,Q1,Growth Rates Y-o-Y,Manufacturing,11.75,2018-03
2018,Q1,Growth Rates Y-o-Y,Manufacturing : Petroleum Refining,46.07,2018-03
2018,Q1,Growth Rates Y-o-Y,"Electricity, Gas and Water",21.51,2018-03
2018,Q1,Growth Rates Y-o-Y,"Finance, Insurance, Real Estate & Business Services",1.29,2018-03
2018,Q1,Growth Rates Y-o-Y,"Finance, Insurance, Real Estate & Business Services : Real Estate",0.69,2018-03
2018,Q1,Growth Rates Y-o-Y,Gross Value Added,13.39,2018-03
2018,Q1,Growth Rates Y-o-Y,Net Taxes on Products,319.73,2018-03
2018,Q2,Growth Rates Y-o-Y,Mining & Quarrying,62.62,2018-06
2018,Q2,Growth Rates Y-o-Y,Gross Value Added,22.16,2018-06
2018,Q3,Growth Rates Y-o-Y,Net Taxes on Products,227.68,2018-09
2018,Q3,Growth Rates Y-o-Y,Gross Domestic Product,20.8,2018-09
2018,Q4,Growth Rates Y-o-Y,Mining & Quarrying,39.8,2018-12
2018,Q4,Growth Rates Y-o-Y,Mining & Quarrying : Crude Petroleum & Natural Gas,40.3,2018-12
2018,Q4,Growth Rates Y-o-Y,Manufacturing,14.39,2018-12
2018,Q4,Growth Rates Y-o-Y,Manufacturing : Manufacturing excluding petroleum refining,4.38,2018-12
2019,Q1,Growth Rates Y-o-Y,Manufacturing : Manufacturing excluding petroleum refining,7.02,2019-03
2019,Q1,Growth Rates Y-o-Y,"Community, Social & Personal Services",5.29,2019-03
2019,Q1,Growth Rates Y-o-Y,Gross Domestic Product,2.22,2019-03
2019,Q2,Growth Rates Y-o-Y,"Electricity, Gas and Water",1.4,2019-06
2019,Q2,Growth Rates Y-o-Y,"Finance, Insurance, Real Estate & Business Services",6.77,2019-06
2019,Q3,Growth Rates Y-o-Y,Manufacturing,1.4,2019-09
2019,Q3,Growth Rates Y-o-Y,"Electricity, Gas and Water",3.44,2019-09
2019,Q3,Growth Rates Y-o-Y,Gross Domestic Product,-0.63,2019-09
2019,Q4,Growth Rates Y-o-Y,Mining & Quarrying,-14.44,2019-12
2019,Q4,Growth Rates Y-o-Y,Mining & Quarrying : Other Mining & Quarrying,13.43,2019-12
2019,Q4,Growth Rates Y-o-Y,Manufacturing,2.06,2019-12
2019,Q4,Growth Rates Y-o-Y,"Transport, Storage & Communication",4.49,2019-12
2019,Q4,Growth Rates Y-o-Y,Gross Value Added,-0.89,2019-12
2020,Q1,Growth Rates Y-o-Y,"Finance, Insurance, Real Estate & Business Services : Finance , Insurance and Business sevices",5.2,2020-03
2020,Q1,Growth Rates Y-o-Y,"Community, Social & Personal Services",7.78,2020-03
2020,Q1,Growth Rates Y-o-Y,Gross Value Added,-7.54,2020-03
2020,Q2,Growth Rates Y-o-Y,Gross Value Added,-24.62,2020-06
2020,Q3,Growth Rates Y-o-Y,"Agriculture, Forestry & Fishing",5.63,2020-09
2020,Q3,Growth Rates Y-o-Y,Gross Value Added,-13.83,2020-09
2020,Q4,Growth Rates Y-o-Y,Mining & Quarrying : Crude Petroleum & Natural Gas,-43.07,2020-12
2020,Q4,Growth Rates Y-o-Y,Mining & Quarrying : Other Mining & Quarrying,5.92,2020-12
2020,Q4,Growth Rates Y-o-Y,Construction,3.48,2020-12
2020,Q4,Growth Rates Y-o-Y,Government Activities,-1.01,2020-12
2020,Q4,Growth Rates Y-o-Y,Net Taxes on Products,44.6,2020-12
2021,Q1,Growth Rates Y-o-Y,"Agriculture, Forestry & Fishing",5.66,2021-03
2021,Q1,Growth Rates Y-o-Y,Mining & Quarrying,20.22,2021-03
2021,Q1,Growth Rates Y-o-Y,Mining & Quarrying : Other Mining & Quarrying,5.23,2021-03
2021,Q1,Growth Rates Y-o-Y,"Electricity, Gas and Water",6.48,2021-03
2021,Q1,Growth Rates Y-o-Y,"Finance, Insurance, Real Estate & Business Services : Finance , Insurance and Business sevices",3.04,2021-03
2021,Q2,Growth Rates Y-o-Y,Manufacturing,36.07,2021-06
2021,Q2,Growth Rates Y-o-Y,Manufacturing : Manufacturing excluding petroleum refining,16.67,2021-06
2021,Q2,Growth Rates Y-o-Y,"Wholesale & Retail Trade, Restaurants & hotels",30.76,2021-06
2021,Q2,Growth Rates Y-o-Y,Gross Domestic Product,36.96,2021-06
2021,Q3,Growth Rates Y-o-Y,Mining & Quarrying : Crude Petroleum & Natural Gas,93.53,2021-09
2021,Q3,Growth Rates Y-o-Y,Mining & Quarrying : Other Mining & Quarrying,9.19,2021-09
2021,Q3,Growth Rates Y-o-Y,"Finance, Insurance, Real Estate & Business Services : Real Estate",0.17,2021-09
2021,Q3,Growth Rates Y-o-Y,"Community, Social & Personal Services",12.86,2021-09
2021,Q3,Growth Rates Y-o-Y,Government Activities,2.19,2021-09
2021,Q4,Growth Rates Y-o-Y,"Electricity, Gas and Water",9.73,2021-12
2021,Q4,Growth Rates Y-o-Y,Net Taxes on Products,43.48,2021-12
2022,Q1,Growth Rates Y-o-Y,Manufacturing,35.78,2022-03
2022,Q1,Growth Rates Y-o-Y,Manufacturing : Petroleum Refining,78.35,2022-03
2022,Q1,Growth Rates Y-o-Y,Manufacturing : Manufacturing excluding petroleum refining,19.64,2022-03
2022,Q1,Growth Rates Y-o-Y,Gross Value Added,31.17,2022-03
2022,Q2,Growth Rates Y-o-Y,"Wholesale & Retail Trade, Restaurants & hotels",14.53,2022-06
2022,Q2,Growth Rates Y-o-Y,Net Taxes on Products,-11.76,2022-06
2022,Q3,Growth Rates Y-o-Y,"Agriculture, Forestry & Fishing",18.39,2022-09
2022,Q3,Growth Rates Y-o-Y,Manufacturing,31.67,2022-09
2022,Q3,Growth Rates Y-o-Y,Manufacturing : Petroleum Refining,55.26,2022-09
2022,Q4,Growth Rates Y-o-Y,Manufacturing,27.67,2022-12
2022,Q4,Growth Rates Y-o-Y,Manufacturing : Petroleum Refining,59.4,2022-12
2022,Q4,Growth Rates Y-o-Y,Construction,40.43,2022-12
2022,Q4,Growth Rates Y-o-Y,"Transport, Storage & Communication",17.24,2022-12
2023,Q1,Growth Rates Y-o-Y,Mining & Quarrying,-12.89,2023-03
2023,Q1,Growth Rates Y-o-Y,Government Activities,5.47,2023-03
2023,Q1,Growth Rates Y-o-Y,Gross Value Added,6.49,2023-03
2023,Q2,Growth Rates Y-o-Y,Construction,13.91,2023-06
2023,Q2,Growth Rates Y-o-Y,"Finance, Insurance, Real Estate & Business Services",12.75,2023-06
2023,Q2,Growth Rates Y-o-Y,Government Activities,3.45,2023-06
2023,Q3,Growth Rates Y-o-Y,Mining & Quarrying : Other Mining & Quarrying,8.09,2023-09
2023,Q3,Growth Rates Y-o-Y,Manufacturing : Manufacturing excluding petroleum refining,-4.97,2023-09
2023,Q3,Growth Rates Y-o-Y,Construction,6.78,2023-09
2023,Q4,Growth Rates Y-o-Y,Mining & Quarrying,-13.6,2023-12
2023,Q4,Growth Rates Y-o-Y,Manufacturing : Petroleum Refining,-16.53,2023-12
2023,Q4,Growth Rates Y-o-Y,Manufacturing : Manufacturing excluding petroleum refining,7.41,2023-12
2024,Q1,Growth Rates Y-o-Y,"Agriculture, Forestry & Fishing",5.67,2024-03
2024,Q1,Growth Rates Y-o-Y,Manufacturing,2.28,2024-03
2024,Q1,Growth Rates Y-o-Y,"Wholesale & Retail Trade, Restaurants & hotels",8.94,2024-03
2024,Q1,Growth Rates Y-o-Y,"Finance, Insurance, Real Estate & Business Services : Finance , Insurance and Business sevices",14.85,2024-03
2024,Q1,Growth Rates Y-o-Y,Government Activities,3.35,2024-03
2024,Q1,Growth Rates Y-o-Y,Gross Value Added,1.44,2024-03
2024,Q2,Growth Rates Y-o-Y,"Finance, Insurance, Real Estate & Business Services : Finance , Insurance and Business sevices",13.02,2024-06
2024,Q2,Growth Rates Y-o-Y,"Community, Social & Personal Services",4.33,2024-06
2024,Q2,Growth Rates Y-o-Y,Gross Domestic Product,5.31,2024-06
2024,Q3,Growth Rates Y-o-Y,Construction,8.09,2024-09
2024,Q3,Growth Rates Y-o-Y,"Finance, Insurance, Real Estate & Business Services",13.76,2024-09
2024,Q3,Growth Rates Y-o-Y,"Finance, Insurance, Real Estate & Business Services : Real Estate",14.0,2024-09
2024,Q4,Growth Rates Y-o-Y,Mining & Quarrying : Other Mining & Quarrying,8.88,2024-12
2024,Q4,Growth Rates Y-o-Y,Manufacturing,4.04,2024-12
2024,Q4,Growth Rates Y-o-Y,Construction,8.57,2024-12
2025,Q1,Growth Rates Y-o-Y,"Agriculture, Forestry & Fishing",4.42,2025-03
2025,Q1,Growth Rates Y-o-Y,Mining & Quarrying : Crude Petroleum & Natural Gas,-7.14,2025-03
2025,Q1,Growth Rates Y-o-Y,Mining & Quarrying : Other Mining & Quarrying,2.23,2025-03
2025,Q1,Growth Rates Y-o-Y,Manufacturing,0.44,2025-03
2025,Q1,Growth Rates Y-o-Y,Construction,5.49,2025-03
2025,Q1,Growth Rates Y-o-Y,"Finance, Insurance, Real Estate & Business Services",11.83,2025-03
2025,Q1,Growth Rates Y-o-Y,"Finance, Insurance, Real Estate & Business Services : Real Estate",13.23,2025-03
2025,Q1,Growth Rates Y-o-Y,Net Taxes on Products,1.62,2025-03
2025,Q2,Growth Rates Y-o-Y,Mining & Quarrying : Other Mining & Quarrying,3.05,2025-06
2025,Q2,Growth Rates Y-o-Y,"Finance, Insurance, Real Estate & Business Services : Finance , Insurance and Business sevices",11.14,2025-06
2025,Q2,Growth Rates Y-o-Y,Government Activities,0.57,2025-06
2025,Q2,Growth Rates Y-o-Y,Gross Domestic Product,-0.51,2025-06
2025,Q3,Growth Rates Y-o-Y,"Agriculture, Forestry & Fishing",5.69,2025-09
2025,Q3,Growth Rates Y-o-Y,Mining & Quarrying : Crude Petroleum & Natural Gas,-7.2,2025-09
2025,Q3,Growth Rates Y-o-Y,Manufacturing,2.53,2025-09
2025,Q3,Growth Rates Y-o-Y,"Electricity, Gas and Water",2.56,2025-09
2025,Q3,Growth Rates Y-o-Y,"Finance, Insurance, Real Estate & Business Services : Real Estate",12.23,2025-09
2025,Q3,Growth Rates Y-o-Y,"Community, Social & Personal Services",5.86,2025-09
2025,Q4,Growth Rates Y-o-Y,Manufacturing,2.05,2025-12
2025,Q4,Growth Rates Y-o-Y,"Wholesale & Retail Trade, Restaurants & hotels",7.46,2025-12
2025,Q4,Growth Rates Y-o-Y,"Transport, Storage & Communication",5.97,2025-12
2010,Q1,Million of Saudi Riyals,Manufacturing : Manufacturing excluding petroleum refining,38948.0,2010-03
2010,Q1,Million of Saudi Riyals,"Finance, Insurance, Real Estate & Business Services : Finance , Insurance and Business sevices",24390.0,2010-03
2010,Q1,Million of Saudi Riyals,Gross Domestic Product,474288.0,2010-03
2010,Q2,Million of Saudi Riyals,Manufacturing : Petroleum Refining,15189.0,2010-06
2010,Q2,Million of Saudi Riyals,"Finance, Insurance, Real Estate & Business Services : Real Estate",21414.0,2010-06
2010,Q2,Million of Saudi Riyals,Gross Domestic Product,480510.0,2010-06
2010,Q3,Million of Saudi Riyals,Mining & Quarrying : Crude Petroleum & Natural Gas,195888.0,2010-09
2010,Q3,Million of Saudi Riyals,Mining & Quarrying : Other Mining & Quarrying,2053.0,2010-09
2010,Q3,Million of Saudi Riyals,Manufacturing : Petroleum Refining,15106.0,2010-09
2010,Q3,Million of Saudi Riyals,"Finance, Insurance, Real Estate & Business Services : Real Estate",21602.0,2010-09
2010,Q3,Million of Saudi Riyals,Net Taxes on Products,3664.0,2010-09
2010,Q4,Million of Saudi Riyals,Mining & Quarrying : Crude Petroleum & Natural Gas,232930.0,2010-12
2010,Q4,Million of Saudi Riyals,Government Activities,89891.0,2010-12
2011,Q1,Million of Saudi Riyals,"Electricity, Gas and Water",3498.0,2011-03
2011,Q1,Million of Saudi Riyals,"Finance, Insurance, Real Estate & Business Services : Real Estate",25147.0,2011-03
2011,Q2,Million of Saudi Riyals,"Agriculture, Forestry & Fishing",14272.0,2011-06
2011,Q2,Million of Saudi Riyals,Mining & Quarrying : Crude Petroleum & Natural Gas,303264.0,2011-06
2011,Q2,Million of Saudi Riyals,Manufacturing : Manufacturing excluding petroleum refining,48789.0,2011-06
2011,Q2,Million of Saudi Riyals,"Finance, Insurance, Real Estate & Business Services",48102.0,2011-06
2011,Q2,Million of Saudi Riyals,"Finance, Insurance, Real Estate & Business Services : Finance , Insurance and Business sevices",24412.0,2011-06
2011,Q2,Million of Saudi Riyals,Gross Domestic Product,643394.0,2011-06
2011,Q3,Million of Saudi Riyals,Mining & Quarrying,313430.0,2011-09
2011,Q3,Million of Saudi Riyals,Mining & Quarrying : Crude Petroleum & Natural Gas,311124.0,2011-09
2011,Q3,Million of Saudi Riyals,"Transport, Storage & Communication",27640.0,2011-09
2011,Q3,Million of Saudi Riyals,"Finance, Insurance, Real Estate & Business Services",47344.0,2011-09
2011,Q3,Million of Saudi Riyals,Net Taxes on Products,4994.0,2011-09
2011,Q3,Million of Saudi Riyals,Gross Domestic Product,645462.0,2011-09
2011,Q4,Million of Saudi Riyals,Mining & Quarrying,325468.0,2011-12
2011,Q4,Million of Saudi Riyals,"Transport, Storage & Communication",29929.0,2011-12
2011,Q4,Million of Saudi Riyals,Gross Value Added,661982.0,2011-12
2012,Q1,Million of Saudi Riyals,Mining & Quarrying : Crude Petroleum & Natural Gas,348761.0,2012-03
2012,Q1,Million of Saudi Riyals,"Finance, Insurance, Real Estate & Business Services : Finance , Insurance and Business sevices",28270.0,2012-03
2012,Q2,Million of Saudi Riyals,Manufacturing,70529.0,2012-06
2012,Q2,Million of Saudi Riyals,"Transport, Storage & Communication",31801.0,2012-06
2012,Q2,Million of Saudi Riyals,"Finance, Insurance, Real Estate & Business Services",57538.0,2012-06
2012,Q2,Million of Saudi Riyals,"Finance, Insurance, Real Estate & Business Services : Finance , Insurance and Business sevices",26962.0,2012-06
2012,Q3,Million of Saudi Riyals,Mining & Quarrying,313371.0,2012-09
2012,Q3,Million of Saudi Riyals,"Finance, Insurance, Real Estate & Business Services : Real Estate",30709.0,2012-09
2012,Q3,Million of Saudi Riyals,Gross Domestic Product,703676.0,2012-09
2012,Q4,Million of Saudi Riyals,"Agriculture, Forestry & Fishing",12794.0,2012-12
2012,Q4,Million of Saudi Riyals,Manufacturing,66971.0,2012-12
2012,Q4,Million of Saudi Riyals,Manufacturing : Petroleum Refining,16538.0,2012-12
2012,Q4,Million of Saudi Riyals,"Electricity, Gas and Water",6097.0,2012-12
2012,Q4,Million of Saudi Riyals,"Finance, Insurance, Real Estate & Business Services : Real Estate",30842.0,2012-12
2013,Q1,Million of Saudi Riyals,"Agriculture, Forestry & Fishing",15866.0,2013-03
2013,Q1,Million of Saudi Riyals,Mining & Quarrying : Other Mining & Quarrying,2820.0,2013-03
2013,Q1,Million of Saudi Riyals,Manufacturing,73415.0,2013-03
2013,Q1,Million of Saudi Riyals,"Electricity, Gas and Water",4351.0,2013-03
2013,Q2,Million of Saudi Riyals,Mining & Quarrying,306290.0,2013-06
2013,Q2,Million of Saudi Riyals,Mining & Quarrying : Crude Petroleum & Natural Gas,303633.0,2013-06
2013,Q2,Million of Saudi Riyals,"Finance, Insurance, Real Estate & Business Services",67603.0,2013-06
2013,Q2,Million of Saudi Riyals,"Community, Social & Personal Services",13846.0,2013-06
2013,Q2,Million of Saudi Riyals,Government Activities,95533.0,2013-06
2013,Q3,Million of Saudi Riyals,Mining & Quarrying : Crude Petroleum & Natural Gas,308691.0,2013-09
2013,Q3,Million of Saudi Riyals,"Wholesale & Retail Trade, Restaurants & hotels",68183.0,2013-09
2013,Q4,Million of Saudi Riyals,"Agriculture, Forestry & Fishing",12531.0,2013-12
2013,Q4,Million of Saudi Riyals,Manufacturing : Manufacturing excluding petroleum refining,55196.0,2013-12
2013,Q4,Million of Saudi Riyals,"Electricity, Gas and Water",6798.0,2013-12
2013,Q4,Million of Saudi Riyals,Net Taxes on Products,6026.0,2013-12
2014,Q1,Million of Saudi Riyals,Mining & Quarrying : Crude Petroleum & Natural Gas,310353.0,2014-03
2014,Q1,Million of Saudi Riyals,"Finance, Insurance, Real Estate & Business Services : Finance , Insurance and Business sevices",33607.0,2014-03
2014,Q1,Million of Saudi Riyals,Gross Domestic Product,762832.0,2014-03
2014,Q2,Million of Saudi Riyals,Manufacturing,82135.0,2014-06
2014,Q2,Million of Saudi Riyals,Manufacturing : Manufacturing excluding petroleum refining,65154.0,2014-06
2014,Q2,Million of Saudi Riyals,"Electricity, Gas and Water",10716.0,2014-06
2014,Q2,Million of Saudi Riyals,"Wholesale & Retail Trade, Restaurants & hotels",71008.0,2014-06
2014,Q2,Million of Saudi Riyals,"Finance, Insurance, Real Estate & Business Services : Finance , Insurance and Business sevices",32464.0,2014-06
2014,Q3,Million of Saudi Riyals,"Agriculture, Forestry & Fishing",18144.0,2014-09
2014,Q3,Million of Saudi Riyals,Mining & Quarrying : Other Mining & Quarrying,2994.0,2014-09
2014,Q3,Million of Saudi Riyals,Construction,41921.0,2014-09
2014,Q4,Million of Saudi Riyals,Mining & Quarrying,218558.0,2014-12
2014,Q4,Million of Saudi Riyals,Gross Domestic Product,666024.0,2014-12
2015,Q1,Million of Saudi Riyals,Manufacturing : Petroleum Refining,14829.0,2015-03
2015,Q1,Million of Saudi Riyals,"Electricity, Gas and Water",4922.0,2015-03
2015,Q1,Million of Saudi Riyals,"Finance, Insurance, Real Estate & Business Services",81319.0,2015-03
2015,Q1,Million of Saudi Riyals,"Finance, Insurance, Real Estate & Business Services : Finance , Insurance and Business sevices",33420.0,2015-03
2015,Q1,Million of Saudi Riyals,"Community, Social & Personal Services",20003.0,2015-03
2015,Q1,Million of Saudi Riyals,Government Activities,139561.0,2015-03
2015,Q1,Million of Saudi Riyals,Net Taxes on Products,4230.0,2015-03
2015,Q2,Million of Saudi Riyals,"Finance, Insurance, Real Estate & Business Services",78765.0,2015-06
2015,Q2,Million of Saudi Riyals,"Community, Social & Personal Services",19204.0,2015-06
2015,Q3,Million of Saudi Riyals,Mining & Quarrying : Other Mining & Quarrying,3240.0,2015-09
2015,Q3,Million of Saudi Riyals,Manufacturing : Petroleum Refining,16053.0,2015-09
2015,Q3,Million of Saudi Riyals,"Finance, Insurance, Real Estate & Business Services : Real Estate",45004.0,2015-09
2015,Q3,Million of Saudi Riyals,"Finance, Insurance, Real Estate & Business Services : Finance , Insurance and Business sevices",32360.0,2015-09
2015,Q3,Million of Saudi Riyals,Gross Domestic Product,644479.0,2015-09
2015,Q4,Million of Saudi Riyals,"Wholesale & Retail Trade, Restaurants & hotels",78316.0,2015-12
2015,Q4,Million of Saudi Riyals,"Finance, Insurance, Real Estate & Business Services : Real Estate",45220.0,2015-12
2016,Q1,Million of Saudi Riyals,Mining & Quarrying : Crude Petroleum & Natural Gas,93274.0,2016-03
2016,Q1,Million of Saudi Riyals,Construction,43542.0,2016-03
2016,Q1,Million of Saudi Riyals,"Wholesale & Retail Trade, Restaurants & hotels",77035.0,2016-03
2016,Q2,Million of Saudi Riyals,Mining & Quarrying,136460.0,2016-06
2016,Q2,Million of Saudi Riyals,Manufacturing : Manufacturing excluding petroleum refining,73293.0,2016-06
2016,Q2,Million of Saudi Riyals,Gross Value Added,645747.0,2016-06
2016,Q3,Million of Saudi Riyals,"Finance, Insurance, Real Estate & Business Services",79681.0,2016-09
2016,Q3,Million of Saudi Riyals,Gross Value Added,643885.0,2016-09
2016,Q4,Million of Saudi Riyals,"Agriculture, Forestry & Fishing",17176.0,2016-12
2016,Q4,Million of Saudi Riyals,Construction,42393.0,2016-12
2016,Q4,Million of Saudi Riyals,"Transport, Storage & Communication",44430.0,2016-12
2016,Q4,Million of Saudi Riyals,"Community, Social & Personal Services",21010.0,2016-12
2016,Q4,Million of Saudi Riyals,Government Activities,126496.0,2016-12
2017,Q1,Million of Saudi Riyals,"Agriculture, Forestry & Fishing",19178.0,2017-03
2017,Q1,Million of Saudi Riyals,Manufacturing,93938.0,2017-03
2017,Q1,Million of Saudi Riyals,Manufacturing : Petroleum Refining,19815.0,2017-03
2017,Q1,Million of Saudi Riyals,"Electricity, Gas and Water",5383.0,2017-03
2017,Q1,Million of Saudi Riyals,"Community, Social & Personal Services",23123.0,2017-03
2017,Q1,Million of Saudi Riyals,Government Activities,111829.0,2017-03
2017,Q2,Million of Saudi Riyals,Mining & Quarrying : Crude Petroleum & Natural Gas,149857.0,2017-06
2017,Q2,Million of Saudi Riyals,Construction,40816.0,2017-06
2017,Q2,Million of Saudi Riyals,"Finance, Insurance, Real Estate & Business Services : Finance , Insurance and Business sevices",36470.0,2017-06
2017,Q2,Million of Saudi Riyals,Government Activities,120532.0,2017-06
2017,Q3,Million of Saudi Riyals,"Finance, Insurance, Real Estate & Business Services : Finance , Insurance and Business sevices",35679.0,2017-09
2017,Q3,Million of Saudi Riyals,"Community, Social & Personal Services",22338.0,2017-09
2017,Q3,Million of Saudi Riyals,Net Taxes on Products,6974.0,2017-09
2017,Q4,Million of Saudi Riyals,Mining & Quarrying : Crude Petroleum & Natural Gas,182327.0,2017-12
2017,Q4,Million of Saudi Riyals,Mining & Quarrying : Other Mining & Quarrying,2698.0,2017-12
2017,Q4,Million of Saudi Riyals,"Wholesale & Retail Trade, Restaurants & hotels",82192.0,2017-12
2017,Q4,Million of Saudi Riyals,Government Activities,134353.0,2017-12
2018,Q1,Million of Saudi Riyals,Manufacturing : Manufacturing excluding petroleum refining,76026.0,2018-03
2018,Q1,Million of Saudi Riyals,"Electricity, Gas and Water",6542.0,2018-03
2018,Q1,Million of Saudi Riyals,Construction,43426.0,2018-03
2018,Q1,Million of Saudi Riyals,"Wholesale & Retail Trade, Restaurants & hotels",76418.0,2018-03
2018,Q1,Million of Saudi Riyals,"Finance, Insurance, Real Estate & Business Services : Real Estate",52321.0,2018-03
2018,Q2,Million of Saudi Riyals,"Electricity, Gas and Water",14955.0,2018-06
2018,Q2,Million of Saudi Riyals,Construction,42055.0,2018-06
2018,Q3,Million of Saudi Riyals,Mining & Quarrying : Other Mining & Quarrying,3435.0,2018-09
2018,Q4,Million of Saudi Riyals,"Wholesale & Retail Trade, Restaurants & hotels",84322.0,2018-12
2018,Q4,Million of Saudi Riyals,"Finance, Insurance, Real Estate & Business Services : Finance , Insurance and Business sevices",44903.0,2018-12
2018,Q4,Million of Saudi Riyals,"Community, Social & Personal Services",24886.0,2018-12
2018,Q4,Million of Saudi Riyals,Net Taxes on Products,24219.0,2018-12
2018,Q4,Million of Saudi Riyals,Gross Domestic Product,862380.0,2018-12
2019,Q1,Million of Saudi Riyals,Mining & Quarrying,197635.0,2019-03
2019,Q1,Million of Saudi Riyals,Manufacturing,109317.0,2019-03
2019,Q1,Million of Saudi Riyals,"Transport, Storage & Communication",50321.0,2019-03
2019,Q1,Million of Saudi Riyals,Gross Domestic Product,791540.0,2019-03
2019,Q2,Million of Saudi Riyals,Mining & Quarrying,216430.0,2019-06
2019,Q2,Million of Saudi Riyals,Manufacturing,108964.0,2019-06
2019,Q2,Million of Saudi Riyals,Manufacturing : Manufacturing excluding petroleum refining,82519.0,2019-06
2019,Q2,Million of Saudi Riyals,"Transport, Storage & Communication",48837.0,2019-06
2019,Q2,Million of Saudi Riyals,"Finance, Insurance, Real Estate & Business Services",95242.0,2019-06
2019,Q3,Million of Saudi Riyals,Mining & Quarrying,213918.0,2019-09
2019,Q3,Million of Saudi Riyals,"Electricity, Gas and Water",22261.0,2019-09
2019,Q3,Million of Saudi Riyals,Construction,49007.0,2019-09
2019,Q3,Million of Saudi Riyals,"Wholesale & Retail Trade, Restaurants & hotels",94887.0,2019-09
2019,Q3,Million of Saudi Riyals,"Community, Social & Personal Services",26821.0,2019-09
2019,Q4,Million of Saudi Riyals,"Agriculture, Forestry & Fishing",18875.0,2019-12
2019,Q4,Million of Saudi Riyals,Manufacturing : Manufacturing excluding petroleum refining,78649.0,2019-12
2019,Q4,Million of Saudi Riyals,"Finance, Insurance, Real Estate & Business Services : Finance , Insurance and Business sevices",49465.0,2019-12
2019,Q4,Million of Saudi Riyals,"Community, Social & Personal Services",28541.0,2019-12
2020,Q1,Million of Saudi Riyals,Mining & Quarrying,142103.0,2020-03
2020,Q1,Million of Saudi Riyals,"Wholesale & Retail Trade, Restaurants & hotels",82166.0,2020-03
2020,Q1,Million of Saudi Riyals,Gross Domestic Product,739156.0,2020-03
2020,Q2,Million of Saudi Riyals,Mining & Quarrying : Other Mining & Quarrying,3511.0,2020-06
2020,Q2,Million of Saudi Riyals,"Wholesale & Retail Trade, Restaurants & hotels",75321.0,2020-06
2020,Q3,Million of Saudi Riyals,Mining & Quarrying,130756.0,2020-09
2020,Q3,Million of Saudi Riyals,Mining & Quarrying : Other Mining & Quarrying,4011.0,2020-09
2020,Q3,Million of Saudi Riyals,Manufacturing : Petroleum Refining,16289.0,2020-09
2020,Q3,Million of Saudi Riyals,"Transport, Storage & Communication",40310.0,2020-09
2020,Q3,Million of Saudi Riyals,"Community, Social & Personal Services",27212.0,2020-09
2020,Q3,Million of Saudi Riyals,Net Taxes on Products,31066.0,2020-09
2020,Q3,Million of Saudi Riyals,Gross Domestic Product,733093.0,2020-09
2021,Q1,Million of Saudi Riyals,Manufacturing : Petroleum Refining,33505.0,2021-03
2021,Q1,Million of Saudi Riyals,"Electricity, Gas and Water",7539.0,2021-03
2021,Q1,Million of Saudi Riyals,"Wholesale & Retail Trade, Restaurants & hotels",89798.0,2021-03
2021,Q1,Million of Saudi Riyals,"Finance, Insurance, Real Estate & Business Services",98192.0,2021-03
2021,Q1,Million of Saudi Riyals,"Finance, Insurance, Real Estate & Business Services : Real Estate",54004.0,2021-03
2021,Q1,Million of Saudi Riyals,Government Activities,141915.0,2021-03
2021,Q1,Million of Saudi Riyals,Net Taxes on Products,45576.0,2021-03
2021,Q2,Million of Saudi Riyals,Mining & Quarrying : Crude Petroleum & Natural Gas,202705.0,2021-06
2021,Q2,Million of Saudi Riyals,"Transport, Storage & Communication",42783.0,2021-06
2021,Q2,Million of Saudi Riyals,Gross Domestic Product,884785.0,2021-06
2021,Q3,Million of Saudi Riyals,Mining & Quarrying : Crude Petroleum & Natural Gas,245294.0,2021-09
2021,Q3,Million of Saudi Riyals,"Electricity, Gas and Water",23605.0,2021-09
2021,Q3,Million of Saudi Riyals,"Finance, Insurance, Real Estate & Business Services : Real Estate",49830.0,2021-09
2021,Q4,Million of Saudi Riyals,"Agriculture, Forestry & Fishing",21257.0,2021-12
2021,Q4,Million of Saudi Riyals,Mining & Quarrying : Crude Petroleum & Natural Gas,270069.0,2021-12
2021,Q4,Million of Saudi Riyals,"Transport, Storage & Communication",56222.0,2021-12
2021,Q4,Million of Saudi Riyals,"Finance, Insurance, Real Estate & Business Services : Real Estate",51756.0,2021-12
2022,Q1,Million of Saudi Riyals,"Agriculture, Forestry & Fishing",22958.0,2022-03
2022,Q1,Million of Saudi Riyals,Manufacturing,165474.0,2022-03
2022,Q1,Million of Saudi Riyals,Manufacturing : Petroleum Refining,59755.0,2022-03
2022,Q1,Million of Saudi Riyals,Construction,64539.0,2022-03
2022,Q1,Million of Saudi Riyals,"Wholesale & Retail Trade, Restaurants & hotels",98298.0,2022-03
2022,Q2,Million of Saudi Riyals,Manufacturing : Petroleum Refining,65128.0,2022-06
2022,Q2,Million of Saudi Riyals,Manufacturing : Manufacturing excluding petroleum refining,113820.0,2022-06
2022,Q2,Million of Saudi Riyals,"Community, Social & Personal Services",34553.0,2022-06
2022,Q2,Million of Saudi Riyals,Government Activities,147886.0,2022-06
2022,Q3,Million of Saudi Riyals,"Wholesale & Retail Trade, Restaurants & hotels",114784.0,2022-09
2022,Q3,Million of Saudi Riyals,"Finance, Insurance, Real Estate & Business Services",113105.0,2022-09
2022,Q3,Million of Saudi Riyals,Net Taxes on Products,50459.0,2022-09
2022,Q4,Million of Saudi Riyals,"Agriculture, Forestry & Fishing",24753.0,2022-12
2022,Q4,Million of Saudi Riyals,Manufacturing,186724.0,2022-12
2022,Q4,Million of Saudi Riyals,Manufacturing : Manufacturing excluding petroleum refining,113411.0,2022-12
2022,Q4,Million of Saudi Riyals,Net Taxes on Products,51890.0,2022-12
2023,Q1,Million of Saudi Riyals,Mining & Quarrying,276116.0,2023-03
2023,Q1,Million of Saudi Riyals,"Transport, Storage & Communication",63334.0,2023-03
2023,Q1,Million of Saudi Riyals,Gross Value Added,1085896.0,2023-03
2023,Q2,Million of Saudi Riyals,Manufacturing,192614.0,2023-06
2023,Q2,Million of Saudi Riyals,"Electricity, Gas and Water",15872.0,2023-06
2023,Q2,Million of Saudi Riyals,"Community, Social & Personal Services",40162.0,2023-06
2023,Q2,Million of Saudi Riyals,Government Activities,152992.0,2023-06
2023,Q3,Million of Saudi Riyals,Manufacturing,166883.0,2023-09
2023,Q3,Million of Saudi Riyals,Manufacturing : Manufacturing excluding petroleum refining,107062.0,2023-09
2023,Q3,Million of Saudi Riyals,"Wholesale & Retail Trade, Restaurants & hotels",124289.0,2023-09
2023,Q3,Million of Saudi Riyals,"Finance, Insurance, Real Estate & Business Services : Finance , Insurance and Business sevices",70101.0,2023-09
2023,Q4,Million of Saudi Riyals,"Agriculture, Forestry & Fishing",26661.0,2023-12
2023,Q4,Million of Saudi Riyals,Manufacturing,183011.0,2023-12
2023,Q4,Million of Saudi Riyals,Manufacturing : Petroleum Refining,61192.0,2023-12
2023,Q4,Million of Saudi Riyals,"Wholesale & Retail Trade, Restaurants & hotels",127161.0,2023-12
2023,Q4,Million of Saudi Riyals,Net Taxes on Products,53184.0,2023-12
2024,Q1,Million of Saudi Riyals,Mining & Quarrying,240001.0,2024-03
2024,Q1,Million of Saudi Riyals,Mining & Quarrying : Crude Petroleum & Natural Gas,234653.0,2024-03
2024,Q1,Million of Saudi Riyals,Mining & Quarrying : Other Mining & Quarrying,5348.0,2024-03
2024,Q1,Million of Saudi Riyals,"Transport, Storage & Communication",67130.0,2024-03
2024,Q1,Million of Saudi Riyals,"Finance, Insurance, Real Estate & Business Services : Finance , Insurance and Business sevices",70917.0,2024-03
2024,Q1,Million of Saudi Riyals,Net Taxes on Products,62108.0,2024-03
2024,Q1,Million of Saudi Riyals,Gross Domestic Product,1163668.0,2024-03
2024,Q2,Million of Saudi Riyals,Manufacturing : Petroleum Refining,66852.0,2024-06
2024,Q2,Million of Saudi Riyals,Construction,85219.0,2024-06
2024,Q2,Million of Saudi Riyals,"Transport, Storage & Communication",61141.0,2024-06
2024,Q2,Million of Saudi Riyals,"Community, Social & Personal Services",41902.0,2024-06
2024,Q2,Million of Saudi Riyals,Government Activities,162728.0,2024-06
2024,Q2,Million of Saudi Riyals,Net Taxes on Products,63010.0,2024-06
2024,Q4,Million of Saudi Riyals,Mining & Quarrying,210769.0,2024-12
2024,Q4,Million of Saudi Riyals,Mining & Quarrying : Crude Petroleum & Natural Gas,206070.0,2024-12
2024,Q4,Million of Saudi Riyals,Manufacturing,190396.0,2024-12
2024,Q4,Million of Saudi Riyals,"Finance, Insurance, Real Estate & Business Services : Finance , Insurance and Business sevices",82716.0,2024-12
2024,Q4,Million of Saudi Riyals,"Community, Social & Personal Services",43013.0,2024-12
2024,Q4,Million of Saudi Riyals,Government Activities,169175.0,2024-12
2025,Q1,Million of Saudi Riyals,Mining & Quarrying,223356.0,2025-03
2025,Q1,Million of Saudi Riyals,Manufacturing : Manufacturing excluding petroleum refining,134920.0,2025-03
2025,Q1,Million of Saudi Riyals,Government Activities,169460.0,2025-03
2025,Q1,Million of Saudi Riyals,Net Taxes on Products,63115.0,2025-03
2025,Q2,Million of Saudi Riyals,"Wholesale & Retail Trade, Restaurants & hotels",148615.0,2025-06
2025,Q2,Million of Saudi Riyals,Gross Domestic Product,1180559.0,2025-06
2025,Q3,Million of Saudi Riyals,Manufacturing : Petroleum Refining,60776.0,2025-09
2025,Q3,Million of Saudi Riyals,"Electricity, Gas and Water",28037.0,2025-09
2025,Q3,Million of Saudi Riyals,"Wholesale & Retail Trade, Restaurants & hotels",144034.0,2025-09
2025,Q3,Million of Saudi Riyals,"Transport, Storage & Communication",64558.0,2025-09
2025,Q3,Million of Saudi Riyals,"Finance, Insurance, Real Estate & Business Services : Finance , Insurance and Business sevices",85878.0,2025-09
2025,Q3,Million of Saudi Riyals,Gross Value Added,1133391.0,2025-09
2025,Q4,Million of Saudi Riyals,Mining & Quarrying : Other Mining & Quarrying,4764.0,2025-12
2025,Q4,Million of Saudi Riyals,Manufacturing : Manufacturing excluding petroleum refining,135321.0,2025-12
2025,Q4,Million of Saudi Riyals,"Finance, Insurance, Real Estate & Business Services",161782.0,2025-12
2011,Q1,Growth Rates Y-o-Y,Manufacturing,16.04,2011-03
2011,Q1,Growth Rates Y-o-Y,Manufacturing : Petroleum Refining,-0.64,2011-03
2011,Q1,Growth Rates Y-o-Y,Gross Domestic Product,25.98,2011-03
2011,Q2,Growth Rates Y-o-Y,Manufacturing : Manufacturing excluding petroleum refining,24.08,2011-06
2011,Q2,Growth Rates Y-o-Y,"Wholesale & Retail Trade, Restaurants & hotels",21.59,2011-06
2011,Q2,Growth Rates Y-o-Y,"Transport, Storage & Communication",16.78,2011-06
2011,Q2,Growth Rates Y-o-Y,"Finance, Insurance, Real Estate & Business Services",7.26,2011-06
2011,Q2,Growth Rates Y-o-Y,Gross Domestic Product,33.9,2011-06
2011,Q3,Growth Rates Y-o-Y,"Agriculture, Forestry & Fishing",5.99,2011-09
2011,Q3,Growth Rates Y-o-Y,Mining & Quarrying : Crude Petroleum & Natural Gas,58.83,2011-09
2011,Q3,Growth Rates Y-o-Y,Manufacturing : Manufacturing excluding petroleum refining,23.09,2011-09
2011,Q3,Growth Rates Y-o-Y,"Community, Social & Personal Services",21.35,2011-09
2011,Q3,Growth Rates Y-o-Y,Net Taxes on Products,36.29,2011-09
2011,Q4,Growth Rates Y-o-Y,Mining & Quarrying,38.66,2011-12
2011,Q4,Growth Rates Y-o-Y,Mining & Quarrying : Other Mining & Quarrying,8.7,2011-12
2011,Q4,Growth Rates Y-o-Y,Manufacturing : Manufacturing excluding petroleum refining,30.23,2011-12
2011,Q4,Growth Rates Y-o-Y,Construction,26.28,2011-12
2011,Q4,Growth Rates Y-o-Y,"Transport, Storage & Communication",17.99,2011-12
2011,Q4,Growth Rates Y-o-Y,"Finance, Insurance, Real Estate & Business Services",7.75,2011-12
2011,Q4,Growth Rates Y-o-Y,"Finance, Insurance, Real Estate & Business Services : Real Estate",10.71,2011-12
2012,Q1,Growth Rates Y-o-Y,Mining & Quarrying : Crude Petroleum & Natural Gas,29.73,2012-03
2012,Q1,Growth Rates Y-o-Y,Manufacturing : Manufacturing excluding petroleum refining,9.56,2012-03
2012,Q1,Growth Rates Y-o-Y,"Wholesale & Retail Trade, Restaurants & hotels",15.63,2012-03
2012,Q1,Growth Rates Y-o-Y,"Finance, Insurance, Real Estate & Business Services : Real Estate",28.06,2012-03
2012,Q1,Growth Rates Y-o-Y,Net Taxes on Products,21.78,2012-03
2012,Q2,Growth Rates Y-o-Y,Manufacturing : Manufacturing excluding petroleum refining,9.09,2012-06
2012,Q2,Growth Rates Y-o-Y,Gross Value Added,8.87,2012-06
2012,Q2,Growth Rates Y-o-Y,Net Taxes on Products,4.37,2012-06
2012,Q3,Growth Rates Y-o-Y,Manufacturing,5.32,2012-09
2012,Q3,Growth Rates Y-o-Y,"Finance, Insurance, Real Estate & Business Services",21.03,2012-09
2012,Q3,Growth Rates Y-o-Y,"Community, Social & Personal Services",13.01,2012-09
2012,Q3,Growth Rates Y-o-Y,Gross Domestic Product,9.02,2012-09
2012,Q4,Growth Rates Y-o-Y,Manufacturing,6.11,2012-12
2012,Q4,Growth Rates Y-o-Y,Manufacturing : Manufacturing excluding petroleum refining,9.88,2012-12
2012,Q4,Growth Rates Y-o-Y,"Electricity, Gas and Water",8.56,2012-12
2012,Q4,Growth Rates Y-o-Y,Government Activities,14.45,2012-12
2012,Q4,Growth Rates Y-o-Y,Gross Domestic Product,5.29,2012-12
2013,Q1,Growth Rates Y-o-Y,Mining & Quarrying : Crude Petroleum & Natural Gas,-12.85,2013-03
2013,Q1,Growth Rates Y-o-Y,Construction,14.03,2013-03
2013,Q1,Growth Rates Y-o-Y,Gross Domestic Product,-0.27,2013-03
2013,Q2,Growth Rates Y-o-Y,"Agriculture, Forestry & Fishing",8.83,2013-06
2013,Q2,Growth Rates Y-o-Y,Mining & Quarrying,-7.49,2013-06
2013,Q2,Growth Rates Y-o-Y,"Wholesale & Retail Trade, Restaurants & hotels",15.73,2013-06
2013,Q3,Growth Rates Y-o-Y,"Agriculture, Forestry & Fishing",9.11,2013-09
2013,Q3,Growth Rates Y-o-Y,"Transport, Storage & Communication",8.39,2013-09
2013,Q3,Growth Rates Y-o-Y,Government Activities,-4.61,2013-09
2013,Q3,Growth Rates Y-o-Y,Net Taxes on Products,-1.95,2013-09
2013,Q4,Growth Rates Y-o-Y,Mining & Quarrying : Crude Petroleum & Natural Gas,-2.28,2013-12
2013,Q4,Growth Rates Y-o-Y,Mining & Quarrying : Other Mining & Quarrying,10.4,2013-12
2013,Q4,Growth Rates Y-o-Y,Manufacturing : Manufacturing excluding petroleum refining,9.44,2013-12
2014,Q1,Growth Rates Y-o-Y,"Agriculture, Forestry & Fishing",5.7,2014-03
2014,Q1,Growth Rates Y-o-Y,Manufacturing : Manufacturing excluding petroleum refining,11.21,2014-03
2014,Q1,Growth Rates Y-o-Y,"Transport, Storage & Communication",7.95,2014-03
2014,Q1,Growth Rates Y-o-Y,Gross Value Added,6.9,2014-03
2014,Q2,Growth Rates Y-o-Y,Manufacturing,13.11,2014-06
2014,Q2,Growth Rates Y-o-Y,Construction,13.94,2014-06
2014,Q2,Growth Rates Y-o-Y,Gross Value Added,5.93,2014-06
2014,Q3,Growth Rates Y-o-Y,Manufacturing,12.76,2014-09
2014,Q3,Growth Rates Y-o-Y,Manufacturing : Manufacturing excluding petroleum refining,11.42,2014-09
2014,Q3,Growth Rates Y-o-Y,"Finance, Insurance, Real Estate & Business Services : Real Estate",10.44,2014-09
2014,Q4,Growth Rates Y-o-Y,"Agriculture, Forestry & Fishing",18.59,2014-12
2014,Q4,Growth Rates Y-o-Y,Construction,15.92,2014-12
2014,Q4,Growth Rates Y-o-Y,"Finance, Insurance, Real Estate & Business Services",8.04,2014-12
2014,Q4,Growth Rates Y-o-Y,"Finance, Insurance, Real Estate & Business Services : Real Estate",10.41,2014-12
2015,Q1,Growth Rates Y-o-Y,Mining & Quarrying : Other Mining & Quarrying,8.08,2015-03
2015,Q1,Growth Rates Y-o-Y,Manufacturing : Petroleum Refining,-11.75,2015-03
2015,Q1,Growth Rates Y-o-Y,"Finance, Insurance, Real Estate & Business Services : Finance , Insurance and Business sevices",-0.56,2015-03
2015,Q2,Growth Rates Y-o-Y,Manufacturing,8.06,2015-06
2015,Q2,Growth Rates Y-o-Y,Construction,6.84,2015-06
2015,Q2,Growth Rates Y-o-Y,Net Taxes on Products,-14.48,2015-06
2015,Q3,Growth Rates Y-o-Y,Mining & Quarrying : Other Mining & Quarrying,8.24,2015-09
2015,Q3,Growth Rates Y-o-Y,Manufacturing,4.09,2015-09
2015,Q3,Growth Rates Y-o-Y,Manufacturing : Manufacturing excluding petroleum refining,9.09,2015-09
2015,Q3,Growth Rates Y-o-Y,"Transport, Storage & Communication",7.09,2015-09
2015,Q3,Growth Rates Y-o-Y,"Finance, Insurance, Real Estate & Business Services",6.21,2015-09
2015,Q3,Growth Rates Y-o-Y,Government Activities,9.66,2015-09
2015,Q3,Growth Rates Y-o-Y,Net Taxes on Products,20.49,2015-09
2015,Q4,Growth Rates Y-o-Y,Manufacturing,2.36,2015-12
2015,Q4,Growth Rates Y-o-Y,"Electricity, Gas and Water",15.43,2015-12
2015,Q4,Growth Rates Y-o-Y,"Transport, Storage & Communication",6.89,2015-12
2016,Q1,Growth Rates Y-o-Y,"Transport, Storage & Communication",1.65,2016-03
2016,Q1,Growth Rates Y-o-Y,"Finance, Insurance, Real Estate & Business Services : Real Estate",2.42,2016-03
2016,Q2,Growth Rates Y-o-Y,"Agriculture, Forestry & Fishing",5.14,2016-06
2016,Q2,Growth Rates Y-o-Y,Manufacturing,0.14,2016-06
2016,Q2,Growth Rates Y-o-Y,"Finance, Insurance, Real Estate & Business Services",5.33,2016-06
2016,Q2,Growth Rates Y-o-Y,"Finance, Insurance, Real Estate & Business Services : Finance , Insurance and Business sevices",0.9,2016-06
2016,Q2,Growth Rates Y-o-Y,"Community, Social & Personal Services",11.79,2016-06
2016,Q2,Growth Rates Y-o-Y,Government Activities,0.59,2016-06
2016,Q3,Growth Rates Y-o-Y,Manufacturing : Manufacturing excluding petroleum refining,3.14,2016-09
2016,Q3,Growth Rates Y-o-Y,"Wholesale & Retail Trade, Restaurants & hotels",-1.85,2016-09
2016,Q3,Growth Rates Y-o-Y,"Transport, Storage & Communication",3.78,2016-09
2016,Q3,Growth Rates Y-o-Y,"Finance, Insurance, Real Estate & Business Services : Finance , Insurance and Business sevices",4.35,2016-09
2016,Q4,Growth Rates Y-o-Y,Mining & Quarrying,26.46,2016-12
2016,Q4,Growth Rates Y-o-Y,"Wholesale & Retail Trade, Restaurants & hotels",-1.33,2016-12
2016,Q4,Growth Rates Y-o-Y,Gross Domestic Product,11.82,2016-12
2017,Q1,Growth Rates Y-o-Y,"Agriculture, Forestry & Fishing",4.65,2017-03
2017,Q1,Growth Rates Y-o-Y,Gross Value Added,10.09,2017-03
2017,Q2,Growth Rates Y-o-Y,Mining & Quarrying,12.14,2017-06
2017,Q2,Growth Rates Y-o-Y,Construction,-3.25,2017-06
2017,Q3,Growth Rates Y-o-Y,Manufacturing,7.74,2017-09
2017,Q3,Growth Rates Y-o-Y,Construction,2.27,2017-09
2017,Q4,Growth Rates Y-o-Y,Mining & Quarrying,17.28,2017-12
2017,Q4,Growth Rates Y-o-Y,Manufacturing,6.3,2017-12
2017,Q4,Growth Rates Y-o-Y,"Community, Social & Personal Services",9.36,2017-12
2017,Q4,Growth Rates Y-o-Y,Government Activities,6.21,2017-12
2017,Q4,Growth Rates Y-o-Y,Gross Value Added,8.84,2017-12
2018,Q1,Growth Rates Y-o-Y,Mining & Quarrying : Other Mining & Quarrying,7.04,2018-03
2018,Q1,Growth Rates Y-o-Y,Construction,2.29,2018-03
2018,Q1,Growth Rates Y-o-Y,"Transport, Storage & Communication",2.12,2018-03
2018,Q1,Growth Rates Y-o-Y,"Community, Social & Personal Services",7.48,2018-03
2018,Q2,Growth Rates Y-o-Y,"Agriculture, Forestry & Fishing",1.97,2018-06
2018,Q2,Growth Rates Y-o-Y,Manufacturing : Manufacturing excluding petroleum refining,4.21,2018-06
2018,Q2,Growth Rates Y-o-Y,"Finance, Insurance, Real Estate & Business Services : Finance , Insurance and Business sevices",9.01,2018-06
2018,Q3,Growth Rates Y-o-Y,Manufacturing,10.55,2018-09
2018,Q3,Growth Rates Y-o-Y,Manufacturing : Petroleum Refining,33.22,2018-09
2018,Q3,Growth Rates Y-o-Y,Manufacturing : Manufacturing excluding petroleum refining,3.64,2018-09
2018,Q3,Growth Rates Y-o-Y,Construction,2.1,2018-09
2018,Q3,Growth Rates Y-o-Y,"Transport, Storage & Communication",3.32,2018-09
2018,Q3,Growth Rates Y-o-Y,"Community, Social & Personal Services",8.05,2018-09
2018,Q3,Growth Rates Y-o-Y,Government Activities,3.38,2018-09
2018,Q4,Growth Rates Y-o-Y,"Electricity, Gas and Water",17.33,2018-12
2018,Q4,Growth Rates Y-o-Y,Construction,2.66,2018-12
2018,Q4,Growth Rates Y-o-Y,"Community, Social & Personal Services",8.31,2018-12
2018,Q4,Growth Rates Y-o-Y,Government Activities,10.84,2018-12
2019,Q1,Growth Rates Y-o-Y,Mining & Quarrying,-7.13,2019-03
2019,Q1,Growth Rates Y-o-Y,"Wholesale & Retail Trade, Restaurants & hotels",4.72,2019-03
2019,Q1,Growth Rates Y-o-Y,"Finance, Insurance, Real Estate & Business Services : Real Estate",1.53,2019-03
2019,Q1,Growth Rates Y-o-Y,"Finance, Insurance, Real Estate & Business Services : Finance , Insurance and Business sevices",11.23,2019-03
2019,Q1,Growth Rates Y-o-Y,Government Activities,7.3,2019-03
2019,Q1,Growth Rates Y-o-Y,Gross Value Added,2.28,2019-03
2019,Q2,Growth Rates Y-o-Y,"Agriculture, Forestry & Fishing",1.93,2019-06
2019,Q2,Growth Rates Y-o-Y,Manufacturing : Petroleum Refining,-13.34,2019-06
2019,Q2,Growth Rates Y-o-Y,Manufacturing : Manufacturing excluding petroleum refining,7.13,2019-06
2019,Q2,Growth Rates Y-o-Y,"Community, Social & Personal Services",8.52,2019-06
2019,Q3,Growth Rates Y-o-Y,"Agriculture, Forestry & Fishing",2.27,2019-09
2019,Q4,Growth Rates Y-o-Y,Mining & Quarrying : Crude Petroleum & Natural Gas,-14.76,2019-12
2019,Q4,Growth Rates Y-o-Y,"Electricity, Gas and Water",10.12,2019-12
2019,Q4,Growth Rates Y-o-Y,"Finance, Insurance, Real Estate & Business Services : Real Estate",2.58,2019-12
2020,Q1,Growth Rates Y-o-Y,"Electricity, Gas and Water",-1.42,2020-03
2020,Q2,Growth Rates Y-o-Y,Mining & Quarrying,-64.56,2020-06
2020,Q2,Growth Rates Y-o-Y,"Community, Social & Personal Services",-1.33,2020-06
2020,Q2,Growth Rates Y-o-Y,Gross Domestic Product,-23.7,2020-06
2020,Q3,Growth Rates Y-o-Y,Manufacturing : Petroleum Refining,-34.48,2020-09
2020,Q4,Growth Rates Y-o-Y,"Finance, Insurance, Real Estate & Business Services",0.39,2020-12
2020,Q4,Growth Rates Y-o-Y,"Community, Social & Personal Services",-0.49,2020-12
2021,Q1,Growth Rates Y-o-Y,Mining & Quarrying : Crude Petroleum & Natural Gas,20.69,2021-03
2021,Q1,Growth Rates Y-o-Y,"Finance, Insurance, Real Estate & Business Services",2.8,2021-03
2021,Q1,Growth Rates Y-o-Y,Government Activities,-1.2,2021-03
2021,Q1,Growth Rates Y-o-Y,Gross Domestic Product,11.34,2021-03
2021,Q2,Growth Rates Y-o-Y,"Agriculture, Forestry & Fishing",4.75,2021-06
2021,Q2,Growth Rates Y-o-Y,Mining & Quarrying : Crude Petroleum & Natural Gas,176.97,2021-06
2021,Q2,Growth Rates Y-o-Y,"Finance, Insurance, Real Estate & Business Services : Finance , Insurance and Business sevices",6.33,2021-06
2021,Q2,Growth Rates Y-o-Y,Gross Value Added,32.88,2021-06
2021,Q3,Growth Rates Y-o-Y,Mining & Quarrying,90.95,2021-09
2021,Q3,Growth Rates Y-o-Y,Manufacturing,39.73,2021-09
2021,Q3,Growth Rates Y-o-Y,"Electricity, Gas and Water",5.54,2021-09
2021,Q4,Growth Rates Y-o-Y,Mining & Quarrying,114.23,2021-12
2021,Q4,Growth Rates Y-o-Y,Mining & Quarrying : Crude Petroleum & Natural Gas,117.56,2021-12
2021,Q4,Growth Rates Y-o-Y,"Wholesale & Retail Trade, Restaurants & hotels",11.74,2021-12
2021,Q4,Growth Rates Y-o-Y,"Finance, Insurance, Real Estate & Business Services : Finance , Insurance and Business sevices",11.45,2021-12
2022,Q1,Growth Rates Y-o-Y,Mining & Quarrying : Crude Petroleum & Natural Gas,87.91,2022-03
2022,Q1,Growth Rates Y-o-Y,Construction,31.84,2022-03
2022,Q1,Growth Rates Y-o-Y,"Finance, Insurance, Real Estate & Business Services : Real Estate",0.43,2022-03
2022,Q1,Growth Rates Y-o-Y,"Community, Social & Personal Services",12.17,2022-03
2022,Q2,Growth Rates Y-o-Y,Mining & Quarrying : Crude Petroleum & Natural Gas,104.67,2022-06
2022,Q2,Growth Rates Y-o-Y,Mining & Quarrying : Other Mining & Quarrying,1.79,2022-06
2022,Q2,Growth Rates Y-o-Y,Manufacturing : Petroleum Refining,103.08,2022-06
2022,Q2,Growth Rates Y-o-Y,Construction,50.81,2022-06
2022,Q2,Growth Rates Y-o-Y,"Transport, Storage & Communication",21.04,2022-06
2022,Q3,Growth Rates Y-o-Y,Mining & Quarrying : Other Mining & Quarrying,-2.7,2022-09
2022,Q3,Growth Rates Y-o-Y,"Wholesale & Retail Trade, Restaurants & hotels",14.1,2022-09
2022,Q3,Growth Rates Y-o-Y,Net Taxes on Products,-4.34,2022-09
2022,Q3,Growth Rates Y-o-Y,Gross Domestic Product,24.74,2022-09
2022,Q4,Growth Rates Y-o-Y,Mining & Quarrying : Other Mining & Quarrying,24.93,2022-12
2022,Q4,Growth Rates Y-o-Y,"Finance, Insurance, Real Estate & Business Services : Finance , Insurance and Business sevices",23.13,2022-12
2022,Q4,Growth Rates Y-o-Y,Gross Domestic Product,13.89,2022-12
2023,Q1,Growth Rates Y-o-Y,"Wholesale & Retail Trade, Restaurants & hotels",26.08,2023-03
2023,Q1,Growth Rates Y-o-Y,"Transport, Storage & Communication",16.3,2023-03
2023,Q2,Growth Rates Y-o-Y,"Agriculture, Forestry & Fishing",7.43,2023-06
2023,Q2,Growth Rates Y-o-Y,Manufacturing,7.64,2023-06
2023,Q2,Growth Rates Y-o-Y,Manufacturing : Petroleum Refining,3.07,2023-06
2023,Q2,Growth Rates Y-o-Y,"Wholesale & Retail Trade, Restaurants & hotels",11.91,2023-06
2023,Q2,Growth Rates Y-o-Y,"Transport, Storage & Communication",12.22,2023-06
2023,Q2,Growth Rates Y-o-Y,"Finance, Insurance, Real Estate & Business Services : Real Estate",9.81,2023-06
2023,Q2,Growth Rates Y-o-Y,Gross Value Added,-8.5,2023-06
2023,Q2,Growth Rates Y-o-Y,Gross Domestic Product,-7.56,2023-06
2023,Q3,Growth Rates Y-o-Y,"Agriculture, Forestry & Fishing",3.98,2023-09
2023,Q3,Growth Rates Y-o-Y,"Transport, Storage & Communication",10.06,2023-09
2023,Q3,Growth Rates Y-o-Y,"Finance, Insurance, Real Estate & Business Services",12.58,2023-09
2023,Q3,Growth Rates Y-o-Y,Government Activities,1.94,2023-09
2023,Q4,Growth Rates Y-o-Y,Mining & Quarrying : Crude Petroleum & Natural Gas,-13.89,2023-12
2023,Q4,Growth Rates Y-o-Y,Construction,4.76,2023-12
2023,Q4,Growth Rates Y-o-Y,"Finance, Insurance, Real Estate & Business Services",11.26,2023-12
2023,Q4,Growth Rates Y-o-Y,Net Taxes on Products,2.49,2023-12
2023,Q4,Growth Rates Y-o-Y,Gross Domestic Product,-0.31,2023-12
2024,Q1,Growth Rates Y-o-Y,Mining & Quarrying : Other Mining & Quarrying,8.49,2024-03
2024,Q1,Growth Rates Y-o-Y,"Finance, Insurance, Real Estate & Business Services : Real Estate",11.82,2024-03
2024,Q1,Growth Rates Y-o-Y,"Community, Social & Personal Services",6.55,2024-03
2024,Q1,Growth Rates Y-o-Y,Gross Domestic Product,1.51,2024-03
2024,Q2,Growth Rates Y-o-Y,"Wholesale & Retail Trade, Restaurants & hotels",9.12,2024-06
2024,Q2,Growth Rates Y-o-Y,Government Activities,6.36,2024-06
2024,Q3,Growth Rates Y-o-Y,"Electricity, Gas and Water",4.03,2024-09
2024,Q3,Growth Rates Y-o-Y,"Community, Social & Personal Services",6.26,2024-09
2024,Q3,Growth Rates Y-o-Y,Net Taxes on Products,-3.2,2024-09
2024,Q3,Growth Rates Y-o-Y,Gross Domestic Product,1.97,2024-09
2024,Q4,Growth Rates Y-o-Y,"Agriculture, Forestry & Fishing",5.95,2024-12
2024,Q4,Growth Rates Y-o-Y,Mining & Quarrying,-16.22,2024-12
2024,Q4,Growth Rates Y-o-Y,Manufacturing : Manufacturing excluding petroleum refining,6.44,2024-12
2024,Q4,Growth Rates Y-o-Y,"Finance, Insurance, Real Estate & Business Services : Finance , Insurance and Business sevices",9.19,2024-12
2024,Q4,Growth Rates Y-o-Y,Government Activities,4.5,2024-12
2024,Q4,Growth Rates Y-o-Y,Gross Value Added,1.51,2024-12
2024,Q4,Growth Rates Y-o-Y,Net Taxes on Products,32.08,2024-12
2025,Q1,Growth Rates Y-o-Y,Manufacturing : Manufacturing excluding petroleum refining,3.98,2025-03
2025,Q2,Growth Rates Y-o-Y,"Finance, Insurance, Real Estate & Business Services",11.53,2025-06
2025,Q2,Growth Rates Y-o-Y,"Finance, Insurance, Real Estate & Business Services : Real Estate",11.99,2025-06
2025,Q2,Growth Rates Y-o-Y,Gross Value Added,-1.07,2025-06
2025,Q3,Growth Rates Y-o-Y,Manufacturing : Petroleum Refining,0.01,2025-09
2025,Q3,Growth Rates Y-o-Y,Construction,3.83,2025-09
2025,Q3,Growth Rates Y-o-Y,"Transport, Storage & Communication",4.22,2025-09
2025,Q3,Growth Rates Y-o-Y,Net Taxes on Products,0.61,2025-09
2025,Q4,Growth Rates Y-o-Y,"Agriculture, Forestry & Fishing",5.72,2025-12
2025,Q4,Growth Rates Y-o-Y,Mining & Quarrying,-7.41,2025-12
2025,Q4,Growth Rates Y-o-Y,Mining & Quarrying : Other Mining & Quarrying,1.39,2025-12
2025,Q4,Growth Rates Y-o-Y,Manufacturing : Petroleum Refining,-2.88,2025-12
2010,Q1,Million of Saudi Riyals,"Finance, Insurance, Real Estate & Business Services : Real Estate",22742.0,2010-03
2010,Q2,Million of Saudi Riyals,Manufacturing,54510.0,2010-06
2010,Q2,Million of Saudi Riyals,Manufacturing : Manufacturing excluding petroleum refining,39320.0,2010-06
2010,Q2,Million of Saudi Riyals,"Electricity, Gas and Water",7322.0,2010-06
2010,Q2,Million of Saudi Riyals,"Wholesale & Retail Trade, Restaurants & hotels",39080.0,2010-06
2010,Q3,Million of Saudi Riyals,"Transport, Storage & Communication",23610.0,2010-09
2010,Q3,Million of Saudi Riyals,"Finance, Insurance, Real Estate & Business Services : Finance , Insurance and Business sevices",22442.0,2010-09
2010,Q4,Million of Saudi Riyals,Construction,21596.0,2010-12
2010,Q4,Million of Saudi Riyals,"Transport, Storage & Communication",25366.0,2010-12
2010,Q4,Million of Saudi Riyals,"Finance, Insurance, Real Estate & Business Services",45017.0,2010-12
2011,Q1,Million of Saudi Riyals,"Wholesale & Retail Trade, Restaurants & hotels",48462.0,2011-03
2011,Q1,Million of Saudi Riyals,Government Activities,76263.0,2011-03
2011,Q1,Million of Saudi Riyals,Gross Domestic Product,597521.0,2011-03
2011,Q2,Million of Saudi Riyals,Manufacturing,64927.0,2011-06
2011,Q2,Million of Saudi Riyals,"Electricity, Gas and Water",8660.0,2011-06
2011,Q2,Million of Saudi Riyals,"Transport, Storage & Communication",28765.0,2011-06
2011,Q2,Million of Saudi Riyals,Net Taxes on Products,5040.0,2011-06
2011,Q3,Million of Saudi Riyals,"Electricity, Gas and Water",12181.0,2011-09
2011,Q3,Million of Saudi Riyals,"Wholesale & Retail Trade, Restaurants & hotels",53377.0,2011-09
2011,Q4,Million of Saudi Riyals,Net Taxes on Products,4119.0,2011-12
2012,Q1,Million of Saudi Riyals,Mining & Quarrying : Other Mining & Quarrying,2618.0,2012-03
2012,Q1,Million of Saudi Riyals,Construction,32076.0,2012-03
2012,Q1,Million of Saudi Riyals,"Finance, Insurance, Real Estate & Business Services",60472.0,2012-03
2012,Q1,Million of Saudi Riyals,Government Activities,75962.0,2012-03
2012,Q2,Million of Saudi Riyals,"Finance, Insurance, Real Estate & Business Services : Real Estate",30576.0,2012-06
2012,Q2,Million of Saudi Riyals,"Community, Social & Personal Services",12544.0,2012-06
2012,Q2,Million of Saudi Riyals,Gross Domestic Product,700258.0,2012-06
2012,Q3,Million of Saudi Riyals,Mining & Quarrying : Crude Petroleum & Natural Gas,310896.0,2012-09
2012,Q3,Million of Saudi Riyals,"Transport, Storage & Communication",30544.0,2012-09
2012,Q3,Million of Saudi Riyals,"Finance, Insurance, Real Estate & Business Services",57298.0,2012-09
2012,Q4,Million of Saudi Riyals,Mining & Quarrying,315956.0,2012-12
2012,Q4,Million of Saudi Riyals,Mining & Quarrying : Other Mining & Quarrying,2161.0,2012-12
2012,Q4,Million of Saudi Riyals,"Wholesale & Retail Trade, Restaurants & hotels",60699.0,2012-12
2012,Q4,Million of Saudi Riyals,Net Taxes on Products,6663.0,2012-12
2013,Q1,Million of Saudi Riyals,"Transport, Storage & Communication",36320.0,2013-03
2013,Q2,Million of Saudi Riyals,"Agriculture, Forestry & Fishing",16454.0,2013-06
2013,Q2,Million of Saudi Riyals,Manufacturing,72617.0,2013-06
2013,Q2,Million of Saudi Riyals,"Electricity, Gas and Water",9368.0,2013-06
2013,Q2,Million of Saudi Riyals,Construction,35968.0,2013-06
2013,Q2,Million of Saudi Riyals,"Wholesale & Retail Trade, Restaurants & hotels",62885.0,2013-06
2013,Q2,Million of Saudi Riyals,"Transport, Storage & Communication",34594.0,2013-06
2013,Q2,Million of Saudi Riyals,Gross Value Added,715158.0,2013-06
2013,Q2,Million of Saudi Riyals,Net Taxes on Products,6489.0,2013-06
2013,Q3,Million of Saudi Riyals,Mining & Quarrying,311357.0,2013-09
2013,Q3,Million of Saudi Riyals,"Electricity, Gas and Water",14582.0,2013-09
2013,Q3,Million of Saudi Riyals,"Finance, Insurance, Real Estate & Business Services",66445.0,2013-09
2013,Q4,Million of Saudi Riyals,Construction,35217.0,2013-12
2013,Q4,Million of Saudi Riyals,"Transport, Storage & Communication",35714.0,2013-12
2014,Q1,Million of Saudi Riyals,Mining & Quarrying,313393.0,2014-03
2014,Q1,Million of Saudi Riyals,Manufacturing : Manufacturing excluding petroleum refining,65134.0,2014-03
2014,Q1,Million of Saudi Riyals,"Finance, Insurance, Real Estate & Business Services : Real Estate",44496.0,2014-03
2014,Q1,Million of Saudi Riyals,"Community, Social & Personal Services",16620.0,2014-03
2014,Q1,Million of Saudi Riyals,Government Activities,96241.0,2014-03
2014,Q1,Million of Saudi Riyals,Gross Value Added,758414.0,2014-03
2014,Q1,Million of Saudi Riyals,Net Taxes on Products,4418.0,2014-03
2014,Q2,Million of Saudi Riyals,"Agriculture, Forestry & Fishing",17510.0,2014-06
2014,Q2,Million of Saudi Riyals,Manufacturing : Petroleum Refining,16981.0,2014-06
2014,Q2,Million of Saudi Riyals,"Finance, Insurance, Real Estate & Business Services",72556.0,2014-06
2014,Q2,Million of Saudi Riyals,Government Activities,97930.0,2014-06
2014,Q3,Million of Saudi Riyals,Mining & Quarrying : Crude Petroleum & Natural Gas,285407.0,2014-09
2014,Q3,Million of Saudi Riyals,Manufacturing,80590.0,2014-09
2014,Q3,Million of Saudi Riyals,"Electricity, Gas and Water",15167.0,2014-09
2014,Q3,Million of Saudi Riyals,"Finance, Insurance, Real Estate & Business Services : Real Estate",41886.0,2014-09
2014,Q3,Million of Saudi Riyals,Net Taxes on Products,5555.0,2014-09
2014,Q4,Million of Saudi Riyals,Mining & Quarrying : Crude Petroleum & Natural Gas,216104.0,2014-12
2014,Q4,Million of Saudi Riyals,Manufacturing,79761.0,2014-12
2014,Q4,Million of Saudi Riyals,Manufacturing : Petroleum Refining,18807.0,2014-12
2014,Q4,Million of Saudi Riyals,"Finance, Insurance, Real Estate & Business Services : Real Estate",42151.0,2014-12
2014,Q4,Million of Saudi Riyals,"Finance, Insurance, Real Estate & Business Services : Finance , Insurance and Business sevices",32797.0,2014-12
2014,Q4,Million of Saudi Riyals,Government Activities,92434.0,2014-12
2014,Q4,Million of Saudi Riyals,Net Taxes on Products,7413.0,2014-12
2015,Q1,Million of Saudi Riyals,"Agriculture, Forestry & Fishing",17895.0,2015-03
2015,Q1,Million of Saudi Riyals,Mining & Quarrying,152280.0,2015-03
2015,Q1,Million of Saudi Riyals,Manufacturing,86279.0,2015-03
2015,Q1,Million of Saudi Riyals,"Wholesale & Retail Trade, Restaurants & hotels",76009.0,2015-03
2015,Q1,Million of Saudi Riyals,"Finance, Insurance, Real Estate & Business Services : Real Estate",47899.0,2015-03
2015,Q2,Million of Saudi Riyals,Mining & Quarrying : Crude Petroleum & Natural Gas,175142.0,2015-06
2015,Q2,Million of Saudi Riyals,Government Activities,119578.0,2015-06
2015,Q2,Million of Saudi Riyals,Net Taxes on Products,5246.0,2015-06
2015,Q3,Million of Saudi Riyals,Mining & Quarrying,146222.0,2015-09
2015,Q3,Million of Saudi Riyals,"Transport, Storage & Communication",37908.0,2015-09
2015,Q4,Million of Saudi Riyals,Mining & Quarrying,124756.0,2015-12
2015,Q4,Million of Saudi Riyals,"Finance, Insurance, Real Estate & Business Services",80017.0,2015-12
2015,Q4,Million of Saudi Riyals,Gross Value Added,591852.0,2015-12
2016,Q1,Million of Saudi Riyals,Manufacturing : Manufacturing excluding petroleum refining,72642.0,2016-03
2016,Q1,Million of Saudi Riyals,"Finance, Insurance, Real Estate & Business Services : Real Estate",49059.0,2016-03
2016,Q2,Million of Saudi Riyals,"Agriculture, Forestry & Fishing",19432.0,2016-06
2016,Q2,Million of Saudi Riyals,Manufacturing : Petroleum Refining,15589.0,2016-06
2016,Q2,Million of Saudi Riyals,"Finance, Insurance, Real Estate & Business Services : Real Estate",47027.0,2016-06
2016,Q3,Million of Saudi Riyals,Mining & Quarrying,143632.0,2016-09
2016,Q3,Million of Saudi Riyals,Manufacturing : Manufacturing excluding petroleum refining,69964.0,2016-09
2016,Q3,Million of Saudi Riyals,Net Taxes on Products,4641.0,2016-09
2016,Q4,Million of Saudi Riyals,Mining & Quarrying,157766.0,2016-12
2016,Q4,Million of Saudi Riyals,Mining & Quarrying : Other Mining & Quarrying,2535.0,2016-12
2016,Q4,Million of Saudi Riyals,Manufacturing : Petroleum Refining,16935.0,2016-12
2016,Q4,Million of Saudi Riyals,"Electricity, Gas and Water",8048.0,2016-12
2016,Q4,Million of Saudi Riyals,"Wholesale & Retail Trade, Restaurants & hotels",77274.0,2016-12
2016,Q4,Million of Saudi Riyals,"Finance, Insurance, Real Estate & Business Services",84169.0,2016-12
2016,Q4,Million of Saudi Riyals,Gross Value Added,664281.0,2016-12
2016,Q4,Million of Saudi Riyals,Net Taxes on Products,8520.0,2016-12
2017,Q1,Million of Saudi Riyals,Construction,42455.0,2017-03
2017,Q2,Million of Saudi Riyals,Manufacturing : Manufacturing excluding petroleum refining,73913.0,2017-06
2017,Q2,Million of Saudi Riyals,"Wholesale & Retail Trade, Restaurants & hotels",81862.0,2017-06
2017,Q2,Million of Saudi Riyals,"Transport, Storage & Communication",43407.0,2017-06
2017,Q2,Million of Saudi Riyals,"Finance, Insurance, Real Estate & Business Services",86160.0,2017-06
2017,Q2,Million of Saudi Riyals,Gross Value Added,676337.0,2017-06
2017,Q3,Million of Saudi Riyals,"Agriculture, Forestry & Fishing",21439.0,2017-09
2017,Q3,Million of Saudi Riyals,Manufacturing,93284.0,2017-09
2017,Q3,Million of Saudi Riyals,Manufacturing : Petroleum Refining,21779.0,2017-09
2017,Q3,Million of Saudi Riyals,Construction,44251.0,2017-09
2017,Q3,Million of Saudi Riyals,"Transport, Storage & Communication",42467.0,2017-09
2017,Q3,Million of Saudi Riyals,"Finance, Insurance, Real Estate & Business Services : Real Estate",48157.0,2017-09
2017,Q4,Million of Saudi Riyals,Manufacturing : Petroleum Refining,20857.0,2017-12
2018,Q1,Million of Saudi Riyals,Mining & Quarrying,212797.0,2018-03
2018,Q1,Million of Saudi Riyals,"Community, Social & Personal Services",24853.0,2018-03
2018,Q2,Million of Saudi Riyals,"Transport, Storage & Communication",43752.0,2018-06
2018,Q3,Million of Saudi Riyals,"Transport, Storage & Communication",43876.0,2018-09
2018,Q3,Million of Saudi Riyals,"Finance, Insurance, Real Estate & Business Services : Real Estate",47929.0,2018-09
2018,Q4,Million of Saudi Riyals,Mining & Quarrying : Other Mining & Quarrying,2870.0,2018-12
2018,Q4,Million of Saudi Riyals,Manufacturing : Manufacturing excluding petroleum refining,73123.0,2018-12
2018,Q4,Million of Saudi Riyals,"Transport, Storage & Communication",49030.0,2018-12
2018,Q4,Million of Saudi Riyals,Gross Value Added,838161.0,2018-12
2019,Q1,Million of Saudi Riyals,Manufacturing : Petroleum Refining,27956.0,2019-03
2019,Q1,Million of Saudi Riyals,"Wholesale & Retail Trade, Restaurants & hotels",80023.0,2019-03
2019,Q1,Million of Saudi Riyals,"Finance, Insurance, Real Estate & Business Services",93888.0,2019-03
2019,Q1,Million of Saudi Riyals,Gross Value Added,772459.0,2019-03
2019,Q2,Million of Saudi Riyals,Mining & Quarrying : Other Mining & Quarrying,3581.0,2019-06
2019,Q2,Million of Saudi Riyals,"Wholesale & Retail Trade, Restaurants & hotels",93681.0,2019-06
2019,Q2,Million of Saudi Riyals,"Finance, Insurance, Real Estate & Business Services : Real Estate",50316.0,2019-06
2019,Q2,Million of Saudi Riyals,"Finance, Insurance, Real Estate & Business Services : Finance , Insurance and Business sevices",44926.0,2019-06
2019,Q4,Million of Saudi Riyals,Manufacturing : Petroleum Refining,27479.0,2019-12
2019,Q4,Million of Saudi Riyals,"Finance, Insurance, Real Estate & Business Services",100802.0,2019-12
2019,Q4,Million of Saudi Riyals,"Finance, Insurance, Real Estate & Business Services : Real Estate",51337.0,2019-12
2020,Q1,Million of Saudi Riyals,Mining & Quarrying : Crude Petroleum & Natural Gas,137832.0,2020-03
2020,Q1,Million of Saudi Riyals,Mining & Quarrying : Other Mining & Quarrying,4271.0,2020-03
2020,Q1,Million of Saudi Riyals,Manufacturing : Petroleum Refining,21206.0,2020-03
2020,Q1,Million of Saudi Riyals,Construction,46818.0,2020-03
2020,Q1,Million of Saudi Riyals,"Finance, Insurance, Real Estate & Business Services : Real Estate",52637.0,2020-03
2020,Q1,Million of Saudi Riyals,Gross Value Added,714224.0,2020-03
2020,Q1,Million of Saudi Riyals,Net Taxes on Products,24931.0,2020-03
2020,Q2,Million of Saudi Riyals,Mining & Quarrying,76696.0,2020-06
2020,Q2,Million of Saudi Riyals,Manufacturing : Manufacturing excluding petroleum refining,77848.0,2020-06
2020,Q2,Million of Saudi Riyals,Construction,41112.0,2020-06
2020,Q2,Million of Saudi Riyals,"Transport, Storage & Communication",36488.0,2020-06
2020,Q2,Million of Saudi Riyals,"Finance, Insurance, Real Estate & Business Services : Real Estate",49497.0,2020-06
2020,Q2,Million of Saudi Riyals,Government Activities,143845.0,2020-06
2020,Q2,Million of Saudi Riyals,Gross Domestic Product,646000.0,2020-06
2020,Q3,Million of Saudi Riyals,"Electricity, Gas and Water",22365.0,2020-09
2020,Q3,Million of Saudi Riyals,"Wholesale & Retail Trade, Restaurants & hotels",84872.0,2020-09
2020,Q3,Million of Saudi Riyals,"Finance, Insurance, Real Estate & Business Services",91976.0,2020-09
2020,Q4,Million of Saudi Riyals,"Agriculture, Forestry & Fishing",19677.0,2020-12
2020,Q4,Million of Saudi Riyals,Mining & Quarrying : Other Mining & Quarrying,3448.0,2020-12
2020,Q4,Million of Saudi Riyals,Manufacturing,101817.0,2020-12
2020,Q4,Million of Saudi Riyals,Manufacturing : Manufacturing excluding petroleum refining,79274.0,2020-12
2020,Q4,Million of Saudi Riyals,"Wholesale & Retail Trade, Restaurants & hotels",89692.0,2020-12
2020,Q4,Million of Saudi Riyals,Net Taxes on Products,38425.0,2020-12
2021,Q1,Million of Saudi Riyals,Construction,48951.0,2021-03
2021,Q2,Million of Saudi Riyals,Mining & Quarrying,206845.0,2021-06
2021,Q2,Million of Saudi Riyals,"Finance, Insurance, Real Estate & Business Services : Real Estate",51959.0,2021-06
2021,Q2,Million of Saudi Riyals,"Community, Social & Personal Services",29424.0,2021-06
2021,Q3,Million of Saudi Riyals,Mining & Quarrying : Other Mining & Quarrying,4380.0,2021-09
2021,Q3,Million of Saudi Riyals,Manufacturing,130022.0,2021-09
2021,Q3,Million of Saudi Riyals,"Wholesale & Retail Trade, Restaurants & hotels",100597.0,2021-09
2021,Q3,Million of Saudi Riyals,Gross Domestic Product,961502.0,2021-09
2021,Q4,Million of Saudi Riyals,Mining & Quarrying,273315.0,2021-12
2021,Q4,Million of Saudi Riyals,Manufacturing : Petroleum Refining,45994.0,2021-12
2021,Q4,Million of Saudi Riyals,Construction,61350.0,2021-12
2021,Q4,Million of Saudi Riyals,Government Activities,150886.0,2021-12
2022,Q1,Million of Saudi Riyals,Mining & Quarrying : Crude Petroleum & Natural Gas,312570.0,2022-03
2022,Q2,Million of Saudi Riyals,Mining & Quarrying : Crude Petroleum & Natural Gas,414868.0,2022-06
2022,Q2,Million of Saudi Riyals,Mining & Quarrying : Other Mining & Quarrying,4215.0,2022-06
2022,Q2,Million of Saudi Riyals,"Electricity, Gas and Water",15522.0,2022-06
2022,Q2,Million of Saudi Riyals,"Finance, Insurance, Real Estate & Business Services",109856.0,2022-06
2022,Q2,Million of Saudi Riyals,"Finance, Insurance, Real Estate & Business Services : Finance , Insurance and Business sevices",56499.0,2022-06
2022,Q3,Million of Saudi Riyals,"Agriculture, Forestry & Fishing",29399.0,2022-09
2022,Q3,Million of Saudi Riyals,Manufacturing : Manufacturing excluding petroleum refining,112665.0,2022-09
2022,Q3,Million of Saudi Riyals,"Electricity, Gas and Water",26160.0,2022-09
2022,Q3,Million of Saudi Riyals,"Finance, Insurance, Real Estate & Business Services : Finance , Insurance and Business sevices",61689.0,2022-09
2022,Q4,Million of Saudi Riyals,"Electricity, Gas and Water",12736.0,2022-12
2022,Q4,Million of Saudi Riyals,"Transport, Storage & Communication",65913.0,2022-12
2022,Q4,Million of Saudi Riyals,"Finance, Insurance, Real Estate & Business Services : Real Estate",54097.0,2022-12
2022,Q4,Million of Saudi Riyals,"Finance, Insurance, Real Estate & Business Services : Finance , Insurance and Business sevices",68141.0,2022-12
2022,Q4,Million of Saudi Riyals,"Community, Social & Personal Services",37155.0,2022-12
2022,Q4,Million of Saudi Riyals,Gross Value Added,1104846.0,2022-12
2023,Q1,Million of Saudi Riyals,"Agriculture, Forestry & Fishing",27363.0,2023-03
2023,Q1,Million of Saudi Riyals,"Finance, Insurance, Real Estate & Business Services : Finance , Insurance and Business sevices",61749.0,2023-03
2023,Q3,Million of Saudi Riyals,"Agriculture, Forestry & Fishing",30568.0,2023-09
2023,Q3,Million of Saudi Riyals,Mining & Quarrying,269560.0,2023-09
2023,Q3,Million of Saudi Riyals,"Electricity, Gas and Water",26276.0,2023-09
2023,Q3,Million of Saudi Riyals,"Community, Social & Personal Services",38969.0,2023-09
2023,Q3,Million of Saudi Riyals,Government Activities,151708.0,2023-09
2023,Q3,Million of Saudi Riyals,Gross Domestic Product,1143376.0,2023-09
2023,Q4,Million of Saudi Riyals,Mining & Quarrying,251574.0,2023-12
2023,Q4,Million of Saudi Riyals,Manufacturing : Manufacturing excluding petroleum refining,121819.0,2023-12
2023,Q4,Million of Saudi Riyals,"Transport, Storage & Communication",69562.0,2023-12
2023,Q4,Million of Saudi Riyals,"Finance, Insurance, Real Estate & Business Services : Finance , Insurance and Business sevices",75754.0,2023-12
2023,Q4,Million of Saudi Riyals,"Community, Social & Personal Services",40633.0,2023-12
2023,Q4,Million of Saudi Riyals,Gross Domestic Product,1153172.0,2023-12
2024,Q1,Million of Saudi Riyals,"Agriculture, Forestry & Fishing",28914.0,2024-03
2024,Q1,Million of Saudi Riyals,Manufacturing : Manufacturing excluding petroleum refining,129755.0,2024-03
2024,Q1,Million of Saudi Riyals,"Finance, Insurance, Real Estate & Business Services",137629.0,2024-03
2024,Q2,Million of Saudi Riyals,"Agriculture, Forestry & Fishing",28994.0,2024-06
2024,Q2,Million of Saudi Riyals,Mining & Quarrying,246415.0,2024-06
2024,Q2,Million of Saudi Riyals,Mining & Quarrying : Crude Petroleum & Natural Gas,241361.0,2024-06
2024,Q2,Million of Saudi Riyals,Manufacturing,203949.0,2024-06
2024,Q3,Million of Saudi Riyals,"Agriculture, Forestry & Fishing",31738.0,2024-09
2024,Q3,Million of Saudi Riyals,Manufacturing : Manufacturing excluding petroleum refining,114397.0,2024-09
2024,Q3,Million of Saudi Riyals,"Electricity, Gas and Water",27336.0,2024-09
2024,Q3,Million of Saudi Riyals,"Transport, Storage & Communication",61941.0,2024-09
2024,Q3,Million of Saudi Riyals,"Community, Social & Personal Services",41408.0,2024-09
2024,Q3,Million of Saudi Riyals,Net Taxes on Products,61262.0,2024-09
2024,Q4,Million of Saudi Riyals,Manufacturing : Manufacturing excluding petroleum refining,129662.0,2024-12
2024,Q4,Million of Saudi Riyals,"Electricity, Gas and Water",16845.0,2024-12
2024,Q4,Million of Saudi Riyals,Gross Domestic Product,1186857.0,2024-12
2025,Q1,Million of Saudi Riyals,Mining & Quarrying : Other Mining & Quarrying,5467.0,2025-03
2025,Q1,Million of Saudi Riyals,"Community, Social & Personal Services",48583.0,2025-03
2025,Q1,Million of Saudi Riyals,Gross Value Added,1139432.0,2025-03
2025,Q2,Million of Saudi Riyals,"Electricity, Gas and Water",19586.0,2025-06
2025,Q2,Million of Saudi Riyals,Construction,90117.0,2025-06
2025,Q2,Million of Saudi Riyals,"Finance, Insurance, Real Estate & Business Services : Real Estate",72317.0,2025-06
2025,Q2,Million of Saudi Riyals,"Community, Social & Personal Services",44202.0,2025-06
2025,Q2,Million of Saudi Riyals,Net Taxes on Products,69010.0,2025-06
2025,Q3,Million of Saudi Riyals,Mining & Quarrying : Crude Petroleum & Natural Gas,213030.0,2025-09
2025,Q3,Million of Saudi Riyals,"Finance, Insurance, Real Estate & Business Services : Real Estate",73222.0,2025-09
2025,Q4,Million of Saudi Riyals,"Agriculture, Forestry & Fishing",29863.0,2025-12
2025,Q4,Million of Saudi Riyals,Mining & Quarrying : Crude Petroleum & Natural Gas,190385.0,2025-12
2025,Q4,Million of Saudi Riyals,"Finance, Insurance, Real Estate & Business Services : Finance , Insurance and Business sevices",87927.0,2025-12
2025,Q4,Million of Saudi Riyals,Government Activities,168092.0,2025-12
2011,Q1,Growth Rates Y-o-Y,"Agriculture, Forestry & Fishing",5.67,2011-03
2011,Q1,Growth Rates Y-o-Y,Mining & Quarrying,43.42,2011-03
2011,Q1,Growth Rates Y-o-Y,Mining & Quarrying : Other Mining & Quarrying,12.0,2011-03
2011,Q1,Growth Rates Y-o-Y,"Finance, Insurance, Real Estate & Business Services : Finance , Insurance and Business sevices",3.91,2011-03
2011,Q1,Growth Rates Y-o-Y,"Community, Social & Personal Services",21.14,2011-03
2011,Q1,Growth Rates Y-o-Y,Government Activities,12.97,2011-03
2011,Q1,Growth Rates Y-o-Y,Gross Value Added,26.21,2011-03
2011,Q2,Growth Rates Y-o-Y,Gross Value Added,33.89,2011-06
2011,Q3,Growth Rates Y-o-Y,Manufacturing : Petroleum Refining,9.6,2011-09
2011,Q3,Growth Rates Y-o-Y,"Electricity, Gas and Water",14.84,2011-09
2011,Q3,Growth Rates Y-o-Y,"Finance, Insurance, Real Estate & Business Services",7.49,2011-09
2011,Q3,Growth Rates Y-o-Y,"Finance, Insurance, Real Estate & Business Services : Real Estate",10.48,2011-09
2011,Q4,Growth Rates Y-o-Y,Government Activities,-5.22,2011-12
2012,Q1,Growth Rates Y-o-Y,"Electricity, Gas and Water",11.2,2012-03
2012,Q1,Growth Rates Y-o-Y,Gross Value Added,19.55,2012-03
2012,Q2,Growth Rates Y-o-Y,"Agriculture, Forestry & Fishing",5.93,2012-06
2012,Q2,Growth Rates Y-o-Y,Mining & Quarrying : Other Mining & Quarrying,9.28,2012-06
2012,Q2,Growth Rates Y-o-Y,Manufacturing : Petroleum Refining,7.24,2012-06
2012,Q2,Growth Rates Y-o-Y,"Transport, Storage & Communication",10.56,2012-06
2012,Q2,Growth Rates Y-o-Y,"Finance, Insurance, Real Estate & Business Services : Real Estate",29.07,2012-06
2012,Q3,Growth Rates Y-o-Y,"Electricity, Gas and Water",11.74,2012-09
2012,Q3,Growth Rates Y-o-Y,Construction,14.3,2012-09
2012,Q3,Growth Rates Y-o-Y,"Transport, Storage & Communication",10.51,2012-09
2012,Q4,Growth Rates Y-o-Y,Mining & Quarrying,-2.92,2012-12
2012,Q4,Growth Rates Y-o-Y,Construction,12.9,2012-12
2012,Q4,Growth Rates Y-o-Y,"Wholesale & Retail Trade, Restaurants & hotels",13.46,2012-12
2012,Q4,Growth Rates Y-o-Y,"Transport, Storage & Communication",10.21,2012-12
2012,Q4,Growth Rates Y-o-Y,"Finance, Insurance, Real Estate & Business Services : Real Estate",28.48,2012-12
2012,Q4,Growth Rates Y-o-Y,Gross Value Added,4.94,2012-12
2013,Q1,Growth Rates Y-o-Y,"Wholesale & Retail Trade, Restaurants & hotels",14.48,2013-03
2013,Q1,Growth Rates Y-o-Y,"Transport, Storage & Communication",9.41,2013-03
2013,Q1,Growth Rates Y-o-Y,"Finance, Insurance, Real Estate & Business Services : Finance , Insurance and Business sevices",9.59,2013-03
2013,Q2,Growth Rates Y-o-Y,Mining & Quarrying : Crude Petroleum & Natural Gas,-7.61,2013-06
2013,Q2,Growth Rates Y-o-Y,"Transport, Storage & Communication",8.78,2013-06
2013,Q2,Growth Rates Y-o-Y,"Finance, Insurance, Real Estate & Business Services : Finance , Insurance and Business sevices",10.74,2013-06
2013,Q2,Growth Rates Y-o-Y,Government Activities,18.08,2013-06
2013,Q2,Growth Rates Y-o-Y,Gross Value Added,2.9,2013-06
2013,Q3,Growth Rates Y-o-Y,Mining & Quarrying : Crude Petroleum & Natural Gas,-0.71,2013-09
2013,Q3,Growth Rates Y-o-Y,Construction,13.72,2013-09
2013,Q4,Growth Rates Y-o-Y,"Finance, Insurance, Real Estate & Business Services : Real Estate",23.78,2013-12
2013,Q4,Growth Rates Y-o-Y,"Finance, Insurance, Real Estate & Business Services : Finance , Insurance and Business sevices",12.98,2013-12
2014,Q1,Growth Rates Y-o-Y,Mining & Quarrying : Other Mining & Quarrying,7.81,2014-03
2014,Q1,Growth Rates Y-o-Y,Manufacturing : Petroleum Refining,13.19,2014-03
2014,Q1,Growth Rates Y-o-Y,"Wholesale & Retail Trade, Restaurants & hotels",8.85,2014-03
2014,Q1,Growth Rates Y-o-Y,"Finance, Insurance, Real Estate & Business Services : Real Estate",12.48,2014-03
2014,Q1,Growth Rates Y-o-Y,Government Activities,9.65,2014-03
2014,Q2,Growth Rates Y-o-Y,Mining & Quarrying : Crude Petroleum & Natural Gas,1.32,2014-06
2014,Q2,Growth Rates Y-o-Y,"Finance, Insurance, Real Estate & Business Services",7.33,2014-06
2014,Q2,Growth Rates Y-o-Y,"Community, Social & Personal Services",21.91,2014-06
2014,Q2,Growth Rates Y-o-Y,Net Taxes on Products,-5.47,2014-06
2014,Q3,Growth Rates Y-o-Y,Mining & Quarrying,-7.37,2014-09
2014,Q3,Growth Rates Y-o-Y,Mining & Quarrying : Crude Petroleum & Natural Gas,-7.54,2014-09
2014,Q3,Growth Rates Y-o-Y,"Electricity, Gas and Water",4.02,2014-09
2014,Q3,Growth Rates Y-o-Y,Government Activities,15.55,2014-09
2014,Q4,Growth Rates Y-o-Y,Mining & Quarrying : Crude Petroleum & Natural Gas,-29.52,2014-12
2014,Q4,Growth Rates Y-o-Y,Mining & Quarrying : Other Mining & Quarrying,2.88,2014-12
2014,Q4,Growth Rates Y-o-Y,"Electricity, Gas and Water",-1.32,2014-12
2014,Q4,Growth Rates Y-o-Y,"Finance, Insurance, Real Estate & Business Services : Finance , Insurance and Business sevices",5.13,2014-12
2015,Q1,Growth Rates Y-o-Y,"Wholesale & Retail Trade, Restaurants & hotels",8.85,2015-03
2015,Q1,Growth Rates Y-o-Y,"Finance, Insurance, Real Estate & Business Services",4.12,2015-03
2015,Q1,Growth Rates Y-o-Y,Gross Value Added,-12.29,2015-03
2015,Q2,Growth Rates Y-o-Y,"Agriculture, Forestry & Fishing",5.55,2015-06
2015,Q2,Growth Rates Y-o-Y,"Electricity, Gas and Water",13.36,2015-06
2015,Q2,Growth Rates Y-o-Y,"Finance, Insurance, Real Estate & Business Services",8.56,2015-06
2015,Q3,Growth Rates Y-o-Y,Mining & Quarrying,-49.3,2015-09
2015,Q3,Growth Rates Y-o-Y,"Electricity, Gas and Water",7.27,2015-09
2015,Q3,Growth Rates Y-o-Y,Construction,6.61,2015-09
2015,Q3,Growth Rates Y-o-Y,"Wholesale & Retail Trade, Restaurants & hotels",-1.2,2015-09
2015,Q3,Growth Rates Y-o-Y,"Finance, Insurance, Real Estate & Business Services : Real Estate",7.44,2015-09
2015,Q3,Growth Rates Y-o-Y,"Finance, Insurance, Real Estate & Business Services : Finance , Insurance and Business sevices",4.54,2015-09
2015,Q4,Growth Rates Y-o-Y,Mining & Quarrying,-42.92,2015-12
2015,Q4,Growth Rates Y-o-Y,Manufacturing : Manufacturing excluding petroleum refining,10.68,2015-12
2015,Q4,Growth Rates Y-o-Y,Net Taxes on Products,32.55,2015-12
2016,Q1,Growth Rates Y-o-Y,"Electricity, Gas and Water",10.94,2016-03
2016,Q1,Growth Rates Y-o-Y,"Community, Social & Personal Services",9.31,2016-03
2016,Q1,Growth Rates Y-o-Y,Government Activities,-9.56,2016-03
2016,Q2,Growth Rates Y-o-Y,"Electricity, Gas and Water",-1.3,2016-06
2016,Q2,Growth Rates Y-o-Y,"Finance, Insurance, Real Estate & Business Services : Real Estate",8.97,2016-06
2016,Q2,Growth Rates Y-o-Y,Net Taxes on Products,74.17,2016-06
2016,Q3,Growth Rates Y-o-Y,Mining & Quarrying : Other Mining & Quarrying,-3.75,2016-09
2016,Q3,Growth Rates Y-o-Y,"Finance, Insurance, Real Estate & Business Services : Real Estate",2.02,2016-09
2016,Q3,Growth Rates Y-o-Y,Gross Value Added,0.96,2016-09
2016,Q4,Growth Rates Y-o-Y,Manufacturing,4.74,2016-12
2016,Q4,Growth Rates Y-o-Y,Manufacturing : Manufacturing excluding petroleum refining,1.66,2016-12
2016,Q4,Growth Rates Y-o-Y,Construction,-1.9,2016-12
2016,Q4,Growth Rates Y-o-Y,"Finance, Insurance, Real Estate & Business Services : Real Estate",5.2,2016-12
2016,Q4,Growth Rates Y-o-Y,"Finance, Insurance, Real Estate & Business Services : Finance , Insurance and Business sevices",5.17,2016-12
2016,Q4,Growth Rates Y-o-Y,"Community, Social & Personal Services",15.93,2016-12
2017,Q1,Growth Rates Y-o-Y,"Community, Social & Personal Services",5.75,2017-03
2017,Q1,Growth Rates Y-o-Y,Net Taxes on Products,27.61,2017-03
2017,Q2,Growth Rates Y-o-Y,Manufacturing : Manufacturing excluding petroleum refining,0.85,2017-06
2017,Q2,Growth Rates Y-o-Y,"Finance, Insurance, Real Estate & Business Services : Real Estate",5.66,2017-06
2017,Q2,Growth Rates Y-o-Y,Gross Value Added,4.74,2017-06
2017,Q2,Growth Rates Y-o-Y,Gross Domestic Product,4.27,2017-06
2017,Q3,Growth Rates Y-o-Y,"Agriculture, Forestry & Fishing",4.63,2017-09
2017,Q3,Growth Rates Y-o-Y,Mining & Quarrying,8.8,2017-09
2017,Q3,Growth Rates Y-o-Y,Mining & Quarrying : Other Mining & Quarrying,7.03,2017-09
2017,Q3,Growth Rates Y-o-Y,Manufacturing : Manufacturing excluding petroleum refining,2.2,2017-09
2017,Q3,Growth Rates Y-o-Y,"Finance, Insurance, Real Estate & Business Services",5.21,2017-09
2017,Q4,Growth Rates Y-o-Y,Construction,3.01,2017-12
2018,Q1,Growth Rates Y-o-Y,Mining & Quarrying : Crude Petroleum & Natural Gas,31.64,2018-03
2018,Q1,Growth Rates Y-o-Y,Manufacturing : Manufacturing excluding petroleum refining,2.57,2018-03
2018,Q1,Growth Rates Y-o-Y,"Finance, Insurance, Real Estate & Business Services : Finance , Insurance and Business sevices",2.16,2018-03
2018,Q1,Growth Rates Y-o-Y,Government Activities,17.81,2018-03
2018,Q1,Growth Rates Y-o-Y,Gross Domestic Product,15.47,2018-03
2018,Q2,Growth Rates Y-o-Y,Manufacturing : Petroleum Refining,45.18,2018-06
2018,Q2,Growth Rates Y-o-Y,"Electricity, Gas and Water",19.76,2018-06
2018,Q2,Growth Rates Y-o-Y,Construction,3.04,2018-06
2018,Q2,Growth Rates Y-o-Y,"Community, Social & Personal Services",9.54,2018-06
2018,Q2,Growth Rates Y-o-Y,Net Taxes on Products,184.36,2018-06
2018,Q3,Growth Rates Y-o-Y,Mining & Quarrying,66.9,2018-09
2018,Q3,Growth Rates Y-o-Y,"Electricity, Gas and Water",5.94,2018-09
2018,Q3,Growth Rates Y-o-Y,"Finance, Insurance, Real Estate & Business Services",3.41,2018-09
2018,Q3,Growth Rates Y-o-Y,Gross Value Added,18.71,2018-09
2018,Q4,Growth Rates Y-o-Y,"Agriculture, Forestry & Fishing",1.92,2018-12
2018,Q4,Growth Rates Y-o-Y,"Wholesale & Retail Trade, Restaurants & hotels",2.59,2018-12
2018,Q4,Growth Rates Y-o-Y,"Finance, Insurance, Real Estate & Business Services",5.71,2018-12
2018,Q4,Growth Rates Y-o-Y,"Finance, Insurance, Real Estate & Business Services : Finance , Insurance and Business sevices",11.44,2018-12
2019,Q1,Growth Rates Y-o-Y,Mining & Quarrying : Crude Petroleum & Natural Gas,-7.41,2019-03
2019,Q1,Growth Rates Y-o-Y,Mining & Quarrying : Other Mining & Quarrying,9.25,2019-03
2019,Q2,Growth Rates Y-o-Y,Manufacturing,1.32,2019-06
2019,Q2,Growth Rates Y-o-Y,"Transport, Storage & Communication",11.62,2019-06
2019,Q2,Growth Rates Y-o-Y,"Finance, Insurance, Real Estate & Business Services : Finance , Insurance and Business sevices",13.0,2019-06
2019,Q2,Growth Rates Y-o-Y,Net Taxes on Products,25.05,2019-06
2019,Q3,Growth Rates Y-o-Y,Mining & Quarrying,-17.98,2019-09
2019,Q3,Growth Rates Y-o-Y,Mining & Quarrying : Other Mining & Quarrying,14.65,2019-09
2019,Q3,Growth Rates Y-o-Y,Construction,8.47,2019-09
2019,Q3,Growth Rates Y-o-Y,"Finance, Insurance, Real Estate & Business Services : Finance , Insurance and Business sevices",11.91,2019-09
2019,Q3,Growth Rates Y-o-Y,"Community, Social & Personal Services",11.13,2019-09
2019,Q3,Growth Rates Y-o-Y,Gross Value Added,-0.67,2019-09
2019,Q4,Growth Rates Y-o-Y,Manufacturing : Manufacturing excluding petroleum refining,7.56,2019-12
2019,Q4,Growth Rates Y-o-Y,"Wholesale & Retail Trade, Restaurants & hotels",11.9,2019-12
2019,Q4,Growth Rates Y-o-Y,"Finance, Insurance, Real Estate & Business Services : Finance , Insurance and Business sevices",10.16,2019-12
2019,Q4,Growth Rates Y-o-Y,Government Activities,1.48,2019-12
2020,Q1,Growth Rates Y-o-Y,"Agriculture, Forestry & Fishing",3.34,2020-03
2020,Q1,Growth Rates Y-o-Y,Mining & Quarrying : Crude Petroleum & Natural Gas,-28.82,2020-03
2020,Q1,Growth Rates Y-o-Y,Mining & Quarrying : Other Mining & Quarrying,6.76,2020-03
2020,Q1,Growth Rates Y-o-Y,Manufacturing : Petroleum Refining,-24.14,2020-03
2020,Q1,Growth Rates Y-o-Y,Construction,-0.24,2020-03
2020,Q1,Growth Rates Y-o-Y,"Finance, Insurance, Real Estate & Business Services : Real Estate",-0.91,2020-03
2020,Q2,Growth Rates Y-o-Y,Mining & Quarrying : Other Mining & Quarrying,-1.97,2020-06
2020,Q2,Growth Rates Y-o-Y,"Electricity, Gas and Water",-4.55,2020-06
2020,Q2,Growth Rates Y-o-Y,Construction,-12.4,2020-06
2020,Q2,Growth Rates Y-o-Y,"Wholesale & Retail Trade, Restaurants & hotels",-19.6,2020-06
2020,Q2,Growth Rates Y-o-Y,"Transport, Storage & Communication",-25.29,2020-06
2020,Q3,Growth Rates Y-o-Y,Mining & Quarrying : Other Mining & Quarrying,1.86,2020-09
2020,Q3,Growth Rates Y-o-Y,"Wholesale & Retail Trade, Restaurants & hotels",-10.55,2020-09
2020,Q3,Growth Rates Y-o-Y,"Transport, Storage & Communication",-15.48,2020-09
2020,Q3,Growth Rates Y-o-Y,"Community, Social & Personal Services",1.46,2020-09
2020,Q3,Growth Rates Y-o-Y,Net Taxes on Products,34.71,2020-09
2020,Q4,Growth Rates Y-o-Y,"Agriculture, Forestry & Fishing",4.25,2020-12
2020,Q4,Growth Rates Y-o-Y,"Electricity, Gas and Water",-0.97,2020-12
2020,Q4,Growth Rates Y-o-Y,"Finance, Insurance, Real Estate & Business Services : Finance , Insurance and Business sevices",0.39,2020-12
2021,Q1,Growth Rates Y-o-Y,Manufacturing : Manufacturing excluding petroleum refining,11.7,2021-03
2021,Q1,Growth Rates Y-o-Y,"Wholesale & Retail Trade, Restaurants & hotels",9.29,2021-03
2021,Q1,Growth Rates Y-o-Y,"Community, Social & Personal Services",13.12,2021-03
2021,Q2,Growth Rates Y-o-Y,Net Taxes on Products,137.35,2021-06
2021,Q3,Growth Rates Y-o-Y,"Agriculture, Forestry & Fishing",5.71,2021-09
2021,Q3,Growth Rates Y-o-Y,Manufacturing : Petroleum Refining,131.47,2021-09
2021,Q4,Growth Rates Y-o-Y,Mining & Quarrying : Other Mining & Quarrying,-5.86,2021-12
2021,Q4,Growth Rates Y-o-Y,Manufacturing : Petroleum Refining,104.03,2021-12
2021,Q4,Growth Rates Y-o-Y,Construction,26.01,2021-12
2021,Q4,Growth Rates Y-o-Y,Government Activities,0.86,2021-12
2022,Q1,Growth Rates Y-o-Y,"Finance, Insurance, Real Estate & Business Services",9.16,2022-03
2022,Q1,Growth Rates Y-o-Y,Government Activities,3.67,2022-03
2022,Q2,Growth Rates Y-o-Y,Manufacturing,45.61,2022-06
2022,Q2,Growth Rates Y-o-Y,"Electricity, Gas and Water",8.64,2022-06
2022,Q2,Growth Rates Y-o-Y,"Finance, Insurance, Real Estate & Business Services",10.66,2022-06
2022,Q2,Growth Rates Y-o-Y,Government Activities,4.27,2022-06
2022,Q3,Growth Rates Y-o-Y,Mining & Quarrying : Crude Petroleum & Natural Gas,52.02,2022-09
2022,Q3,Growth Rates Y-o-Y,"Finance, Insurance, Real Estate & Business Services",12.37,2022-09
2022,Q3,Growth Rates Y-o-Y,"Community, Social & Personal Services",12.82,2022-09
2022,Q3,Growth Rates Y-o-Y,Government Activities,4.47,2022-09
2022,Q4,Growth Rates Y-o-Y,Mining & Quarrying,6.54,2022-12
2022,Q4,Growth Rates Y-o-Y,Manufacturing : Manufacturing excluding petroleum refining,13.12,2022-12
2022,Q4,Growth Rates Y-o-Y,"Finance, Insurance, Real Estate & Business Services : Real Estate",4.52,2022-12
2022,Q4,Growth Rates Y-o-Y,"Community, Social & Personal Services",17.43,2022-12
2022,Q4,Growth Rates Y-o-Y,Government Activities,5.2,2022-12
2022,Q4,Growth Rates Y-o-Y,Net Taxes on Products,-5.88,2022-12
2023,Q1,Growth Rates Y-o-Y,"Agriculture, Forestry & Fishing",19.19,2023-03
2023,Q1,Growth Rates Y-o-Y,Construction,29.02,2023-03
2023,Q1,Growth Rates Y-o-Y,"Finance, Insurance, Real Estate & Business Services : Real Estate",10.0,2023-03
2023,Q1,Growth Rates Y-o-Y,"Community, Social & Personal Services",20.63,2023-03
2023,Q2,Growth Rates Y-o-Y,Mining & Quarrying,-40.38,2023-06
2023,Q3,Growth Rates Y-o-Y,Mining & Quarrying : Crude Petroleum & Natural Gas,-28.95,2023-09
2023,Q3,Growth Rates Y-o-Y,"Finance, Insurance, Real Estate & Business Services : Finance , Insurance and Business sevices",13.64,2023-09
2023,Q3,Growth Rates Y-o-Y,Net Taxes on Products,25.42,2023-09
2023,Q4,Growth Rates Y-o-Y,"Agriculture, Forestry & Fishing",7.71,2023-12
2023,Q4,Growth Rates Y-o-Y,Manufacturing,-1.99,2023-12
2023,Q4,Growth Rates Y-o-Y,"Finance, Insurance, Real Estate & Business Services : Finance , Insurance and Business sevices",11.17,2023-12
2024,Q1,Growth Rates Y-o-Y,Manufacturing : Manufacturing excluding petroleum refining,7.12,2024-03
2024,Q1,Growth Rates Y-o-Y,"Finance, Insurance, Real Estate & Business Services",13.36,2024-03
2024,Q2,Growth Rates Y-o-Y,"Agriculture, Forestry & Fishing",4.61,2024-06
2024,Q2,Growth Rates Y-o-Y,Mining & Quarrying : Crude Petroleum & Natural Gas,-1.58,2024-06
2024,Q2,Growth Rates Y-o-Y,Mining & Quarrying : Other Mining & Quarrying,8.7,2024-06
2024,Q2,Growth Rates Y-o-Y,Manufacturing : Petroleum Refining,-0.41,2024-06
2024,Q2,Growth Rates Y-o-Y,"Electricity, Gas and Water",8.17,2024-06
2024,Q2,Growth Rates Y-o-Y,Construction,7.22,2024-06
2024,Q2,Growth Rates Y-o-Y,"Transport, Storage & Communication",5.21,2024-06
2024,Q2,Growth Rates Y-o-Y,"Finance, Insurance, Real Estate & Business Services",11.7,2024-06
2024,Q2,Growth Rates Y-o-Y,Net Taxes on Products,5.3,2024-06
2024,Q3,Growth Rates Y-o-Y,Manufacturing,4.96,2024-09
2024,Q3,Growth Rates Y-o-Y,Manufacturing : Manufacturing excluding petroleum refining,6.85,2024-09
2024,Q3,Growth Rates Y-o-Y,"Wholesale & Retail Trade, Restaurants & hotels",7.83,2024-09
2024,Q3,Growth Rates Y-o-Y,"Transport, Storage & Communication",4.58,2024-09
2024,Q3,Growth Rates Y-o-Y,"Finance, Insurance, Real Estate & Business Services : Finance , Insurance and Business sevices",13.57,2024-09
2024,Q3,Growth Rates Y-o-Y,Government Activities,6.46,2024-09
2024,Q3,Growth Rates Y-o-Y,Gross Value Added,2.27,2024-09
2024,Q4,Growth Rates Y-o-Y,Manufacturing : Petroleum Refining,-0.75,2024-12
2024,Q4,Growth Rates Y-o-Y,"Finance, Insurance, Real Estate & Business Services",10.52,2024-12
2024,Q4,Growth Rates Y-o-Y,"Finance, Insurance, Real Estate & Business Services : Real Estate",12.19,2024-12
2025,Q1,Growth Rates Y-o-Y,Mining & Quarrying,-6.94,2025-03
2025,Q1,Growth Rates Y-o-Y,"Wholesale & Retail Trade, Restaurants & hotels",8.78,2025-03
2025,Q2,Growth Rates Y-o-Y,Mining & Quarrying,-18.04,2025-06
2025,Q2,Growth Rates Y-o-Y,Manufacturing,-4.5,2025-06
2025,Q2,Growth Rates Y-o-Y,"Community, Social & Personal Services",5.49,2025-06
2025,Q3,Growth Rates Y-o-Y,Mining & Quarrying,-6.98,2025-09
2025,Q3,Growth Rates Y-o-Y,Mining & Quarrying : Other Mining & Quarrying,3.14,2025-09
2025,Q3,Growth Rates Y-o-Y,"Wholesale & Retail Trade, Restaurants & hotels",7.47,2025-09
2025,Q3,Growth Rates Y-o-Y,"Finance, Insurance, Real Estate & Business Services : Finance , Insurance and Business sevices",7.87,2025-09
2025,Q3,Growth Rates Y-o-Y,Government Activities,3.33,2025-09
2025,Q3,Growth Rates Y-o-Y,Gross Value Added,2.6,2025-09
2025,Q4,Growth Rates Y-o-Y,Mining & Quarrying : Crude Petroleum & Natural Gas,-7.61,2025-12
2025,Q4,Growth Rates Y-o-Y,Construction,5.98,2025-12
2010,Q1,Million of Saudi Riyals,"Agriculture, Forestry & Fishing",12956.0,2010-03
2010,Q1,Million of Saudi Riyals,Mining & Quarrying,189151.0,2010-03
2010,Q1,Million of Saudi Riyals,Mining & Quarrying : Other Mining & Quarrying,2179.0,2010-03
2010,Q1,Million of Saudi Riyals,"Wholesale & Retail Trade, Restaurants & hotels",40689.0,2010-03
2010,Q1,Million of Saudi Riyals,Government Activities,67510.0,2010-03
2010,Q1,Million of Saudi Riyals,Gross Value Added,470935.0,2010-03
2010,Q1,Million of Saudi Riyals,Net Taxes on Products,3352.0,2010-03
2010,Q2,Million of Saudi Riyals,Net Taxes on Products,3752.0,2010-06
2010,Q4,Million of Saudi Riyals,"Agriculture, Forestry & Fishing",11416.0,2010-12
2010,Q4,Million of Saudi Riyals,Gross Value Added,539069.0,2010-12
2010,Q4,Million of Saudi Riyals,Gross Domestic Product,542969.0,2010-12
2011,Q1,Million of Saudi Riyals,"Agriculture, Forestry & Fishing",13690.0,2011-03
2011,Q1,Million of Saudi Riyals,Mining & Quarrying,271284.0,2011-03
2011,Q1,Million of Saudi Riyals,Mining & Quarrying : Crude Petroleum & Natural Gas,268844.0,2011-03
2011,Q1,Million of Saudi Riyals,Mining & Quarrying : Other Mining & Quarrying,2440.0,2011-03
2011,Q1,Million of Saudi Riyals,Manufacturing,61904.0,2011-03
2011,Q1,Million of Saudi Riyals,Manufacturing : Petroleum Refining,14306.0,2011-03
2011,Q1,Million of Saudi Riyals,"Community, Social & Personal Services",10859.0,2011-03
2011,Q1,Million of Saudi Riyals,Net Taxes on Products,3132.0,2011-03
2011,Q2,Million of Saudi Riyals,Mining & Quarrying,305527.0,2011-06
2011,Q2,Million of Saudi Riyals,Construction,27584.0,2011-06
2011,Q3,Million of Saudi Riyals,Manufacturing : Petroleum Refining,16556.0,2011-09
2011,Q3,Million of Saudi Riyals,Construction,28135.0,2011-09
2011,Q3,Million of Saudi Riyals,Government Activities,68795.0,2011-09
2011,Q4,Million of Saudi Riyals,"Agriculture, Forestry & Fishing",12126.0,2011-12
2011,Q4,Million of Saudi Riyals,Manufacturing,63115.0,2011-12
2011,Q4,Million of Saudi Riyals,Manufacturing : Petroleum Refining,17216.0,2011-12
2011,Q4,Million of Saudi Riyals,"Finance, Insurance, Real Estate & Business Services : Real Estate",24005.0,2011-12
2011,Q4,Million of Saudi Riyals,"Community, Social & Personal Services",11258.0,2011-12
2011,Q4,Million of Saudi Riyals,Government Activities,85199.0,2011-12
2012,Q1,Million of Saudi Riyals,Manufacturing : Manufacturing excluding petroleum refining,52149.0,2012-03
2012,Q1,Million of Saudi Riyals,"Wholesale & Retail Trade, Restaurants & hotels",56039.0,2012-03
2012,Q1,Million of Saudi Riyals,"Community, Social & Personal Services",12590.0,2012-03
2012,Q1,Million of Saudi Riyals,Net Taxes on Products,3814.0,2012-03
2012,Q2,Million of Saudi Riyals,"Agriculture, Forestry & Fishing",15119.0,2012-06
2012,Q2,Million of Saudi Riyals,Mining & Quarrying : Crude Petroleum & Natural Gas,328628.0,2012-06
2012,Q2,Million of Saudi Riyals,Mining & Quarrying : Other Mining & Quarrying,2474.0,2012-06
2012,Q2,Million of Saudi Riyals,Manufacturing : Manufacturing excluding petroleum refining,53222.0,2012-06
2012,Q2,Million of Saudi Riyals,Construction,31657.0,2012-06
2012,Q2,Million of Saudi Riyals,Gross Value Added,694998.0,2012-06
2012,Q3,Million of Saudi Riyals,"Agriculture, Forestry & Fishing",15717.0,2012-09
2012,Q3,Million of Saudi Riyals,Manufacturing : Petroleum Refining,16387.0,2012-09
2012,Q3,Million of Saudi Riyals,Construction,32158.0,2012-09
2012,Q3,Million of Saudi Riyals,"Wholesale & Retail Trade, Restaurants & hotels",60427.0,2012-09
2012,Q3,Million of Saudi Riyals,"Finance, Insurance, Real Estate & Business Services : Finance , Insurance and Business sevices",26589.0,2012-09
2012,Q3,Million of Saudi Riyals,Government Activities,95273.0,2012-09
2012,Q4,Million of Saudi Riyals,Mining & Quarrying : Crude Petroleum & Natural Gas,313796.0,2012-12
2012,Q4,Million of Saudi Riyals,Manufacturing : Manufacturing excluding petroleum refining,50434.0,2012-12
2012,Q4,Million of Saudi Riyals,Construction,30789.0,2012-12
2012,Q4,Million of Saudi Riyals,"Finance, Insurance, Real Estate & Business Services : Finance , Insurance and Business sevices",27613.0,2012-12
2012,Q4,Million of Saudi Riyals,Government Activities,97507.0,2012-12
2012,Q4,Million of Saudi Riyals,Gross Value Added,694676.0,2012-12
2013,Q1,Million of Saudi Riyals,Mining & Quarrying,306768.0,2013-03
2013,Q1,Million of Saudi Riyals,Manufacturing : Manufacturing excluding petroleum refining,58569.0,2013-03
2013,Q1,Million of Saudi Riyals,Gross Value Added,709470.0,2013-03
2013,Q1,Million of Saudi Riyals,Net Taxes on Products,3014.0,2013-03
2013,Q1,Million of Saudi Riyals,Gross Domestic Product,712484.0,2013-03
2013,Q2,Million of Saudi Riyals,Manufacturing : Petroleum Refining,14354.0,2013-06
2013,Q2,Million of Saudi Riyals,"Finance, Insurance, Real Estate & Business Services : Real Estate",37746.0,2013-06
2013,Q2,Million of Saudi Riyals,Gross Domestic Product,721647.0,2013-06
2013,Q3,Million of Saudi Riyals,Mining & Quarrying : Other Mining & Quarrying,2665.0,2013-09
2013,Q3,Million of Saudi Riyals,Government Activities,90885.0,2013-09
2013,Q3,Million of Saudi Riyals,Gross Value Added,723987.0,2013-09
2013,Q3,Million of Saudi Riyals,Net Taxes on Products,5645.0,2013-09
2013,Q3,Million of Saudi Riyals,Gross Domestic Product,729632.0,2013-09
2013,Q4,Million of Saudi Riyals,Mining & Quarrying,309011.0,2013-12
2013,Q4,Million of Saudi Riyals,Manufacturing,71868.0,2013-12
2013,Q4,Million of Saudi Riyals,"Wholesale & Retail Trade, Restaurants & hotels",67431.0,2013-12
2013,Q4,Million of Saudi Riyals,"Finance, Insurance, Real Estate & Business Services",69374.0,2013-12
2013,Q4,Million of Saudi Riyals,"Finance, Insurance, Real Estate & Business Services : Real Estate",38176.0,2013-12
2013,Q4,Million of Saudi Riyals,"Community, Social & Personal Services",14970.0,2013-12
2013,Q4,Million of Saudi Riyals,Government Activities,93881.0,2013-12
2014,Q1,Million of Saudi Riyals,"Agriculture, Forestry & Fishing",16770.0,2014-03
2014,Q3,Million of Saudi Riyals,"Transport, Storage & Communication",35398.0,2014-09
2014,Q3,Million of Saudi Riyals,"Community, Social & Personal Services",16557.0,2014-09
2014,Q4,Million of Saudi Riyals,"Community, Social & Personal Services",16582.0,2014-12
2015,Q1,Million of Saudi Riyals,Mining & Quarrying : Other Mining & Quarrying,3285.0,2015-03
2015,Q1,Million of Saudi Riyals,"Transport, Storage & Communication",42004.0,2015-03
2015,Q1,Million of Saudi Riyals,Gross Value Added,665189.0,2015-03
2015,Q2,Million of Saudi Riyals,Mining & Quarrying : Other Mining & Quarrying,3105.0,2015-06
2015,Q2,Million of Saudi Riyals,Manufacturing,88758.0,2015-06
2015,Q2,Million of Saudi Riyals,Gross Domestic Product,684728.0,2015-06
2015,Q3,Million of Saudi Riyals,"Wholesale & Retail Trade, Restaurants & hotels",78736.0,2015-09
2015,Q3,Million of Saudi Riyals,"Finance, Insurance, Real Estate & Business Services",77364.0,2015-09
2015,Q3,Million of Saudi Riyals,"Community, Social & Personal Services",18219.0,2015-09
2015,Q3,Million of Saudi Riyals,Government Activities,115170.0,2015-09
2015,Q4,Million of Saudi Riyals,"Agriculture, Forestry & Fishing",15911.0,2015-12
2015,Q4,Million of Saudi Riyals,Manufacturing,81646.0,2015-12
2015,Q4,Million of Saudi Riyals,"Electricity, Gas and Water",7743.0,2015-12
2015,Q4,Million of Saudi Riyals,"Community, Social & Personal Services",18122.0,2015-12
2015,Q4,Million of Saudi Riyals,Government Activities,100757.0,2015-12
2015,Q4,Million of Saudi Riyals,Gross Domestic Product,601678.0,2015-12
2016,Q1,Million of Saudi Riyals,Mining & Quarrying : Other Mining & Quarrying,3189.0,2016-03
2016,Q1,Million of Saudi Riyals,"Finance, Insurance, Real Estate & Business Services",84582.0,2016-03
2016,Q1,Million of Saudi Riyals,Gross Value Added,605023.0,2016-03
2016,Q2,Million of Saudi Riyals,Mining & Quarrying : Crude Petroleum & Natural Gas,133490.0,2016-06
2016,Q2,Million of Saudi Riyals,Gross Domestic Product,654884.0,2016-06
2016,Q3,Million of Saudi Riyals,"Agriculture, Forestry & Fishing",20490.0,2016-09
2016,Q3,Million of Saudi Riyals,"Wholesale & Retail Trade, Restaurants & hotels",77280.0,2016-09
2016,Q3,Million of Saudi Riyals,"Finance, Insurance, Real Estate & Business Services : Finance , Insurance and Business sevices",33768.0,2016-09
2016,Q4,Million of Saudi Riyals,Mining & Quarrying : Crude Petroleum & Natural Gas,155230.0,2016-12
2016,Q4,Million of Saudi Riyals,"Finance, Insurance, Real Estate & Business Services : Finance , Insurance and Business sevices",36596.0,2016-12
2017,Q1,Million of Saudi Riyals,"Wholesale & Retail Trade, Restaurants & hotels",75032.0,2017-03
2017,Q1,Million of Saudi Riyals,"Transport, Storage & Communication",45023.0,2017-03
2017,Q1,Million of Saudi Riyals,"Finance, Insurance, Real Estate & Business Services : Real Estate",51960.0,2017-03
2017,Q1,Million of Saudi Riyals,Gross Value Added,666088.0,2017-03
2017,Q1,Million of Saudi Riyals,Net Taxes on Products,4548.0,2017-03
2017,Q2,Million of Saudi Riyals,Mining & Quarrying,153027.0,2017-06
2017,Q2,Million of Saudi Riyals,"Community, Social & Personal Services",22857.0,2017-06
2017,Q2,Million of Saudi Riyals,Net Taxes on Products,6535.0,2017-06
2017,Q2,Million of Saudi Riyals,Gross Domestic Product,682872.0,2017-06
2017,Q3,Million of Saudi Riyals,Manufacturing : Manufacturing excluding petroleum refining,71505.0,2017-09
2017,Q3,Million of Saudi Riyals,"Finance, Insurance, Real Estate & Business Services",83836.0,2017-09
2017,Q3,Million of Saudi Riyals,Gross Value Added,690964.0,2017-09
2017,Q4,Million of Saudi Riyals,"Electricity, Gas and Water",8766.0,2017-12
2017,Q4,Million of Saudi Riyals,"Finance, Insurance, Real Estate & Business Services : Finance , Insurance and Business sevices",40293.0,2017-12
2017,Q4,Million of Saudi Riyals,Gross Value Added,722981.0,2017-12
2017,Q4,Million of Saudi Riyals,Gross Domestic Product,728302.0,2017-12
2018,Q1,Million of Saudi Riyals,Mining & Quarrying : Other Mining & Quarrying,3662.0,2018-03
2018,Q1,Million of Saudi Riyals,Manufacturing,104971.0,2018-03
2018,Q1,Million of Saudi Riyals,"Finance, Insurance, Real Estate & Business Services",88971.0,2018-03
2018,Q2,Million of Saudi Riyals,Manufacturing,107542.0,2018-06
2018,Q2,Million of Saudi Riyals,Manufacturing : Petroleum Refining,30517.0,2018-06
2018,Q2,Million of Saudi Riyals,"Finance, Insurance, Real Estate & Business Services",89206.0,2018-06
2018,Q2,Million of Saudi Riyals,"Finance, Insurance, Real Estate & Business Services : Finance , Insurance and Business sevices",39756.0,2018-06
2018,Q2,Million of Saudi Riyals,Government Activities,149710.0,2018-06
2018,Q3,Million of Saudi Riyals,Manufacturing : Petroleum Refining,29014.0,2018-09
2018,Q3,Million of Saudi Riyals,"Community, Social & Personal Services",24135.0,2018-09
2018,Q3,Million of Saudi Riyals,Net Taxes on Products,22852.0,2018-09
2018,Q4,Million of Saudi Riyals,Manufacturing,103988.0,2018-12
2018,Q4,Million of Saudi Riyals,"Finance, Insurance, Real Estate & Business Services",94950.0,2018-12
2018,Q4,Million of Saudi Riyals,"Finance, Insurance, Real Estate & Business Services : Real Estate",50047.0,2018-12
2018,Q4,Million of Saudi Riyals,Government Activities,148916.0,2018-12
2019,Q1,Million of Saudi Riyals,"Agriculture, Forestry & Fishing",19627.0,2019-03
2019,Q1,Million of Saudi Riyals,Mining & Quarrying : Crude Petroleum & Natural Gas,193635.0,2019-03
2019,Q1,Million of Saudi Riyals,Mining & Quarrying : Other Mining & Quarrying,4000.0,2019-03
2019,Q1,Million of Saudi Riyals,"Finance, Insurance, Real Estate & Business Services : Finance , Insurance and Business sevices",40767.0,2019-03
2019,Q1,Million of Saudi Riyals,Net Taxes on Products,19081.0,2019-03
2019,Q2,Million of Saudi Riyals,"Electricity, Gas and Water",15164.0,2019-06
2019,Q2,Million of Saudi Riyals,"Community, Social & Personal Services",27172.0,2019-06
2019,Q2,Million of Saudi Riyals,Net Taxes on Products,23237.0,2019-06
2019,Q3,Million of Saudi Riyals,"Agriculture, Forestry & Fishing",22240.0,2019-09
2019,Q3,Million of Saudi Riyals,Mining & Quarrying : Crude Petroleum & Natural Gas,209980.0,2019-09
2019,Q3,Million of Saudi Riyals,Manufacturing,104562.0,2019-09
2019,Q3,Million of Saudi Riyals,Manufacturing : Petroleum Refining,24862.0,2019-09
2019,Q3,Million of Saudi Riyals,"Transport, Storage & Communication",47691.0,2019-09
2019,Q3,Million of Saudi Riyals,Net Taxes on Products,23061.0,2019-09
2019,Q4,Million of Saudi Riyals,Mining & Quarrying,221308.0,2019-12
2019,Q4,Million of Saudi Riyals,Manufacturing,106128.0,2019-12
2019,Q4,Million of Saudi Riyals,Construction,47051.0,2019-12
2020,Q1,Million of Saudi Riyals,Manufacturing : Manufacturing excluding petroleum refining,79110.0,2020-03
2020,Q1,Million of Saudi Riyals,"Electricity, Gas and Water",7081.0,2020-03
2020,Q2,Million of Saudi Riyals,"Finance, Insurance, Real Estate & Business Services : Finance , Insurance and Business sevices",44500.0,2020-06
2020,Q2,Million of Saudi Riyals,Gross Value Added,620722.0,2020-06
2020,Q2,Million of Saudi Riyals,Net Taxes on Products,25278.0,2020-06
2020,Q3,Million of Saudi Riyals,"Agriculture, Forestry & Fishing",23492.0,2020-09
2020,Q3,Million of Saudi Riyals,Manufacturing,93050.0,2020-09
2020,Q3,Million of Saudi Riyals,Construction,48593.0,2020-09
2020,Q3,Million of Saudi Riyals,Gross Value Added,702027.0,2020-09
2020,Q4,Million of Saudi Riyals,Mining & Quarrying : Crude Petroleum & Natural Gas,124133.0,2020-12
2020,Q4,Million of Saudi Riyals,Construction,48688.0,2020-12
2020,Q4,Million of Saudi Riyals,"Finance, Insurance, Real Estate & Business Services : Real Estate",51539.0,2020-12
2020,Q4,Million of Saudi Riyals,Gross Domestic Product,761568.0,2020-12
2021,Q1,Million of Saudi Riyals,Manufacturing : Manufacturing excluding petroleum refining,88363.0,2021-03
2021,Q1,Million of Saudi Riyals,"Finance, Insurance, Real Estate & Business Services : Finance , Insurance and Business sevices",44188.0,2021-03
2021,Q2,Million of Saudi Riyals,Manufacturing : Petroleum Refining,32070.0,2021-06
2021,Q2,Million of Saudi Riyals,Manufacturing : Manufacturing excluding petroleum refining,90822.0,2021-06
2021,Q2,Million of Saudi Riyals,"Electricity, Gas and Water",14288.0,2021-06
2021,Q2,Million of Saudi Riyals,Construction,46267.0,2021-06
2021,Q2,Million of Saudi Riyals,Government Activities,141833.0,2021-06
2021,Q2,Million of Saudi Riyals,Gross Value Added,824786.0,2021-06
2021,Q3,Million of Saudi Riyals,"Agriculture, Forestry & Fishing",24833.0,2021-09
2021,Q3,Million of Saudi Riyals,Mining & Quarrying,249674.0,2021-09
2021,Q3,Million of Saudi Riyals,Manufacturing : Petroleum Refining,37705.0,2021-09
2021,Q3,Million of Saudi Riyals,Manufacturing : Manufacturing excluding petroleum refining,92318.0,2021-09
2021,Q3,Million of Saudi Riyals,Construction,57503.0,2021-09
2021,Q3,Million of Saudi Riyals,Gross Value Added,908751.0,2021-09
2021,Q4,Million of Saudi Riyals,"Electricity, Gas and Water",12309.0,2021-12
2021,Q4,Million of Saudi Riyals,"Wholesale & Retail Trade, Restaurants & hotels",100220.0,2021-12
2021,Q4,Million of Saudi Riyals,"Community, Social & Personal Services",31640.0,2021-12
2021,Q4,Million of Saudi Riyals,Net Taxes on Products,55133.0,2021-12
2022,Q1,Million of Saudi Riyals,"Transport, Storage & Communication",54459.0,2022-03
2022,Q1,Million of Saudi Riyals,"Finance, Insurance, Real Estate & Business Services",107191.0,2022-03
2022,Q1,Million of Saudi Riyals,"Community, Social & Personal Services",35787.0,2022-03
2022,Q2,Million of Saudi Riyals,Manufacturing,178948.0,2022-06
2022,Q3,Million of Saudi Riyals,Manufacturing : Petroleum Refining,58539.0,2022-09
2022,Q3,Million of Saudi Riyals,"Transport, Storage & Communication",53816.0,2022-09
2022,Q3,Million of Saudi Riyals,Gross Domestic Product,1199420.0,2022-09
2022,Q4,Million of Saudi Riyals,Mining & Quarrying,291182.0,2022-12
2022,Q4,Million of Saudi Riyals,Mining & Quarrying : Other Mining & Quarrying,4056.0,2022-12
2022,Q4,Million of Saudi Riyals,Construction,86153.0,2022-12
2022,Q4,Million of Saudi Riyals,"Wholesale & Retail Trade, Restaurants & hotels",119264.0,2022-12
2023,Q1,Million of Saudi Riyals,Mining & Quarrying : Other Mining & Quarrying,4929.0,2023-03
2023,Q2,Million of Saudi Riyals,"Agriculture, Forestry & Fishing",27717.0,2023-06
2023,Q2,Million of Saudi Riyals,Mining & Quarrying,249877.0,2023-06
2023,Q2,Million of Saudi Riyals,Mining & Quarrying : Crude Petroleum & Natural Gas,245228.0,2023-06
2023,Q2,Million of Saudi Riyals,Manufacturing : Manufacturing excluding petroleum refining,125486.0,2023-06
2023,Q2,Million of Saudi Riyals,Construction,79479.0,2023-06
2023,Q2,Million of Saudi Riyals,"Transport, Storage & Communication",58111.0,2023-06
2023,Q2,Million of Saudi Riyals,Gross Value Added,1066916.0,2023-06
2023,Q2,Million of Saudi Riyals,Gross Domestic Product,1126757.0,2023-06
2023,Q3,Million of Saudi Riyals,Manufacturing : Petroleum Refining,59821.0,2023-09
2023,Q3,Million of Saudi Riyals,Construction,85278.0,2023-09
2024,Q1,Million of Saudi Riyals,Manufacturing : Petroleum Refining,58125.0,2024-03
2024,Q2,Million of Saudi Riyals,"Electricity, Gas and Water",17169.0,2024-06
2024,Q2,Million of Saudi Riyals,"Wholesale & Retail Trade, Restaurants & hotels",137742.0,2024-06
2024,Q2,Million of Saudi Riyals,Gross Value Added,1123609.0,2024-06
2024,Q3,Million of Saudi Riyals,Manufacturing,175165.0,2024-09
2024,Q4,Million of Saudi Riyals,"Agriculture, Forestry & Fishing",28247.0,2024-12
2024,Q4,Million of Saudi Riyals,Construction,97983.0,2024-12
2024,Q4,Million of Saudi Riyals,"Transport, Storage & Communication",72846.0,2024-12
2025,Q1,Million of Saudi Riyals,Mining & Quarrying : Crude Petroleum & Natural Gas,217889.0,2025-03
2025,Q1,Million of Saudi Riyals,Construction,92029.0,2025-03
2025,Q1,Million of Saudi Riyals,"Finance, Insurance, Real Estate & Business Services",153907.0,2025-03
2025,Q1,Million of Saudi Riyals,"Finance, Insurance, Real Estate & Business Services : Real Estate",75541.0,2025-03
2025,Q1,Million of Saudi Riyals,"Finance, Insurance, Real Estate & Business Services : Finance , Insurance and Business sevices",78366.0,2025-03
2025,Q1,Million of Saudi Riyals,Gross Domestic Product,1202547.0,2025-03
2025,Q2,Million of Saudi Riyals,Mining & Quarrying : Other Mining & Quarrying,5208.0,2025-06
2025,Q2,Million of Saudi Riyals,"Transport, Storage & Communication",63910.0,2025-06
2025,Q3,Million of Saudi Riyals,Manufacturing,179589.0,2025-09
2025,Q3,Million of Saudi Riyals,Manufacturing : Manufacturing excluding petroleum refining,118814.0,2025-09
2025,Q3,Million of Saudi Riyals,Net Taxes on Products,61634.0,2025-09
2025,Q4,Million of Saudi Riyals,Manufacturing : Petroleum Refining,58985.0,2025-12
2025,Q4,Million of Saudi Riyals,Construction,103843.0,2025-12
2025,Q4,Million of Saudi Riyals,"Finance, Insurance, Real Estate & Business Services : Real Estate",73855.0,2025-12
2025,Q4,Million of Saudi Riyals,Gross Value Added,1140191.0,2025-12
2011,Q1,Growth Rates Y-o-Y,Construction,24.1,2011-03
2011,Q1,Growth Rates Y-o-Y,"Transport, Storage & Communication",16.49,2011-03
2011,Q1,Growth Rates Y-o-Y,"Finance, Insurance, Real Estate & Business Services",7.12,2011-03
2011,Q2,Growth Rates Y-o-Y,Mining & Quarrying,53.4,2011-06
2011,Q2,Growth Rates Y-o-Y,Net Taxes on Products,34.33,2011-06
2011,Q3,Growth Rates Y-o-Y,"Finance, Insurance, Real Estate & Business Services : Finance , Insurance and Business sevices",4.61,2011-09
2011,Q3,Growth Rates Y-o-Y,Gross Value Added,33.61,2011-09
2011,Q4,Growth Rates Y-o-Y,Net Taxes on Products,5.62,2011-12
2012,Q1,Growth Rates Y-o-Y,Mining & Quarrying : Other Mining & Quarrying,7.27,2012-03
2012,Q1,Growth Rates Y-o-Y,Construction,15.22,2012-03
2012,Q1,Growth Rates Y-o-Y,"Transport, Storage & Communication",10.28,2012-03
2012,Q2,Growth Rates Y-o-Y,"Electricity, Gas and Water",9.25,2012-06
2012,Q2,Growth Rates Y-o-Y,Construction,14.76,2012-06
2012,Q2,Growth Rates Y-o-Y,"Wholesale & Retail Trade, Restaurants & hotels",14.36,2012-06
2012,Q2,Growth Rates Y-o-Y,"Finance, Insurance, Real Estate & Business Services",19.62,2012-06
2012,Q2,Growth Rates Y-o-Y,Gross Domestic Product,8.84,2012-06
2012,Q3,Growth Rates Y-o-Y,"Wholesale & Retail Trade, Restaurants & hotels",13.21,2012-09
2012,Q3,Growth Rates Y-o-Y,"Finance, Insurance, Real Estate & Business Services : Real Estate",28.67,2012-09
2012,Q4,Growth Rates Y-o-Y,"Finance, Insurance, Real Estate & Business Services : Finance , Insurance and Business sevices",12.71,2012-12
2013,Q1,Growth Rates Y-o-Y,Mining & Quarrying,-12.7,2013-03
2013,Q1,Growth Rates Y-o-Y,Manufacturing,4.13,2013-03
2013,Q1,Growth Rates Y-o-Y,Manufacturing : Manufacturing excluding petroleum refining,12.31,2013-03
2013,Q1,Growth Rates Y-o-Y,"Electricity, Gas and Water",11.86,2013-03
2013,Q1,Growth Rates Y-o-Y,"Finance, Insurance, Real Estate & Business Services : Real Estate",22.85,2013-03
2013,Q1,Growth Rates Y-o-Y,"Community, Social & Personal Services",8.86,2013-03
2013,Q1,Growth Rates Y-o-Y,Gross Value Added,-0.16,2013-03
2013,Q2,Growth Rates Y-o-Y,Net Taxes on Products,23.37,2013-06
2013,Q3,Growth Rates Y-o-Y,Mining & Quarrying,-0.64,2013-09
2013,Q3,Growth Rates Y-o-Y,Manufacturing,6.58,2013-09
2013,Q3,Growth Rates Y-o-Y,"Wholesale & Retail Trade, Restaurants & hotels",12.83,2013-09
2013,Q3,Growth Rates Y-o-Y,"Finance, Insurance, Real Estate & Business Services",15.97,2013-09
2013,Q4,Growth Rates Y-o-Y,"Agriculture, Forestry & Fishing",-2.06,2013-12
2013,Q4,Growth Rates Y-o-Y,Construction,14.38,2013-12
2013,Q4,Growth Rates Y-o-Y,"Finance, Insurance, Real Estate & Business Services",18.68,2013-12
2013,Q4,Growth Rates Y-o-Y,"Community, Social & Personal Services",20.51,2013-12
2013,Q4,Growth Rates Y-o-Y,Government Activities,-3.72,2013-12
2013,Q4,Growth Rates Y-o-Y,Net Taxes on Products,-9.56,2013-12
2014,Q1,Growth Rates Y-o-Y,Manufacturing,11.61,2014-03
2014,Q1,Growth Rates Y-o-Y,"Finance, Insurance, Real Estate & Business Services",10.72,2014-03
2014,Q1,Growth Rates Y-o-Y,Gross Domestic Product,7.07,2014-03
2014,Q2,Growth Rates Y-o-Y,Mining & Quarrying : Other Mining & Quarrying,8.01,2014-06
2014,Q2,Growth Rates Y-o-Y,Manufacturing : Petroleum Refining,18.3,2014-06
2014,Q2,Growth Rates Y-o-Y,"Wholesale & Retail Trade, Restaurants & hotels",12.92,2014-06
2014,Q2,Growth Rates Y-o-Y,"Transport, Storage & Communication",7.91,2014-06
2014,Q2,Growth Rates Y-o-Y,"Finance, Insurance, Real Estate & Business Services : Finance , Insurance and Business sevices",8.73,2014-06
2014,Q2,Growth Rates Y-o-Y,Government Activities,2.51,2014-06
2014,Q3,Growth Rates Y-o-Y,"Wholesale & Retail Trade, Restaurants & hotels",16.88,2014-09
2014,Q3,Growth Rates Y-o-Y,"Finance, Insurance, Real Estate & Business Services : Finance , Insurance and Business sevices",8.54,2014-09
2014,Q3,Growth Rates Y-o-Y,Gross Value Added,4.11,2014-09
2014,Q3,Growth Rates Y-o-Y,Net Taxes on Products,-1.59,2014-09
2014,Q4,Growth Rates Y-o-Y,Manufacturing,10.98,2014-12
2014,Q4,Growth Rates Y-o-Y,Manufacturing : Manufacturing excluding petroleum refining,10.43,2014-12
2014,Q4,Growth Rates Y-o-Y,"Community, Social & Personal Services",10.77,2014-12
2014,Q4,Growth Rates Y-o-Y,Government Activities,-1.54,2014-12
2014,Q4,Growth Rates Y-o-Y,Gross Value Added,-8.12,2014-12
2014,Q4,Growth Rates Y-o-Y,Net Taxes on Products,23.02,2014-12
2015,Q1,Growth Rates Y-o-Y,"Agriculture, Forestry & Fishing",6.71,2015-03
2015,Q1,Growth Rates Y-o-Y,Mining & Quarrying : Crude Petroleum & Natural Gas,-51.99,2015-03
2015,Q1,Growth Rates Y-o-Y,Manufacturing,5.3,2015-03
2015,Q1,Growth Rates Y-o-Y,"Electricity, Gas and Water",9.14,2015-03
2015,Q1,Growth Rates Y-o-Y,"Transport, Storage & Communication",7.14,2015-03
2015,Q2,Growth Rates Y-o-Y,Mining & Quarrying : Crude Petroleum & Natural Gas,-43.07,2015-06
2015,Q2,Growth Rates Y-o-Y,Gross Value Added,-10.3,2015-06
2015,Q2,Growth Rates Y-o-Y,Gross Domestic Product,-10.34,2015-06
2015,Q3,Growth Rates Y-o-Y,Mining & Quarrying : Crude Petroleum & Natural Gas,-49.9,2015-09
2015,Q3,Growth Rates Y-o-Y,Manufacturing : Petroleum Refining,-12.81,2015-09
2015,Q3,Growth Rates Y-o-Y,"Community, Social & Personal Services",10.04,2015-09
2015,Q3,Growth Rates Y-o-Y,Gross Value Added,-15.38,2015-09
2015,Q4,Growth Rates Y-o-Y,Mining & Quarrying : Crude Petroleum & Natural Gas,-43.46,2015-12
2015,Q4,Growth Rates Y-o-Y,Manufacturing : Petroleum Refining,-24.59,2015-12
2015,Q4,Growth Rates Y-o-Y,"Wholesale & Retail Trade, Restaurants & hotels",4.1,2015-12
2015,Q4,Growth Rates Y-o-Y,Government Activities,9.0,2015-12
2016,Q1,Growth Rates Y-o-Y,"Agriculture, Forestry & Fishing",2.41,2016-03
2016,Q1,Growth Rates Y-o-Y,Manufacturing,2.96,2016-03
2016,Q2,Growth Rates Y-o-Y,Manufacturing : Petroleum Refining,-12.69,2016-06
2016,Q2,Growth Rates Y-o-Y,Manufacturing : Manufacturing excluding petroleum refining,3.37,2016-06
2016,Q3,Growth Rates Y-o-Y,Mining & Quarrying : Crude Petroleum & Natural Gas,-1.73,2016-09
2016,Q3,Growth Rates Y-o-Y,"Finance, Insurance, Real Estate & Business Services",3.0,2016-09
2016,Q3,Growth Rates Y-o-Y,Government Activities,-0.57,2016-09
2016,Q3,Growth Rates Y-o-Y,Gross Domestic Product,0.63,2016-09
2016,Q4,Growth Rates Y-o-Y,"Agriculture, Forestry & Fishing",7.95,2016-12
2016,Q4,Growth Rates Y-o-Y,Mining & Quarrying : Crude Petroleum & Natural Gas,27.05,2016-12
2016,Q4,Growth Rates Y-o-Y,Gross Value Added,12.24,2016-12
2017,Q1,Growth Rates Y-o-Y,Mining & Quarrying,68.24,2017-03
2017,Q1,Growth Rates Y-o-Y,Manufacturing,5.75,2017-03
2017,Q1,Growth Rates Y-o-Y,"Finance, Insurance, Real Estate & Business Services : Real Estate",5.91,2017-03
2017,Q1,Growth Rates Y-o-Y,"Finance, Insurance, Real Estate & Business Services : Finance , Insurance and Business sevices",0.99,2017-03
2017,Q2,Growth Rates Y-o-Y,"Agriculture, Forestry & Fishing",4.24,2017-06
2017,Q2,Growth Rates Y-o-Y,Mining & Quarrying : Other Mining & Quarrying,6.77,2017-06
2017,Q2,Growth Rates Y-o-Y,"Finance, Insurance, Real Estate & Business Services : Finance , Insurance and Business sevices",1.5,2017-06
2017,Q2,Growth Rates Y-o-Y,"Community, Social & Personal Services",6.47,2017-06
2017,Q2,Growth Rates Y-o-Y,Net Taxes on Products,-28.48,2017-06
2017,Q3,Growth Rates Y-o-Y,Mining & Quarrying : Crude Petroleum & Natural Gas,8.84,2017-09
2017,Q3,Growth Rates Y-o-Y,Manufacturing : Petroleum Refining,31.04,2017-09
2017,Q3,Growth Rates Y-o-Y,"Wholesale & Retail Trade, Restaurants & hotels",6.62,2017-09
2017,Q3,Growth Rates Y-o-Y,"Transport, Storage & Communication",7.94,2017-09
2017,Q3,Growth Rates Y-o-Y,"Finance, Insurance, Real Estate & Business Services : Real Estate",4.89,2017-09
2017,Q3,Growth Rates Y-o-Y,"Finance, Insurance, Real Estate & Business Services : Finance , Insurance and Business sevices",5.66,2017-09
2017,Q3,Growth Rates Y-o-Y,Government Activities,8.6,2017-09
2017,Q3,Growth Rates Y-o-Y,Net Taxes on Products,50.27,2017-09
2017,Q4,Growth Rates Y-o-Y,"Agriculture, Forestry & Fishing",4.45,2017-12
2017,Q4,Growth Rates Y-o-Y,Mining & Quarrying : Crude Petroleum & Natural Gas,17.46,2017-12
2017,Q4,Growth Rates Y-o-Y,Mining & Quarrying : Other Mining & Quarrying,6.41,2017-12
2017,Q4,Growth Rates Y-o-Y,Manufacturing : Petroleum Refining,23.16,2017-12
2017,Q4,Growth Rates Y-o-Y,"Transport, Storage & Communication",6.53,2017-12
2017,Q4,Growth Rates Y-o-Y,"Finance, Insurance, Real Estate & Business Services : Finance , Insurance and Business sevices",10.1,2017-12
2017,Q4,Growth Rates Y-o-Y,Net Taxes on Products,-37.55,2017-12
2017,Q4,Growth Rates Y-o-Y,Gross Domestic Product,8.25,2017-12
2018,Q2,Growth Rates Y-o-Y,Manufacturing,13.28,2018-06
2018,Q2,Growth Rates Y-o-Y,"Wholesale & Retail Trade, Restaurants & hotels",3.13,2018-06
2018,Q2,Growth Rates Y-o-Y,"Finance, Insurance, Real Estate & Business Services",3.53,2018-06
2018,Q2,Growth Rates Y-o-Y,"Finance, Insurance, Real Estate & Business Services : Real Estate",-0.48,2018-06
2018,Q2,Growth Rates Y-o-Y,Gross Domestic Product,23.71,2018-06
2018,Q3,Growth Rates Y-o-Y,"Agriculture, Forestry & Fishing",1.44,2018-09
2018,Q3,Growth Rates Y-o-Y,"Wholesale & Retail Trade, Restaurants & hotels",2.68,2018-09
2018,Q3,Growth Rates Y-o-Y,"Finance, Insurance, Real Estate & Business Services : Real Estate",-0.47,2018-09
2018,Q3,Growth Rates Y-o-Y,"Finance, Insurance, Real Estate & Business Services : Finance , Insurance and Business sevices",8.64,2018-09
2018,Q4,Growth Rates Y-o-Y,Mining & Quarrying : Other Mining & Quarrying,6.37,2018-12
2018,Q4,Growth Rates Y-o-Y,Manufacturing : Petroleum Refining,47.98,2018-12
2018,Q4,Growth Rates Y-o-Y,"Finance, Insurance, Real Estate & Business Services : Real Estate",1.05,2018-12
2018,Q4,Growth Rates Y-o-Y,Net Taxes on Products,355.16,2018-12
2018,Q4,Growth Rates Y-o-Y,Gross Domestic Product,18.41,2018-12
2019,Q1,Growth Rates Y-o-Y,"Agriculture, Forestry & Fishing",0.3,2019-03
2019,Q1,Growth Rates Y-o-Y,"Finance, Insurance, Real Estate & Business Services",5.53,2019-03
2019,Q1,Growth Rates Y-o-Y,Net Taxes on Products,-0.04,2019-03
2019,Q2,Growth Rates Y-o-Y,Mining & Quarrying,-13.03,2019-06
2019,Q2,Growth Rates Y-o-Y,Mining & Quarrying : Crude Petroleum & Natural Gas,-13.32,2019-06
2019,Q2,Growth Rates Y-o-Y,Government Activities,0.18,2019-06
2019,Q3,Growth Rates Y-o-Y,Mining & Quarrying : Crude Petroleum & Natural Gas,-18.42,2019-09
2019,Q3,Growth Rates Y-o-Y,Manufacturing : Petroleum Refining,-14.31,2019-09
2019,Q3,Growth Rates Y-o-Y,"Finance, Insurance, Real Estate & Business Services",6.72,2019-09
2019,Q3,Growth Rates Y-o-Y,"Finance, Insurance, Real Estate & Business Services : Real Estate",2.53,2019-09
2019,Q3,Growth Rates Y-o-Y,Net Taxes on Products,0.91,2019-09
2019,Q4,Growth Rates Y-o-Y,Manufacturing : Petroleum Refining,-10.97,2019-12
2019,Q4,Growth Rates Y-o-Y,Construction,4.95,2019-12
2019,Q4,Growth Rates Y-o-Y,"Community, Social & Personal Services",14.69,2019-12
2019,Q4,Growth Rates Y-o-Y,Net Taxes on Products,9.72,2019-12
2019,Q4,Growth Rates Y-o-Y,Gross Domestic Product,-0.59,2019-12
2020,Q1,Growth Rates Y-o-Y,Mining & Quarrying,-28.1,2020-03
2020,Q1,Growth Rates Y-o-Y,Manufacturing,-8.23,2020-03
2020,Q1,Growth Rates Y-o-Y,Manufacturing : Manufacturing excluding petroleum refining,-2.77,2020-03
2020,Q1,Growth Rates Y-o-Y,"Wholesale & Retail Trade, Restaurants & hotels",2.68,2020-03
2020,Q1,Growth Rates Y-o-Y,"Transport, Storage & Communication",-4.42,2020-03
2020,Q1,Growth Rates Y-o-Y,"Finance, Insurance, Real Estate & Business Services",1.74,2020-03
2020,Q1,Growth Rates Y-o-Y,Government Activities,1.61,2020-03
2020,Q1,Growth Rates Y-o-Y,Net Taxes on Products,30.66,2020-03
2020,Q1,Growth Rates Y-o-Y,Gross Domestic Product,-6.62,2020-03
2020,Q2,Growth Rates Y-o-Y,Manufacturing : Manufacturing excluding petroleum refining,-5.66,2020-06
2020,Q2,Growth Rates Y-o-Y,"Finance, Insurance, Real Estate & Business Services",-1.31,2020-06
2020,Q2,Growth Rates Y-o-Y,Net Taxes on Products,8.78,2020-06
2020,Q3,Growth Rates Y-o-Y,Mining & Quarrying,-38.88,2020-09
2020,Q3,Growth Rates Y-o-Y,Mining & Quarrying : Crude Petroleum & Natural Gas,-39.64,2020-09
2020,Q3,Growth Rates Y-o-Y,Manufacturing : Manufacturing excluding petroleum refining,-3.69,2020-09
2020,Q3,Growth Rates Y-o-Y,"Finance, Insurance, Real Estate & Business Services",-0.59,2020-09
2020,Q3,Growth Rates Y-o-Y,"Finance, Insurance, Real Estate & Business Services : Finance , Insurance and Business sevices",-2.64,2020-09
2020,Q3,Growth Rates Y-o-Y,Gross Domestic Product,-12.5,2020-09
2020,Q4,Growth Rates Y-o-Y,Manufacturing,-4.06,2020-12
2020,Q4,Growth Rates Y-o-Y,Manufacturing : Petroleum Refining,-17.96,2020-12
2020,Q4,Growth Rates Y-o-Y,"Finance, Insurance, Real Estate & Business Services : Real Estate",0.39,2020-12
2020,Q4,Growth Rates Y-o-Y,Gross Value Added,-12.95,2020-12
2020,Q4,Growth Rates Y-o-Y,Gross Domestic Product,-11.17,2020-12
2021,Q1,Growth Rates Y-o-Y,Manufacturing : Petroleum Refining,58.0,2021-03
2021,Q1,Growth Rates Y-o-Y,"Finance, Insurance, Real Estate & Business Services : Real Estate",2.6,2021-03
2021,Q2,Growth Rates Y-o-Y,Mining & Quarrying,169.7,2021-06
2021,Q2,Growth Rates Y-o-Y,"Electricity, Gas and Water",-1.29,2021-06
2021,Q2,Growth Rates Y-o-Y,"Finance, Insurance, Real Estate & Business Services : Real Estate",4.97,2021-06
2021,Q3,Growth Rates Y-o-Y,Manufacturing : Manufacturing excluding petroleum refining,20.27,2021-09
2021,Q3,Growth Rates Y-o-Y,"Wholesale & Retail Trade, Restaurants & hotels",18.53,2021-09
2021,Q3,Growth Rates Y-o-Y,"Transport, Storage & Communication",20.79,2021-09
2021,Q3,Growth Rates Y-o-Y,"Finance, Insurance, Real Estate & Business Services",9.44,2021-09
2021,Q3,Growth Rates Y-o-Y,Gross Value Added,29.45,2021-09
2021,Q3,Growth Rates Y-o-Y,Gross Domestic Product,31.16,2021-09
2021,Q4,Growth Rates Y-o-Y,"Agriculture, Forestry & Fishing",8.03,2021-12
2021,Q4,Growth Rates Y-o-Y,Manufacturing : Manufacturing excluding petroleum refining,26.47,2021-12
2021,Q4,Growth Rates Y-o-Y,"Finance, Insurance, Real Estate & Business Services : Real Estate",0.42,2021-12
2021,Q4,Growth Rates Y-o-Y,Gross Value Added,32.83,2021-12
2022,Q1,Growth Rates Y-o-Y,Mining & Quarrying : Other Mining & Quarrying,-2.16,2022-03
2022,Q1,Growth Rates Y-o-Y,"Electricity, Gas and Water",-8.1,2022-03
2022,Q1,Growth Rates Y-o-Y,Gross Domestic Product,30.18,2022-03
2022,Q2,Growth Rates Y-o-Y,"Agriculture, Forestry & Fishing",13.7,2022-06
2022,Q2,Growth Rates Y-o-Y,Mining & Quarrying,102.61,2022-06
2022,Q2,Growth Rates Y-o-Y,"Finance, Insurance, Real Estate & Business Services : Real Estate",2.69,2022-06
2022,Q2,Growth Rates Y-o-Y,"Finance, Insurance, Real Estate & Business Services : Finance , Insurance and Business sevices",19.41,2022-06
2022,Q2,Growth Rates Y-o-Y,"Community, Social & Personal Services",17.43,2022-06
2022,Q2,Growth Rates Y-o-Y,Gross Domestic Product,37.77,2022-06
2022,Q3,Growth Rates Y-o-Y,Mining & Quarrying,51.06,2022-09
2022,Q3,Growth Rates Y-o-Y,"Transport, Storage & Communication",10.53,2022-09
2022,Q3,Growth Rates Y-o-Y,"Finance, Insurance, Real Estate & Business Services : Finance , Insurance and Business sevices",21.37,2022-09
2022,Q4,Growth Rates Y-o-Y,Mining & Quarrying : Crude Petroleum & Natural Gas,6.32,2022-12
2022,Q4,Growth Rates Y-o-Y,"Wholesale & Retail Trade, Restaurants & hotels",19.0,2022-12
2022,Q4,Growth Rates Y-o-Y,"Finance, Insurance, Real Estate & Business Services",14.14,2022-12
2022,Q4,Growth Rates Y-o-Y,Gross Value Added,15.02,2022-12
2023,Q1,Growth Rates Y-o-Y,Mining & Quarrying : Crude Petroleum & Natural Gas,-13.24,2023-03
2023,Q1,Growth Rates Y-o-Y,Mining & Quarrying : Other Mining & Quarrying,12.1,2023-03
2023,Q1,Growth Rates Y-o-Y,Manufacturing,11.01,2023-03
2023,Q1,Growth Rates Y-o-Y,Manufacturing : Petroleum Refining,4.71,2023-03
2023,Q1,Growth Rates Y-o-Y,Net Taxes on Products,17.01,2023-03
2023,Q2,Growth Rates Y-o-Y,"Finance, Insurance, Real Estate & Business Services : Finance , Insurance and Business sevices",15.53,2023-06
2023,Q2,Growth Rates Y-o-Y,"Community, Social & Personal Services",16.23,2023-06
2023,Q3,Growth Rates Y-o-Y,Manufacturing,-2.52,2023-09
2023,Q3,Growth Rates Y-o-Y,Manufacturing : Petroleum Refining,2.19,2023-09
2023,Q3,Growth Rates Y-o-Y,"Electricity, Gas and Water",0.44,2023-09
2023,Q3,Growth Rates Y-o-Y,"Wholesale & Retail Trade, Restaurants & hotels",8.28,2023-09
2023,Q3,Growth Rates Y-o-Y,"Finance, Insurance, Real Estate & Business Services : Real Estate",11.3,2023-09
2023,Q3,Growth Rates Y-o-Y,Gross Value Added,-5.99,2023-09
2023,Q3,Growth Rates Y-o-Y,Gross Domestic Product,-4.67,2023-09
2023,Q4,Growth Rates Y-o-Y,Mining & Quarrying : Other Mining & Quarrying,6.4,2023-12
2023,Q4,Growth Rates Y-o-Y,"Wholesale & Retail Trade, Restaurants & hotels",6.62,2023-12
2023,Q4,Growth Rates Y-o-Y,"Transport, Storage & Communication",5.54,2023-12
2023,Q4,Growth Rates Y-o-Y,"Community, Social & Personal Services",9.36,2023-12
2023,Q4,Growth Rates Y-o-Y,Government Activities,1.99,2023-12
2024,Q1,Growth Rates Y-o-Y,Manufacturing : Petroleum Refining,-7.1,2024-03
2024,Q1,Growth Rates Y-o-Y,"Electricity, Gas and Water",34.97,2024-03
2024,Q1,Growth Rates Y-o-Y,Net Taxes on Products,2.67,2024-03
2024,Q2,Growth Rates Y-o-Y,Manufacturing,5.88,2024-06
2024,Q2,Growth Rates Y-o-Y,"Finance, Insurance, Real Estate & Business Services : Real Estate",10.22,2024-06
2024,Q3,Growth Rates Y-o-Y,Mining & Quarrying : Crude Petroleum & Natural Gas,-13.36,2024-09
2024,Q3,Growth Rates Y-o-Y,Mining & Quarrying : Other Mining & Quarrying,6.77,2024-09
2024,Q4,Growth Rates Y-o-Y,Mining & Quarrying : Crude Petroleum & Natural Gas,-16.66,2024-12
2024,Q4,Growth Rates Y-o-Y,"Wholesale & Retail Trade, Restaurants & hotels",7.76,2024-12
2024,Q4,Growth Rates Y-o-Y,Gross Domestic Product,2.92,2024-12
2025,Q1,Growth Rates Y-o-Y,Manufacturing : Petroleum Refining,-7.45,2025-03
2025,Q1,Growth Rates Y-o-Y,"Transport, Storage & Communication",5.9,2025-03
2025,Q2,Growth Rates Y-o-Y,Manufacturing : Manufacturing excluding petroleum refining,4.14,2025-06
2025,Q2,Growth Rates Y-o-Y,"Wholesale & Retail Trade, Restaurants & hotels",7.89,2025-06
2025,Q4,Growth Rates Y-o-Y,"Electricity, Gas and Water",2.2,2025-12
2025,Q4,Growth Rates Y-o-Y,"Finance, Insurance, Real Estate & Business Services",7.63,2025-12
2025,Q4,Growth Rates Y-o-Y,"Finance, Insurance, Real Estate & Business Services : Real Estate",9.25,2025-12
2025,Q4,Growth Rates Y-o-Y,Government Activities,-0.64,2025-12
2010,Q1,Million of Saudi Riyals,Mining & Quarrying : Crude Petroleum & Natural Gas,186972.0,2010-03
2010,Q1,Million of Saudi Riyals,Manufacturing,53346.0,2010-03
2010,Q1,Million of Saudi Riyals,Manufacturing : Petroleum Refining,14399.0,2010-03
2010,Q1,Million of Saudi Riyals,"Electricity, Gas and Water",2916.0,2010-03
2010,Q1,Million of Saudi Riyals,Construction,22431.0,2010-03
2010,Q1,Million of Saudi Riyals,"Finance, Insurance, Real Estate & Business Services",47132.0,2010-03
2010,Q1,Million of Saudi Riyals,"Community, Social & Personal Services",8964.0,2010-03
2010,Q2,Million of Saudi Riyals,"Agriculture, Forestry & Fishing",13483.0,2010-06
2010,Q2,Million of Saudi Riyals,Mining & Quarrying : Other Mining & Quarrying,2055.0,2010-06
2010,Q2,Million of Saudi Riyals,"Transport, Storage & Communication",24631.0,2010-06
2010,Q2,Million of Saudi Riyals,"Finance, Insurance, Real Estate & Business Services",44848.0,2010-06
2010,Q2,Million of Saudi Riyals,Government Activities,62691.0,2010-06
2010,Q2,Million of Saudi Riyals,Gross Value Added,476758.0,2010-06
2010,Q3,Million of Saudi Riyals,Mining & Quarrying,197941.0,2010-09
2010,Q3,Million of Saudi Riyals,"Community, Social & Personal Services",9087.0,2010-09
2010,Q3,Million of Saudi Riyals,Gross Value Added,479346.0,2010-09
2010,Q4,Million of Saudi Riyals,Mining & Quarrying : Other Mining & Quarrying,1792.0,2010-12
2010,Q4,Million of Saudi Riyals,Manufacturing : Manufacturing excluding petroleum refining,35245.0,2010-12
2010,Q4,Million of Saudi Riyals,"Wholesale & Retail Trade, Restaurants & hotels",43898.0,2010-12
2010,Q4,Million of Saudi Riyals,"Finance, Insurance, Real Estate & Business Services : Real Estate",21682.0,2010-12
2010,Q4,Million of Saudi Riyals,"Finance, Insurance, Real Estate & Business Services : Finance , Insurance and Business sevices",23335.0,2010-12
2010,Q4,Million of Saudi Riyals,Net Taxes on Products,3900.0,2010-12
2011,Q1,Million of Saudi Riyals,"Finance, Insurance, Real Estate & Business Services",50490.0,2011-03
2011,Q2,Million of Saudi Riyals,Mining & Quarrying : Other Mining & Quarrying,2264.0,2011-06
2011,Q2,Million of Saudi Riyals,Gross Value Added,638354.0,2011-06
2011,Q3,Million of Saudi Riyals,Mining & Quarrying : Other Mining & Quarrying,2306.0,2011-09
2011,Q3,Million of Saudi Riyals,Manufacturing,63675.0,2011-09
2011,Q3,Million of Saudi Riyals,Gross Value Added,640468.0,2011-09
2011,Q4,Million of Saudi Riyals,"Finance, Insurance, Real Estate & Business Services",48504.0,2011-12
2011,Q4,Million of Saudi Riyals,"Finance, Insurance, Real Estate & Business Services : Finance , Insurance and Business sevices",24499.0,2011-12
2011,Q4,Million of Saudi Riyals,Gross Domestic Product,666101.0,2011-12
2012,Q1,Million of Saudi Riyals,"Agriculture, Forestry & Fishing",14515.0,2012-03
2012,Q1,Million of Saudi Riyals,Mining & Quarrying,351378.0,2012-03
2012,Q1,Million of Saudi Riyals,"Electricity, Gas and Water",3890.0,2012-03
2012,Q1,Million of Saudi Riyals,"Transport, Storage & Communication",33195.0,2012-03
2012,Q2,Million of Saudi Riyals,Mining & Quarrying,331102.0,2012-06
2012,Q2,Million of Saudi Riyals,"Wholesale & Retail Trade, Restaurants & hotels",54339.0,2012-06
2012,Q3,Million of Saudi Riyals,Manufacturing : Manufacturing excluding petroleum refining,50673.0,2012-09
2012,Q3,Million of Saudi Riyals,"Community, Social & Personal Services",12462.0,2012-09
2012,Q3,Million of Saudi Riyals,Gross Value Added,697919.0,2012-09
2012,Q3,Million of Saudi Riyals,Net Taxes on Products,5757.0,2012-09
2012,Q4,Million of Saudi Riyals,"Finance, Insurance, Real Estate & Business Services",58455.0,2012-12
2013,Q1,Million of Saudi Riyals,Mining & Quarrying : Crude Petroleum & Natural Gas,303948.0,2013-03
2013,Q1,Million of Saudi Riyals,Construction,36577.0,2013-03
2013,Q1,Million of Saudi Riyals,"Finance, Insurance, Real Estate & Business Services : Real Estate",39561.0,2013-03
2013,Q1,Million of Saudi Riyals,"Finance, Insurance, Real Estate & Business Services : Finance , Insurance and Business sevices",30982.0,2013-03
2013,Q1,Million of Saudi Riyals,"Community, Social & Personal Services",13705.0,2013-03
2013,Q1,Million of Saudi Riyals,Government Activities,87771.0,2013-03
2013,Q2,Million of Saudi Riyals,Mining & Quarrying : Other Mining & Quarrying,2657.0,2013-06
2013,Q2,Million of Saudi Riyals,"Finance, Insurance, Real Estate & Business Services : Finance , Insurance and Business sevices",29857.0,2013-06
2013,Q3,Million of Saudi Riyals,Manufacturing,71470.0,2013-09
2013,Q3,Million of Saudi Riyals,Manufacturing : Petroleum Refining,15664.0,2013-09
2013,Q3,Million of Saudi Riyals,Construction,36569.0,2013-09
2013,Q3,Million of Saudi Riyals,"Transport, Storage & Communication",33106.0,2013-09
2013,Q3,Million of Saudi Riyals,"Finance, Insurance, Real Estate & Business Services : Finance , Insurance and Business sevices",28519.0,2013-09
2013,Q3,Million of Saudi Riyals,"Community, Social & Personal Services",14244.0,2013-09
2013,Q4,Million of Saudi Riyals,Manufacturing : Petroleum Refining,16672.0,2013-12
2013,Q4,Million of Saudi Riyals,Gross Value Added,716795.0,2013-12
2013,Q4,Million of Saudi Riyals,Gross Domestic Product,722821.0,2013-12
2014,Q1,Million of Saudi Riyals,Mining & Quarrying : Other Mining & Quarrying,3040.0,2014-03
2014,Q1,Million of Saudi Riyals,Construction,41802.0,2014-03
2014,Q1,Million of Saudi Riyals,"Wholesale & Retail Trade, Restaurants & hotels",69831.0,2014-03
2014,Q1,Million of Saudi Riyals,"Transport, Storage & Communication",39206.0,2014-03
2014,Q2,Million of Saudi Riyals,Mining & Quarrying : Other Mining & Quarrying,2870.0,2014-06
2014,Q2,Million of Saudi Riyals,"Transport, Storage & Communication",37330.0,2014-06
2014,Q2,Million of Saudi Riyals,Gross Value Added,757543.0,2014-06
2014,Q2,Million of Saudi Riyals,Net Taxes on Products,6134.0,2014-06
2014,Q3,Million of Saudi Riyals,Manufacturing : Petroleum Refining,18410.0,2014-09
2014,Q3,Million of Saudi Riyals,Manufacturing : Manufacturing excluding petroleum refining,62180.0,2014-09
2014,Q3,Million of Saudi Riyals,"Finance, Insurance, Real Estate & Business Services : Finance , Insurance and Business sevices",30955.0,2014-09
2014,Q3,Million of Saudi Riyals,Government Activities,105021.0,2014-09
2014,Q3,Million of Saudi Riyals,Gross Domestic Product,759291.0,2014-09
2014,Q4,Million of Saudi Riyals,"Electricity, Gas and Water",6708.0,2014-12
2014,Q4,Million of Saudi Riyals,Construction,40824.0,2014-12
2014,Q4,Million of Saudi Riyals,"Transport, Storage & Communication",38702.0,2014-12
2014,Q4,Million of Saudi Riyals,"Finance, Insurance, Real Estate & Business Services",74949.0,2014-12
2015,Q1,Million of Saudi Riyals,Construction,44916.0,2015-03
2015,Q2,Million of Saudi Riyals,"Electricity, Gas and Water",12148.0,2015-06
2015,Q2,Million of Saudi Riyals,Construction,43789.0,2015-06
2015,Q2,Million of Saudi Riyals,"Wholesale & Retail Trade, Restaurants & hotels",80681.0,2015-06
2015,Q2,Million of Saudi Riyals,"Transport, Storage & Communication",39830.0,2015-06
2015,Q2,Million of Saudi Riyals,"Finance, Insurance, Real Estate & Business Services : Finance , Insurance and Business sevices",35610.0,2015-06
2015,Q3,Million of Saudi Riyals,Mining & Quarrying : Crude Petroleum & Natural Gas,142982.0,2015-09
2015,Q3,Million of Saudi Riyals,Manufacturing,83885.0,2015-09
2015,Q3,Million of Saudi Riyals,Manufacturing : Manufacturing excluding petroleum refining,67833.0,2015-09
2015,Q3,Million of Saudi Riyals,"Electricity, Gas and Water",16270.0,2015-09
2015,Q3,Million of Saudi Riyals,Construction,44691.0,2015-09
2015,Q3,Million of Saudi Riyals,Gross Value Added,637786.0,2015-09
2015,Q3,Million of Saudi Riyals,Net Taxes on Products,6693.0,2015-09
2015,Q4,Million of Saudi Riyals,Mining & Quarrying : Crude Petroleum & Natural Gas,122177.0,2015-12
2015,Q4,Million of Saudi Riyals,Mining & Quarrying : Other Mining & Quarrying,2579.0,2015-12
2015,Q4,Million of Saudi Riyals,Manufacturing : Petroleum Refining,14182.0,2015-12
2015,Q4,Million of Saudi Riyals,Manufacturing : Manufacturing excluding petroleum refining,67464.0,2015-12
2015,Q4,Million of Saudi Riyals,Construction,43215.0,2015-12
2015,Q4,Million of Saudi Riyals,"Transport, Storage & Communication",41369.0,2015-12
2015,Q4,Million of Saudi Riyals,Net Taxes on Products,9826.0,2015-12
2016,Q1,Million of Saudi Riyals,Mining & Quarrying,96463.0,2016-03
2016,Q1,Million of Saudi Riyals,Manufacturing,88831.0,2016-03
2016,Q1,Million of Saudi Riyals,"Finance, Insurance, Real Estate & Business Services : Finance , Insurance and Business sevices",35523.0,2016-03
2016,Q1,Million of Saudi Riyals,"Community, Social & Personal Services",21865.0,2016-03
2016,Q1,Million of Saudi Riyals,Government Activities,126219.0,2016-03
2016,Q2,Million of Saudi Riyals,Mining & Quarrying : Other Mining & Quarrying,2969.0,2016-06
2016,Q2,Million of Saudi Riyals,"Electricity, Gas and Water",11990.0,2016-06
2016,Q2,Million of Saudi Riyals,Construction,42186.0,2016-06
2016,Q2,Million of Saudi Riyals,"Wholesale & Retail Trade, Restaurants & hotels",80555.0,2016-06
2016,Q2,Million of Saudi Riyals,"Transport, Storage & Communication",41532.0,2016-06
2016,Q2,Million of Saudi Riyals,"Finance, Insurance, Real Estate & Business Services : Finance , Insurance and Business sevices",35933.0,2016-06
2016,Q2,Million of Saudi Riyals,Government Activities,120282.0,2016-06
2016,Q2,Million of Saudi Riyals,Net Taxes on Products,9137.0,2016-06
2016,Q3,Million of Saudi Riyals,Mining & Quarrying : Crude Petroleum & Natural Gas,140513.0,2016-09
2016,Q3,Million of Saudi Riyals,Manufacturing,86584.0,2016-09
2016,Q3,Million of Saudi Riyals,Manufacturing : Petroleum Refining,16620.0,2016-09
2016,Q3,Million of Saudi Riyals,"Electricity, Gas and Water",18302.0,2016-09
2016,Q3,Million of Saudi Riyals,Construction,43270.0,2016-09
2016,Q3,Million of Saudi Riyals,Government Activities,114518.0,2016-09
2016,Q4,Million of Saudi Riyals,Manufacturing : Manufacturing excluding petroleum refining,68585.0,2016-12
2016,Q4,Million of Saudi Riyals,"Finance, Insurance, Real Estate & Business Services : Real Estate",47573.0,2016-12
2016,Q4,Million of Saudi Riyals,Gross Domestic Product,672801.0,2016-12
2017,Q1,Million of Saudi Riyals,Mining & Quarrying : Crude Petroleum & Natural Gas,158871.0,2017-03
2017,Q1,Million of Saudi Riyals,Mining & Quarrying : Other Mining & Quarrying,3421.0,2017-03
2017,Q1,Million of Saudi Riyals,"Finance, Insurance, Real Estate & Business Services : Finance , Insurance and Business sevices",35876.0,2017-03
2017,Q1,Million of Saudi Riyals,Gross Domestic Product,670636.0,2017-03
2017,Q2,Million of Saudi Riyals,"Agriculture, Forestry & Fishing",20256.0,2017-06
2017,Q2,Million of Saudi Riyals,Manufacturing : Petroleum Refining,21019.0,2017-06
2017,Q2,Million of Saudi Riyals,"Electricity, Gas and Water",12487.0,2017-06
2017,Q2,Million of Saudi Riyals,"Finance, Insurance, Real Estate & Business Services : Real Estate",49690.0,2017-06
2017,Q3,Million of Saudi Riyals,Mining & Quarrying : Crude Petroleum & Natural Gas,152940.0,2017-09
2017,Q3,Million of Saudi Riyals,"Electricity, Gas and Water",20315.0,2017-09
2017,Q3,Million of Saudi Riyals,"Wholesale & Retail Trade, Restaurants & hotels",82392.0,2017-09
2017,Q3,Million of Saudi Riyals,Government Activities,124363.0,2017-09
2017,Q4,Million of Saudi Riyals,Mining & Quarrying,185025.0,2017-12
2017,Q4,Million of Saudi Riyals,Manufacturing,90909.0,2017-12
2017,Q4,Million of Saudi Riyals,Manufacturing : Manufacturing excluding petroleum refining,70052.0,2017-12
2017,Q4,Million of Saudi Riyals,"Finance, Insurance, Real Estate & Business Services",89819.0,2017-12
2017,Q4,Million of Saudi Riyals,"Community, Social & Personal Services",22976.0,2017-12
2017,Q4,Million of Saudi Riyals,Net Taxes on Products,5321.0,2017-12
2018,Q1,Million of Saudi Riyals,Mining & Quarrying : Crude Petroleum & Natural Gas,209136.0,2018-03
2018,Q1,Million of Saudi Riyals,Gross Value Added,755270.0,2018-03
2018,Q1,Million of Saudi Riyals,Gross Domestic Product,774359.0,2018-03
2018,Q2,Million of Saudi Riyals,Mining & Quarrying,248849.0,2018-06
2018,Q2,Million of Saudi Riyals,Mining & Quarrying : Crude Petroleum & Natural Gas,245568.0,2018-06
2018,Q2,Million of Saudi Riyals,Manufacturing : Manufacturing excluding petroleum refining,77025.0,2018-06
2018,Q2,Million of Saudi Riyals,"Wholesale & Retail Trade, Restaurants & hotels",84424.0,2018-06
2018,Q2,Million of Saudi Riyals,"Finance, Insurance, Real Estate & Business Services : Real Estate",49450.0,2018-06
2018,Q2,Million of Saudi Riyals,Gross Domestic Product,844768.0,2018-06
2018,Q3,Million of Saudi Riyals,Mining & Quarrying,260822.0,2018-09
2018,Q3,Million of Saudi Riyals,Mining & Quarrying : Crude Petroleum & Natural Gas,257387.0,2018-09
2018,Q3,Million of Saudi Riyals,Manufacturing : Manufacturing excluding petroleum refining,74107.0,2018-09
2018,Q3,Million of Saudi Riyals,Construction,45179.0,2018-09
2018,Q3,Million of Saudi Riyals,Gross Value Added,820259.0,2018-09
2018,Q3,Million of Saudi Riyals,Gross Domestic Product,843111.0,2018-09
2018,Q4,Million of Saudi Riyals,"Agriculture, Forestry & Fishing",18285.0,2018-12
2018,Q4,Million of Saudi Riyals,Manufacturing : Petroleum Refining,30865.0,2018-12
2018,Q4,Million of Saudi Riyals,"Electricity, Gas and Water",10286.0,2018-12
2019,Q1,Million of Saudi Riyals,Manufacturing : Manufacturing excluding petroleum refining,81362.0,2019-03
2019,Q1,Million of Saudi Riyals,"Electricity, Gas and Water",7182.0,2019-03
2019,Q1,Million of Saudi Riyals,Construction,46933.0,2019-03
2019,Q2,Million of Saudi Riyals,Gross Value Added,823451.0,2019-06
2019,Q3,Million of Saudi Riyals,Manufacturing : Manufacturing excluding petroleum refining,79700.0,2019-09
2019,Q3,Million of Saudi Riyals,Government Activities,140835.0,2019-09
2019,Q3,Million of Saudi Riyals,Gross Value Added,814741.0,2019-09
2019,Q3,Million of Saudi Riyals,Gross Domestic Product,837803.0,2019-09
2019,Q4,Million of Saudi Riyals,Mining & Quarrying : Other Mining & Quarrying,3255.0,2019-12
2019,Q4,Million of Saudi Riyals,"Wholesale & Retail Trade, Restaurants & hotels",94352.0,2019-12
2019,Q4,Million of Saudi Riyals,Gross Domestic Product,857307.0,2019-12
2020,Q1,Million of Saudi Riyals,"Transport, Storage & Communication",48094.0,2020-03
2020,Q1,Million of Saudi Riyals,"Finance, Insurance, Real Estate & Business Services",95522.0,2020-03
2020,Q2,Million of Saudi Riyals,Mining & Quarrying : Crude Petroleum & Natural Gas,73185.0,2020-06
2020,Q2,Million of Saudi Riyals,Manufacturing,90315.0,2020-06
2020,Q3,Million of Saudi Riyals,Mining & Quarrying : Crude Petroleum & Natural Gas,126744.0,2020-09
2020,Q4,Million of Saudi Riyals,Mining & Quarrying,127582.0,2020-12
2020,Q4,Million of Saudi Riyals,Manufacturing : Petroleum Refining,22543.0,2020-12
2020,Q4,Million of Saudi Riyals,"Electricity, Gas and Water",11217.0,2020-12
2020,Q4,Million of Saudi Riyals,"Finance, Insurance, Real Estate & Business Services : Finance , Insurance and Business sevices",49656.0,2020-12
2020,Q4,Million of Saudi Riyals,"Community, Social & Personal Services",28400.0,2020-12
2020,Q4,Million of Saudi Riyals,Government Activities,149598.0,2020-12
2020,Q4,Million of Saudi Riyals,Gross Value Added,723143.0,2020-12
2021,Q1,Million of Saudi Riyals,Mining & Quarrying,170838.0,2021-03
2021,Q1,Million of Saudi Riyals,Mining & Quarrying : Other Mining & Quarrying,4494.0,2021-03
2021,Q1,Million of Saudi Riyals,"Transport, Storage & Communication",44996.0,2021-03
2021,Q1,Million of Saudi Riyals,Gross Value Added,777433.0,2021-03
2021,Q1,Million of Saudi Riyals,Gross Domestic Product,823010.0,2021-03
2021,Q2,Million of Saudi Riyals,"Wholesale & Retail Trade, Restaurants & hotels",98489.0,2021-06
2021,Q2,Million of Saudi Riyals,"Finance, Insurance, Real Estate & Business Services",99273.0,2021-06
2021,Q2,Million of Saudi Riyals,"Finance, Insurance, Real Estate & Business Services : Finance , Insurance and Business sevices",47314.0,2021-06
2021,Q2,Million of Saudi Riyals,Net Taxes on Products,59998.0,2021-06
2021,Q3,Million of Saudi Riyals,"Transport, Storage & Communication",48690.0,2021-09
2021,Q3,Million of Saudi Riyals,"Finance, Insurance, Real Estate & Business Services",100656.0,2021-09
2021,Q3,Million of Saudi Riyals,"Community, Social & Personal Services",30710.0,2021-09
2021,Q3,Million of Saudi Riyals,Net Taxes on Products,52751.0,2021-09
2021,Q4,Million of Saudi Riyals,Mining & Quarrying : Other Mining & Quarrying,3246.0,2021-12
2021,Q4,Million of Saudi Riyals,"Finance, Insurance, Real Estate & Business Services",107098.0,2021-12
2021,Q4,Million of Saudi Riyals,"Finance, Insurance, Real Estate & Business Services : Finance , Insurance and Business sevices",55341.0,2021-12
2021,Q4,Million of Saudi Riyals,Gross Value Added,960550.0,2021-12
2021,Q4,Million of Saudi Riyals,Gross Domestic Product,1015682.0,2021-12
2022,Q1,Million of Saudi Riyals,Mining & Quarrying,316967.0,2022-03
2022,Q1,Million of Saudi Riyals,"Finance, Insurance, Real Estate & Business Services : Real Estate",54237.0,2022-03
2022,Q1,Million of Saudi Riyals,"Finance, Insurance, Real Estate & Business Services : Finance , Insurance and Business sevices",52954.0,2022-03
2022,Q1,Million of Saudi Riyals,Government Activities,147129.0,2022-03
2022,Q1,Million of Saudi Riyals,Gross Value Added,1019730.0,2022-03
2022,Q1,Million of Saudi Riyals,Net Taxes on Products,51698.0,2022-03
2022,Q1,Million of Saudi Riyals,Gross Domestic Product,1071428.0,2022-03
2022,Q2,Million of Saudi Riyals,"Agriculture, Forestry & Fishing",25801.0,2022-06
2022,Q2,Million of Saudi Riyals,Mining & Quarrying,419082.0,2022-06
2022,Q2,Million of Saudi Riyals,"Transport, Storage & Communication",51784.0,2022-06
2022,Q2,Million of Saudi Riyals,Gross Domestic Product,1218947.0,2022-06
2022,Q3,Million of Saudi Riyals,Mining & Quarrying : Crude Petroleum & Natural Gas,372895.0,2022-09
2022,Q3,Million of Saudi Riyals,Manufacturing,171204.0,2022-09
2022,Q3,Million of Saudi Riyals,Construction,79863.0,2022-09
2022,Q3,Million of Saudi Riyals,"Finance, Insurance, Real Estate & Business Services : Real Estate",51416.0,2022-09
2022,Q3,Million of Saudi Riyals,"Community, Social & Personal Services",34646.0,2022-09
2022,Q3,Million of Saudi Riyals,Gross Value Added,1148961.0,2022-09
2022,Q4,Million of Saudi Riyals,Mining & Quarrying : Crude Petroleum & Natural Gas,287126.0,2022-12
2022,Q4,Million of Saudi Riyals,Manufacturing : Petroleum Refining,73313.0,2022-12
2022,Q4,Million of Saudi Riyals,Government Activities,158729.0,2022-12
2022,Q4,Million of Saudi Riyals,Gross Domestic Product,1156737.0,2022-12
2023,Q1,Million of Saudi Riyals,Mining & Quarrying : Crude Petroleum & Natural Gas,271186.0,2023-03
2023,Q1,Million of Saudi Riyals,Manufacturing,183693.0,2023-03
2023,Q1,Million of Saudi Riyals,Manufacturing : Manufacturing excluding petroleum refining,121126.0,2023-03
2023,Q1,Million of Saudi Riyals,"Finance, Insurance, Real Estate & Business Services",121410.0,2023-03
2023,Q1,Million of Saudi Riyals,"Finance, Insurance, Real Estate & Business Services : Real Estate",59661.0,2023-03
2023,Q1,Million of Saudi Riyals,"Community, Social & Personal Services",43170.0,2023-03
2023,Q1,Million of Saudi Riyals,Net Taxes on Products,60492.0,2023-03
2023,Q1,Million of Saudi Riyals,Gross Domestic Product,1146388.0,2023-03
2023,Q2,Million of Saudi Riyals,Manufacturing : Petroleum Refining,67128.0,2023-06
2023,Q2,Million of Saudi Riyals,"Wholesale & Retail Trade, Restaurants & hotels",126229.0,2023-06
2023,Q2,Million of Saudi Riyals,"Finance, Insurance, Real Estate & Business Services",123862.0,2023-06
2023,Q2,Million of Saudi Riyals,"Finance, Insurance, Real Estate & Business Services : Finance , Insurance and Business sevices",65274.0,2023-06
2023,Q3,Million of Saudi Riyals,Mining & Quarrying : Crude Petroleum & Natural Gas,264953.0,2023-09
2023,Q3,Million of Saudi Riyals,Mining & Quarrying : Other Mining & Quarrying,4606.0,2023-09
2023,Q3,Million of Saudi Riyals,"Finance, Insurance, Real Estate & Business Services",127330.0,2023-09
2023,Q3,Million of Saudi Riyals,"Finance, Insurance, Real Estate & Business Services : Real Estate",57229.0,2023-09
2023,Q3,Million of Saudi Riyals,Gross Value Added,1080089.0,2023-09
2023,Q3,Million of Saudi Riyals,Net Taxes on Products,63287.0,2023-09
2023,Q4,Million of Saudi Riyals,"Electricity, Gas and Water",13239.0,2023-12
2023,Q4,Million of Saudi Riyals,Construction,90249.0,2023-12
2023,Q4,Million of Saudi Riyals,"Finance, Insurance, Real Estate & Business Services",136006.0,2023-12
2023,Q4,Million of Saudi Riyals,Gross Value Added,1099988.0,2023-12
2024,Q1,Million of Saudi Riyals,Manufacturing,187880.0,2024-03
2024,Q1,Million of Saudi Riyals,Construction,87237.0,2024-03
2024,Q1,Million of Saudi Riyals,"Finance, Insurance, Real Estate & Business Services : Real Estate",66712.0,2024-03
2024,Q2,Million of Saudi Riyals,Manufacturing : Manufacturing excluding petroleum refining,137097.0,2024-06
2024,Q2,Million of Saudi Riyals,"Finance, Insurance, Real Estate & Business Services : Real Estate",64574.0,2024-06
2024,Q2,Million of Saudi Riyals,"Finance, Insurance, Real Estate & Business Services : Finance , Insurance and Business sevices",73775.0,2024-06
2024,Q2,Million of Saudi Riyals,Gross Domestic Product,1186619.0,2024-06
2024,Q3,Million of Saudi Riyals,Mining & Quarrying : Crude Petroleum & Natural Gas,229556.0,2024-09
2024,Q3,Million of Saudi Riyals,Manufacturing : Petroleum Refining,60769.0,2024-09
2024,Q3,Million of Saudi Riyals,"Wholesale & Retail Trade, Restaurants & hotels",134021.0,2024-09
2024,Q3,Million of Saudi Riyals,"Finance, Insurance, Real Estate & Business Services",144854.0,2024-09
2024,Q3,Million of Saudi Riyals,"Finance, Insurance, Real Estate & Business Services : Finance , Insurance and Business sevices",79614.0,2024-09
2024,Q3,Million of Saudi Riyals,Gross Value Added,1104623.0,2024-09
2024,Q4,Million of Saudi Riyals,"Wholesale & Retail Trade, Restaurants & hotels",137025.0,2024-12
2024,Q4,Million of Saudi Riyals,Gross Value Added,1116613.0,2024-12
2024,Q4,Million of Saudi Riyals,Net Taxes on Products,70244.0,2024-12
2025,Q1,Million of Saudi Riyals,Manufacturing,188715.0,2025-03
2025,Q1,Million of Saudi Riyals,Manufacturing : Petroleum Refining,53795.0,2025-03
2025,Q1,Million of Saudi Riyals,"Electricity, Gas and Water",15235.0,2025-03
2025,Q1,Million of Saudi Riyals,"Wholesale & Retail Trade, Restaurants & hotels",146866.0,2025-03
2025,Q1,Million of Saudi Riyals,"Transport, Storage & Communication",71089.0,2025-03
2025,Q2,Million of Saudi Riyals,"Agriculture, Forestry & Fishing",30422.0,2025-06
2025,Q2,Million of Saudi Riyals,Mining & Quarrying : Crude Petroleum & Natural Gas,196743.0,2025-06
2025,Q2,Million of Saudi Riyals,Manufacturing : Manufacturing excluding petroleum refining,142772.0,2025-06
2025,Q2,Million of Saudi Riyals,"Finance, Insurance, Real Estate & Business Services",154308.0,2025-06
2025,Q2,Million of Saudi Riyals,"Finance, Insurance, Real Estate & Business Services : Finance , Insurance and Business sevices",81991.0,2025-06
2025,Q2,Million of Saudi Riyals,Government Activities,163660.0,2025-06
2025,Q2,Million of Saudi Riyals,Gross Value Added,1111549.0,2025-06
2025,Q3,Million of Saudi Riyals,Mining & Quarrying,218102.0,2025-09
2025,Q3,Million of Saudi Riyals,Gross Domestic Product,1195025.0,2025-09
2025,Q4,Million of Saudi Riyals,Mining & Quarrying,195148.0,2025-12
2025,Q4,Million of Saudi Riyals,Manufacturing,194305.0,2025-12
2025,Q4,Million of Saudi Riyals,"Electricity, Gas and Water",17216.0,2025-12
2025,Q4,Million of Saudi Riyals,"Transport, Storage & Communication",77196.0,2025-12
2025,Q4,Million of Saudi Riyals,"Community, Social & Personal Services",45504.0,2025-12
2025,Q4,Million of Saudi Riyals,Net Taxes on Products,70214.0,2025-12
2011,Q1,Growth Rates Y-o-Y,"Wholesale & Retail Trade, Restaurants & hotels",19.1,2011-03
2011,Q1,Growth Rates Y-o-Y,"Finance, Insurance, Real Estate & Business Services : Real Estate",10.57,2011-03
2011,Q1,Growth Rates Y-o-Y,Net Taxes on Products,-6.57,2011-03
2011,Q2,Growth Rates Y-o-Y,"Agriculture, Forestry & Fishing",5.86,2011-06
2011,Q2,Growth Rates Y-o-Y,Manufacturing,19.11,2011-06
2011,Q2,Growth Rates Y-o-Y,Construction,25.22,2011-06
2011,Q2,Growth Rates Y-o-Y,"Finance, Insurance, Real Estate & Business Services : Real Estate",10.63,2011-06
2011,Q2,Growth Rates Y-o-Y,"Community, Social & Personal Services",21.81,2011-06
2011,Q3,Growth Rates Y-o-Y,Mining & Quarrying,58.35,2011-09
2011,Q3,Growth Rates Y-o-Y,Construction,25.33,2011-09
2011,Q3,Growth Rates Y-o-Y,"Transport, Storage & Communication",17.07,2011-09
2011,Q3,Growth Rates Y-o-Y,Government Activities,13.2,2011-09
2011,Q4,Growth Rates Y-o-Y,Mining & Quarrying : Crude Petroleum & Natural Gas,38.89,2011-12
2011,Q4,Growth Rates Y-o-Y,"Electricity, Gas and Water",20.82,2011-12
2011,Q4,Growth Rates Y-o-Y,"Finance, Insurance, Real Estate & Business Services : Finance , Insurance and Business sevices",4.99,2011-12
2012,Q1,Growth Rates Y-o-Y,"Agriculture, Forestry & Fishing",6.02,2012-03
2012,Q1,Growth Rates Y-o-Y,"Community, Social & Personal Services",15.94,2012-03
2012,Q1,Growth Rates Y-o-Y,Government Activities,-0.4,2012-03
2012,Q1,Growth Rates Y-o-Y,Gross Domestic Product,19.57,2012-03
2012,Q2,Growth Rates Y-o-Y,Mining & Quarrying : Crude Petroleum & Natural Gas,8.36,2012-06
2012,Q2,Growth Rates Y-o-Y,Government Activities,-1.39,2012-06
2012,Q3,Growth Rates Y-o-Y,Mining & Quarrying : Other Mining & Quarrying,7.3,2012-09
2012,Q3,Growth Rates Y-o-Y,Manufacturing : Petroleum Refining,-1.02,2012-09
2012,Q3,Growth Rates Y-o-Y,Manufacturing : Manufacturing excluding petroleum refining,7.54,2012-09
2012,Q3,Growth Rates Y-o-Y,Gross Value Added,8.97,2012-09
2012,Q4,Growth Rates Y-o-Y,Mining & Quarrying : Other Mining & Quarrying,10.92,2012-12
2012,Q4,Growth Rates Y-o-Y,"Finance, Insurance, Real Estate & Business Services",20.52,2012-12
2012,Q4,Growth Rates Y-o-Y,"Community, Social & Personal Services",10.34,2012-12
2013,Q1,Growth Rates Y-o-Y,Mining & Quarrying : Other Mining & Quarrying,7.72,2013-03
2013,Q1,Growth Rates Y-o-Y,"Finance, Insurance, Real Estate & Business Services",16.65,2013-03
2013,Q1,Growth Rates Y-o-Y,Net Taxes on Products,-20.98,2013-03
2013,Q2,Growth Rates Y-o-Y,"Community, Social & Personal Services",10.38,2013-06
2013,Q2,Growth Rates Y-o-Y,Gross Domestic Product,3.05,2013-06
2013,Q3,Growth Rates Y-o-Y,Mining & Quarrying : Other Mining & Quarrying,7.71,2013-09
2013,Q3,Growth Rates Y-o-Y,Manufacturing : Manufacturing excluding petroleum refining,10.13,2013-09
2013,Q3,Growth Rates Y-o-Y,"Finance, Insurance, Real Estate & Business Services : Finance , Insurance and Business sevices",7.26,2013-09
2013,Q3,Growth Rates Y-o-Y,Gross Value Added,3.74,2013-09
2013,Q3,Growth Rates Y-o-Y,Gross Domestic Product,3.69,2013-09
2013,Q4,Growth Rates Y-o-Y,Manufacturing : Petroleum Refining,0.81,2013-12
2013,Q4,Growth Rates Y-o-Y,"Wholesale & Retail Trade, Restaurants & hotels",11.09,2013-12
2013,Q4,Growth Rates Y-o-Y,Gross Domestic Product,3.06,2013-12
2014,Q1,Growth Rates Y-o-Y,Mining & Quarrying,2.16,2014-03
2014,Q1,Growth Rates Y-o-Y,Construction,14.29,2014-03
2014,Q2,Growth Rates Y-o-Y,"Electricity, Gas and Water",14.39,2014-06
2014,Q3,Growth Rates Y-o-Y,Mining & Quarrying : Other Mining & Quarrying,12.32,2014-09
2014,Q3,Growth Rates Y-o-Y,Construction,14.64,2014-09
2014,Q3,Growth Rates Y-o-Y,"Finance, Insurance, Real Estate & Business Services",9.63,2014-09
2014,Q3,Growth Rates Y-o-Y,"Community, Social & Personal Services",16.24,2014-09
2014,Q3,Growth Rates Y-o-Y,Gross Domestic Product,4.06,2014-09
2014,Q4,Growth Rates Y-o-Y,"Wholesale & Retail Trade, Restaurants & hotels",11.57,2014-12
2014,Q4,Growth Rates Y-o-Y,"Transport, Storage & Communication",8.37,2014-12
2014,Q4,Growth Rates Y-o-Y,Gross Domestic Product,-7.86,2014-12
2015,Q1,Growth Rates Y-o-Y,Manufacturing : Manufacturing excluding petroleum refining,9.7,2015-03
2015,Q1,Growth Rates Y-o-Y,"Community, Social & Personal Services",20.36,2015-03
2015,Q1,Growth Rates Y-o-Y,Government Activities,45.01,2015-03
2015,Q2,Growth Rates Y-o-Y,Mining & Quarrying,-42.59,2015-06
2015,Q2,Growth Rates Y-o-Y,Mining & Quarrying : Other Mining & Quarrying,8.19,2015-06
2015,Q2,Growth Rates Y-o-Y,Manufacturing : Petroleum Refining,5.15,2015-06
2015,Q2,Growth Rates Y-o-Y,Manufacturing : Manufacturing excluding petroleum refining,8.82,2015-06
2015,Q2,Growth Rates Y-o-Y,"Finance, Insurance, Real Estate & Business Services : Real Estate",7.64,2015-06
2015,Q2,Growth Rates Y-o-Y,"Community, Social & Personal Services",13.77,2015-06
2015,Q3,Growth Rates Y-o-Y,"Agriculture, Forestry & Fishing",6.49,2015-09
2015,Q4,Growth Rates Y-o-Y,"Agriculture, Forestry & Fishing",7.07,2015-12
2015,Q4,Growth Rates Y-o-Y,Mining & Quarrying : Other Mining & Quarrying,5.08,2015-12
2015,Q4,Growth Rates Y-o-Y,Construction,5.86,2015-12
2015,Q4,Growth Rates Y-o-Y,"Finance, Insurance, Real Estate & Business Services",6.76,2015-12
2015,Q4,Growth Rates Y-o-Y,"Finance, Insurance, Real Estate & Business Services : Real Estate",7.28,2015-12
2015,Q4,Growth Rates Y-o-Y,"Finance, Insurance, Real Estate & Business Services : Finance , Insurance and Business sevices",6.1,2015-12
2016,Q1,Growth Rates Y-o-Y,Mining & Quarrying : Crude Petroleum & Natural Gas,-37.4,2016-03
2016,Q1,Growth Rates Y-o-Y,Manufacturing : Manufacturing excluding petroleum refining,1.67,2016-03
2016,Q1,Growth Rates Y-o-Y,"Wholesale & Retail Trade, Restaurants & hotels",1.35,2016-03
2016,Q1,Growth Rates Y-o-Y,"Finance, Insurance, Real Estate & Business Services",4.01,2016-03
2016,Q1,Growth Rates Y-o-Y,Net Taxes on Products,-15.74,2016-03
2016,Q2,Growth Rates Y-o-Y,Mining & Quarrying : Crude Petroleum & Natural Gas,-23.78,2016-06
2016,Q2,Growth Rates Y-o-Y,Construction,-3.66,2016-06
2016,Q2,Growth Rates Y-o-Y,Gross Value Added,-4.96,2016-06
2016,Q3,Growth Rates Y-o-Y,Mining & Quarrying,-1.77,2016-09
2016,Q3,Growth Rates Y-o-Y,Manufacturing,3.22,2016-09
2016,Q3,Growth Rates Y-o-Y,"Electricity, Gas and Water",12.49,2016-09
2016,Q3,Growth Rates Y-o-Y,"Community, Social & Personal Services",14.09,2016-09
2016,Q4,Growth Rates Y-o-Y,Mining & Quarrying : Other Mining & Quarrying,-1.68,2016-12
2016,Q4,Growth Rates Y-o-Y,Manufacturing : Petroleum Refining,19.41,2016-12
2016,Q4,Growth Rates Y-o-Y,"Electricity, Gas and Water",3.95,2016-12
2016,Q4,Growth Rates Y-o-Y,"Transport, Storage & Communication",7.4,2016-12
2016,Q4,Growth Rates Y-o-Y,Government Activities,25.55,2016-12
2017,Q1,Growth Rates Y-o-Y,Mining & Quarrying : Other Mining & Quarrying,7.26,2017-03
2017,Q1,Growth Rates Y-o-Y,Manufacturing : Petroleum Refining,22.4,2017-03
2017,Q1,Growth Rates Y-o-Y,"Transport, Storage & Communication",5.44,2017-03
2017,Q1,Growth Rates Y-o-Y,"Finance, Insurance, Real Estate & Business Services",3.85,2017-03
2017,Q1,Growth Rates Y-o-Y,Government Activities,-11.4,2017-03
2017,Q1,Growth Rates Y-o-Y,Gross Domestic Product,10.2,2017-03
2017,Q2,Growth Rates Y-o-Y,Mining & Quarrying : Crude Petroleum & Natural Gas,12.26,2017-06
2017,Q2,Growth Rates Y-o-Y,"Electricity, Gas and Water",4.15,2017-06
2017,Q2,Growth Rates Y-o-Y,Government Activities,0.21,2017-06
2017,Q3,Growth Rates Y-o-Y,"Community, Social & Personal Services",7.47,2017-09
2017,Q4,Growth Rates Y-o-Y,Manufacturing : Manufacturing excluding petroleum refining,2.14,2017-12
2017,Q4,Growth Rates Y-o-Y,"Electricity, Gas and Water",8.92,2017-12
2017,Q4,Growth Rates Y-o-Y,"Wholesale & Retail Trade, Restaurants & hotels",6.36,2017-12
2018,Q1,Growth Rates Y-o-Y,"Wholesale & Retail Trade, Restaurants & hotels",1.85,2018-03
2018,Q2,Growth Rates Y-o-Y,Mining & Quarrying : Crude Petroleum & Natural Gas,63.87,2018-06
2018,Q2,Growth Rates Y-o-Y,Mining & Quarrying : Other Mining & Quarrying,3.48,2018-06
2018,Q2,Growth Rates Y-o-Y,"Transport, Storage & Communication",0.79,2018-06
2018,Q2,Growth Rates Y-o-Y,Government Activities,24.21,2018-06
2018,Q3,Growth Rates Y-o-Y,Mining & Quarrying : Crude Petroleum & Natural Gas,68.29,2018-09
2018,Q3,Growth Rates Y-o-Y,Mining & Quarrying : Other Mining & Quarrying,2.9,2018-09
2018,Q4,Growth Rates Y-o-Y,"Transport, Storage & Communication",3.59,2018-12
2018,Q4,Growth Rates Y-o-Y,Gross Value Added,15.93,2018-12
2019,Q1,Growth Rates Y-o-Y,Manufacturing,4.14,2019-03
2019,Q1,Growth Rates Y-o-Y,Manufacturing : Petroleum Refining,-3.42,2019-03
2019,Q1,Growth Rates Y-o-Y,"Electricity, Gas and Water",9.79,2019-03
2019,Q1,Growth Rates Y-o-Y,Construction,8.07,2019-03
2019,Q1,Growth Rates Y-o-Y,"Transport, Storage & Communication",9.45,2019-03
2019,Q2,Growth Rates Y-o-Y,Mining & Quarrying : Other Mining & Quarrying,9.17,2019-06
2019,Q2,Growth Rates Y-o-Y,Construction,11.59,2019-06
2019,Q2,Growth Rates Y-o-Y,"Wholesale & Retail Trade, Restaurants & hotels",10.97,2019-06
2019,Q2,Growth Rates Y-o-Y,"Finance, Insurance, Real Estate & Business Services : Real Estate",1.75,2019-06
2019,Q2,Growth Rates Y-o-Y,Gross Value Added,-0.33,2019-06
2019,Q2,Growth Rates Y-o-Y,Gross Domestic Product,0.23,2019-06
2019,Q3,Growth Rates Y-o-Y,Manufacturing : Manufacturing excluding petroleum refining,7.55,2019-09
2019,Q3,Growth Rates Y-o-Y,"Wholesale & Retail Trade, Restaurants & hotels",12.16,2019-09
2019,Q3,Growth Rates Y-o-Y,"Transport, Storage & Communication",8.7,2019-09
2019,Q3,Growth Rates Y-o-Y,Government Activities,9.54,2019-09
2019,Q4,Growth Rates Y-o-Y,"Agriculture, Forestry & Fishing",3.22,2019-12
2019,Q4,Growth Rates Y-o-Y,"Finance, Insurance, Real Estate & Business Services",6.16,2019-12
2020,Q2,Growth Rates Y-o-Y,"Agriculture, Forestry & Fishing",2.9,2020-06
2020,Q2,Growth Rates Y-o-Y,Mining & Quarrying : Crude Petroleum & Natural Gas,-65.62,2020-06
2020,Q2,Growth Rates Y-o-Y,Manufacturing,-17.12,2020-06
2020,Q2,Growth Rates Y-o-Y,Manufacturing : Petroleum Refining,-52.86,2020-06
2020,Q2,Growth Rates Y-o-Y,"Finance, Insurance, Real Estate & Business Services : Real Estate",-1.63,2020-06
2020,Q2,Growth Rates Y-o-Y,"Finance, Insurance, Real Estate & Business Services : Finance , Insurance and Business sevices",-0.95,2020-06
2020,Q2,Growth Rates Y-o-Y,Government Activities,-4.09,2020-06
2020,Q3,Growth Rates Y-o-Y,Manufacturing,-11.01,2020-09
2020,Q3,Growth Rates Y-o-Y,"Electricity, Gas and Water",0.47,2020-09
2020,Q3,Growth Rates Y-o-Y,Construction,-0.84,2020-09
2020,Q3,Growth Rates Y-o-Y,"Finance, Insurance, Real Estate & Business Services : Real Estate",1.23,2020-09
2020,Q3,Growth Rates Y-o-Y,Government Activities,-1.02,2020-09
2020,Q4,Growth Rates Y-o-Y,Mining & Quarrying,-42.35,2020-12
2020,Q4,Growth Rates Y-o-Y,Manufacturing : Manufacturing excluding petroleum refining,0.8,2020-12
2020,Q4,Growth Rates Y-o-Y,"Wholesale & Retail Trade, Restaurants & hotels",-4.94,2020-12
2020,Q4,Growth Rates Y-o-Y,"Transport, Storage & Communication",-11.63,2020-12
2021,Q1,Growth Rates Y-o-Y,Manufacturing,21.48,2021-03
2021,Q1,Growth Rates Y-o-Y,Construction,4.56,2021-03
2021,Q1,Growth Rates Y-o-Y,"Transport, Storage & Communication",-6.44,2021-03
2021,Q1,Growth Rates Y-o-Y,Gross Value Added,8.85,2021-03
2021,Q1,Growth Rates Y-o-Y,Net Taxes on Products,82.81,2021-03
2021,Q2,Growth Rates Y-o-Y,Mining & Quarrying : Other Mining & Quarrying,17.95,2021-06
2021,Q2,Growth Rates Y-o-Y,Manufacturing : Petroleum Refining,157.25,2021-06
2021,Q2,Growth Rates Y-o-Y,Construction,12.54,2021-06
2021,Q2,Growth Rates Y-o-Y,"Transport, Storage & Communication",17.25,2021-06
2021,Q2,Growth Rates Y-o-Y,"Finance, Insurance, Real Estate & Business Services",5.61,2021-06
2021,Q2,Growth Rates Y-o-Y,"Community, Social & Personal Services",9.75,2021-06
2021,Q2,Growth Rates Y-o-Y,Government Activities,-1.4,2021-06
2021,Q3,Growth Rates Y-o-Y,Construction,18.34,2021-09
2021,Q3,Growth Rates Y-o-Y,"Finance, Insurance, Real Estate & Business Services : Finance , Insurance and Business sevices",20.35,2021-09
2021,Q3,Growth Rates Y-o-Y,Net Taxes on Products,69.8,2021-09
2021,Q4,Growth Rates Y-o-Y,Manufacturing,43.64,2021-12
2021,Q4,Growth Rates Y-o-Y,"Transport, Storage & Communication",24.17,2021-12
2021,Q4,Growth Rates Y-o-Y,"Finance, Insurance, Real Estate & Business Services",5.83,2021-12
2021,Q4,Growth Rates Y-o-Y,"Community, Social & Personal Services",11.41,2021-12
2021,Q4,Growth Rates Y-o-Y,Gross Domestic Product,33.37,2021-12
2022,Q1,Growth Rates Y-o-Y,"Agriculture, Forestry & Fishing",7.13,2022-03
2022,Q1,Growth Rates Y-o-Y,Mining & Quarrying,85.54,2022-03
2022,Q1,Growth Rates Y-o-Y,"Wholesale & Retail Trade, Restaurants & hotels",9.47,2022-03
2022,Q1,Growth Rates Y-o-Y,"Transport, Storage & Communication",21.03,2022-03
2022,Q1,Growth Rates Y-o-Y,"Finance, Insurance, Real Estate & Business Services : Finance , Insurance and Business sevices",19.84,2022-03
2022,Q1,Growth Rates Y-o-Y,Net Taxes on Products,13.43,2022-03
2022,Q2,Growth Rates Y-o-Y,Manufacturing : Manufacturing excluding petroleum refining,25.32,2022-06
2022,Q2,Growth Rates Y-o-Y,Gross Value Added,41.37,2022-06
2022,Q3,Growth Rates Y-o-Y,Manufacturing : Manufacturing excluding petroleum refining,22.04,2022-09
2022,Q3,Growth Rates Y-o-Y,"Electricity, Gas and Water",10.82,2022-09
2022,Q3,Growth Rates Y-o-Y,Construction,38.89,2022-09
2022,Q3,Growth Rates Y-o-Y,"Finance, Insurance, Real Estate & Business Services : Real Estate",3.18,2022-09
2022,Q3,Growth Rates Y-o-Y,Gross Value Added,26.43,2022-09
2022,Q4,Growth Rates Y-o-Y,"Agriculture, Forestry & Fishing",16.45,2022-12
2022,Q4,Growth Rates Y-o-Y,"Electricity, Gas and Water",3.47,2022-12
2023,Q1,Growth Rates Y-o-Y,Manufacturing : Manufacturing excluding petroleum refining,14.57,2023-03
2023,Q1,Growth Rates Y-o-Y,"Electricity, Gas and Water",21.65,2023-03
2023,Q1,Growth Rates Y-o-Y,"Finance, Insurance, Real Estate & Business Services",13.26,2023-03
2023,Q1,Growth Rates Y-o-Y,"Finance, Insurance, Real Estate & Business Services : Finance , Insurance and Business sevices",16.61,2023-03
2023,Q1,Growth Rates Y-o-Y,Gross Domestic Product,7.0,2023-03
2023,Q2,Growth Rates Y-o-Y,Mining & Quarrying : Crude Petroleum & Natural Gas,-40.89,2023-06
2023,Q2,Growth Rates Y-o-Y,Mining & Quarrying : Other Mining & Quarrying,10.32,2023-06
2023,Q2,Growth Rates Y-o-Y,Manufacturing : Manufacturing excluding petroleum refining,10.25,2023-06
2023,Q2,Growth Rates Y-o-Y,"Electricity, Gas and Water",2.25,2023-06
2023,Q2,Growth Rates Y-o-Y,Net Taxes on Products,13.03,2023-06
2023,Q3,Growth Rates Y-o-Y,Mining & Quarrying,-28.53,2023-09
2023,Q3,Growth Rates Y-o-Y,"Community, Social & Personal Services",12.48,2023-09
2023,Q4,Growth Rates Y-o-Y,"Electricity, Gas and Water",3.95,2023-12
2023,Q4,Growth Rates Y-o-Y,"Finance, Insurance, Real Estate & Business Services : Real Estate",11.38,2023-12
2023,Q4,Growth Rates Y-o-Y,Gross Value Added,-0.44,2023-12
2024,Q1,Growth Rates Y-o-Y,Mining & Quarrying,-13.08,2024-03
2024,Q1,Growth Rates Y-o-Y,Mining & Quarrying : Crude Petroleum & Natural Gas,-13.47,2024-03
2024,Q1,Growth Rates Y-o-Y,Construction,4.77,2024-03
2024,Q1,Growth Rates Y-o-Y,"Transport, Storage & Communication",5.99,2024-03
2024,Q2,Growth Rates Y-o-Y,Mining & Quarrying,-1.39,2024-06
2024,Q2,Growth Rates Y-o-Y,Manufacturing : Manufacturing excluding petroleum refining,9.25,2024-06
2024,Q2,Growth Rates Y-o-Y,Gross Value Added,5.31,2024-06
2024,Q3,Growth Rates Y-o-Y,"Agriculture, Forestry & Fishing",3.83,2024-09
2024,Q3,Growth Rates Y-o-Y,Mining & Quarrying,-13.02,2024-09
2024,Q3,Growth Rates Y-o-Y,Manufacturing : Petroleum Refining,1.58,2024-09
2024,Q4,Growth Rates Y-o-Y,"Electricity, Gas and Water",27.23,2024-12
2024,Q4,Growth Rates Y-o-Y,"Transport, Storage & Communication",4.72,2024-12
2024,Q4,Growth Rates Y-o-Y,"Community, Social & Personal Services",5.86,2024-12
2025,Q1,Growth Rates Y-o-Y,"Electricity, Gas and Water",33.93,2025-03
2025,Q1,Growth Rates Y-o-Y,"Finance, Insurance, Real Estate & Business Services : Finance , Insurance and Business sevices",10.5,2025-03
2025,Q1,Growth Rates Y-o-Y,"Community, Social & Personal Services",5.62,2025-03
2025,Q1,Growth Rates Y-o-Y,Government Activities,5.66,2025-03
2025,Q1,Growth Rates Y-o-Y,Gross Value Added,3.44,2025-03
2025,Q1,Growth Rates Y-o-Y,Gross Domestic Product,3.34,2025-03
2025,Q2,Growth Rates Y-o-Y,"Agriculture, Forestry & Fishing",4.93,2025-06
2025,Q2,Growth Rates Y-o-Y,Mining & Quarrying : Crude Petroleum & Natural Gas,-18.49,2025-06
2025,Q2,Growth Rates Y-o-Y,Manufacturing : Petroleum Refining,-22.21,2025-06
2025,Q2,Growth Rates Y-o-Y,"Electricity, Gas and Water",14.07,2025-06
2025,Q2,Growth Rates Y-o-Y,Construction,5.75,2025-06
2025,Q2,Growth Rates Y-o-Y,"Transport, Storage & Communication",4.53,2025-06
2025,Q2,Growth Rates Y-o-Y,Net Taxes on Products,9.52,2025-06
2025,Q3,Growth Rates Y-o-Y,Manufacturing : Manufacturing excluding petroleum refining,3.86,2025-09
2025,Q3,Growth Rates Y-o-Y,"Finance, Insurance, Real Estate & Business Services",9.83,2025-09
2025,Q3,Growth Rates Y-o-Y,Gross Domestic Product,2.5,2025-09
2025,Q4,Growth Rates Y-o-Y,Manufacturing : Manufacturing excluding petroleum refining,4.36,2025-12
2025,Q4,Growth Rates Y-o-Y,"Finance, Insurance, Real Estate & Business Services : Finance , Insurance and Business sevices",6.3,2025-12
2025,Q4,Growth Rates Y-o-Y,"Community, Social & Personal Services",5.79,2025-12
2025,Q4,Growth Rates Y-o-Y,Gross Value Added,2.11,2025-12
2025,Q4,Growth Rates Y-o-Y,Net Taxes on Products,-0.04,2025-12
2025,Q4,Growth Rates Y-o-Y,Gross Domestic Product,1.98,2025-12
