year,type,indicator,unit,nationality_of_household_head,age_group,region,educational_level,marital_status,type_of_dwelling,type_of_ownership,household_size,income_sources,coicop_divisions,value
2023,Disposable income,Median Household Monthly Disposable Income,Number,Total,,,,,,,,,,7362.0
2023,Disposable income,Median Per-capita Monthly Disposable Income,Number,Non-Saudi,,,,,,,,,,1372.0
2023,Consumption Expenditure,Average Household Monthly Consumption Expenditure,Number,Non-Saudi,,,,,,,,,,5574.0
2023,Consumption Expenditure,Median Household Monthly Consumption Expenditure,Number,Non-Saudi,,,,,,,,,,4437.0
2023,Consumption Expenditure,Average Monthly Consumption Expenditure Per-capita,Number,Total,,,,,,,,,,2939.0
2023,Consumption Expenditure,Median Monthly Consumption Expenditure Per-capita,Number,Non-Saudi,,,,,,,,,,1665.0
2023,Final Monetary Consumption Expenditure,Average Household Monthly Final Monetary Consumption Expenditure,Number,Saudi,,,,,,,,,,13536.0
2023,Final Monetary Consumption Expenditure,Average Household Monthly Final Monetary Consumption Expenditure,Number,Non-Saudi,,,,,,,,,,5188.0
2023,Final Monetary Consumption Expenditure,Median Household Monthly Final Monetary Consumption Expenditure,Number,Total,,,,,,,,,,6670.0
2023,Disposable income,Average Household Monthly Disposable Income,Number,Saudi,,Najran,,,,,,,,10979.0
2023,Disposable income,Average Household Monthly Disposable Income,Number,Non-Saudi,,Asir,,,,,,,,3371.0
2023,Disposable income,Average Household Monthly Disposable Income,Number,Non-Saudi,,Total,,,,,,,,5428.0
2023,Disposable income,Average Household Monthly Disposable Income,Number,Total,,Makkah,,,,,,,,10141.0
2023,Disposable income,Average Household Monthly Disposable Income,Number,Total,,Hail,,,,,,,,9269.0
2023,Disposable income,Average Household Monthly Disposable Income,Number,Total,,Northern Border,,,,,,,,12868.0
2023,Disposable income,Median Household Monthly Disposable Income,Number,Saudi,,Riyadh,,,,,,,,18581.0
2023,Disposable income,Median Household Monthly Disposable Income,Number,Saudi,,Makkah,,,,,,,,12900.0
2023,Disposable income,Median Household Monthly Disposable Income,Number,Saudi,,Najran,,,,,,,,9744.0
2023,Disposable income,Median Household Monthly Disposable Income,Number,Saudi,,Al-Baha,,,,,,,,11948.0
2023,Disposable income,Median Household Monthly Disposable Income,Number,Non-Saudi,,Qassim,,,,,,,,2753.0
2023,Disposable income,Median Household Monthly Disposable Income,Number,Non-Saudi,,Tabuk,,,,,,,,3850.0
2023,Disposable income,Median Household Monthly Disposable Income,Number,Non-Saudi,,Northern Border,,,,,,,,4116.0
2023,Disposable income,Median Household Monthly Disposable Income,Number,Total,,Eastern Province,,,,,,,,7341.0
2023,Disposable income,Median Household Monthly Disposable Income,Number,Total,,Tabuk,,,,,,,,9121.0
2023,Disposable income,Median Household Monthly Disposable Income,Number,Total,,Jazan,,,,,,,,8419.0
2023,Disposable income,Average Household Monthly Disposable Income,Number,Saudi,40 - 44,,,,,,,,,18132.0
2023,Disposable income,Average Household Monthly Disposable Income,Number,Non-Saudi,60 - 64,,,,,,,,,6460.0
2023,Disposable income,Average Household Monthly Disposable Income,Number,Saudi,,,Upper secondary education,,,,,,,13901.0
2023,Disposable income,Average Household Monthly Disposable Income,Number,Saudi,,,Post-secondary non-tertiary education,,,,,,,16787.0
2023,Disposable income,Average Household Monthly Disposable Income,Number,Saudi,,,Higher diploma,,,,,,,22816.0
2023,Disposable income,Average Household Monthly Disposable Income,Number,Non-Saudi,,,Upper secondary education,,,,,,,4367.0
2023,Disposable income,Average Household Monthly Disposable Income,Number,Non-Saudi,,,Post-secondary non-tertiary education,,,,,,,5792.0
2023,Disposable income,Average Household Monthly Disposable Income,Number,Non-Saudi,,,Doctoral or equivalent level,,,,,,,17449.0
2023,Disposable income,Average Household Monthly Disposable Income,Number,Total,,,Early childhood education,,,,,,,7243.0
2023,Disposable income,Average Household Monthly Disposable Income,Number,Total,,,Post-secondary non-tertiary education,,,,,,,12246.0
2023,Disposable income,Average Household Monthly Disposable Income,Number,Total,,,Master’s or equivalent level,,,,,,,33012.0
2023,Disposable income,Average Household Monthly Disposable Income,Number,Non-Saudi,,,,Widowed,,,,,,4397.0
2023,Disposable income,Average Household Monthly Disposable Income,Number,Total,,,,Married,,,,,,12685.0
2023,Disposable income,Average Household Monthly Disposable Income,Number,Saudi,,,,,Villa,,,,,30167.0
2023,Disposable income,Average Household Monthly Disposable Income,Number,Saudi,,,,,Traditional house,,,,,10353.0
2023,Disposable income,Average Household Monthly Disposable Income,Number,Saudi,,,,,Storey in traditional house,,,,,10866.0
2023,Disposable income,Average Household Monthly Disposable Income,Number,Non-Saudi,,,,,Villa,,,,,24313.0
2023,Disposable income,Average Household Monthly Disposable Income,Number,Total,,,,,Villa,,,,,29965.0
2023,Disposable income,Average Household Monthly Disposable Income,Number,Saudi,,,,,,Provided for free by private employer,,,,29989.0
2023,Disposable income,Average Household Monthly Disposable Income,Number,Saudi,,,,,,Provided for free by charities,,,,10004.0
2023,Disposable income,Average Household Monthly Disposable Income,Number,Saudi,,,,,,Other,,,,11198.0
2023,Disposable income,Average Household Monthly Disposable Income,Number,Non-Saudi,,,,,,Provided for free by government employer,,,,13308.0
2023,Disposable income,Average Household Monthly Disposable Income,Number,Non-Saudi,,,,,,Provided for free by private employer,,,,4697.0
2023,Disposable income,Average Household Monthly Disposable Income,Number,Total,,,,,,Provided for free by government employer,,,,19227.0
2023,Disposable income,Average Household Monthly Disposable Income,Number,Total,,,,,,Provided for free by charities,,,,7771.0
2023,Disposable income,Average Household Monthly Disposable Income,Number,Total,,,,,,Provided for free by philanthropist,,,,5839.0
2023,Disposable income,Average Household Monthly Disposable Income,Number,Non-Saudi,,,,,,,5+,,,8878.0
2023,Disposable income,Average Household Monthly Disposable Income,Number,Non-Saudi,,,,,,,Total,,,5428.0
2023,Disposable income,Average Household Monthly Disposable Income,Number,Total,,,,,,,Total,,,11839.0
2023,Disposable income,Percentage of Household Monthly Disposable Income,Percent,Saudi,,,,,,,,Transfer in,,27.08
2023,Disposable income,Percentage of Household Monthly Disposable Income,Percent,Saudi,,,,,,,,Imputed Rent,,11.44
2023,Disposable income,Percentage of Household Monthly Disposable Income,Percent,Total,,,,,,,,Property,,0.62
2023,Disposable income,Percentage of Household Monthly Disposable Income,Percent,Total,,,,,,,,Imputed Rent,,8.5
2023,Disposable income,Average Per-Capita Monthly Disposable Income,Number,Saudi,,Madinah,,,,,,,,2829.0
2023,Disposable income,Average Per-Capita Monthly Disposable Income,Number,Saudi,,Najran,,,,,,,,2046.0
2023,Disposable income,Average Per-Capita Monthly Disposable Income,Number,Non-Saudi,,Qassim,,,,,,,,1355.0
2023,Disposable income,Average Per-Capita Monthly Disposable Income,Number,Non-Saudi,,Northern Border,,,,,,,,1609.0
2023,Disposable income,Average Per-Capita Monthly Disposable Income,Number,Total,,Makkah,,,,,,,,2811.0
2023,Disposable income,Average Per-Capita Monthly Disposable Income,Number,Total,,Madinah,,,,,,,,2421.0
2023,Disposable income,Average Per-Capita Monthly Disposable Income,Number,Total,,Qassim,,,,,,,,2491.0
2023,Disposable income,Average Per-Capita Monthly Disposable Income,Number,Total,,Eastern Province,,,,,,,,3319.0
2023,Disposable income,Average Per-Capita Monthly Disposable Income,Number,Total,,Asir,,,,,,,,2889.0
2023,Disposable income,Average Per-Capita Monthly Disposable Income,Number,Total,,Al-Jouf,,,,,,,,2379.0
2023,Disposable income,Median Per-Capita Monthly Disposable Income,Number,Saudi,,Riyadh,,,,,,,,4288.0
2023,Disposable income,Median Per-Capita Monthly Disposable Income,Number,Saudi,,Eastern Province,,,,,,,,3295.0
2023,Disposable income,Median Per-Capita Monthly Disposable Income,Number,Saudi,,Asir,,,,,,,,2715.0
2023,Disposable income,Median Per-Capita Monthly Disposable Income,Number,Saudi,,Hail,,,,,,,,2373.0
2023,Disposable income,Median Per-Capita Monthly Disposable Income,Number,Saudi,,Al-Baha,,,,,,,,2601.0
2023,Disposable income,Median Per-Capita Monthly Disposable Income,Number,Saudi,,Al-Jouf,,,,,,,,1994.0
2023,Disposable income,Median Per-Capita Monthly Disposable Income,Number,Non-Saudi,,Jazan,,,,,,,,867.0
2023,Disposable income,Median Per-Capita Monthly Disposable Income,Number,Non-Saudi,,Al-Baha,,,,,,,,1305.0
2023,Disposable income,Median Per-Capita Monthly Disposable Income,Number,Total,,Madinah,,,,,,,,1815.0
2023,Disposable income,Median Per-Capita Monthly Disposable Income,Number,Total,,Hail,,,,,,,,1890.0
2023,Disposable income,Median Per-Capita Monthly Disposable Income,Number,Total,,Al-Jouf,,,,,,,,1750.0
2023,Disposable income,Median Per-Capita Monthly Disposable Income,Number,Total,,Total,,,,,,,,2220.0
2023,Disposable income,Percentage of Per-Capita Monthly Disposable Income,Percent,Saudi,,,,,,,,Transfer paid out,,-1.596
2023,Disposable income,Percentage of Per-Capita Monthly Disposable Income,Percent,Non-Saudi,,,,,,,,Transfer paid out,,-16.048
2023,Consumption Expenditure,Average Household Monthly Consumption Expenditure,Number,Saudi,,Madinah,,,,,,,,12355.0
2023,Consumption Expenditure,Average Household Monthly Consumption Expenditure,Number,Saudi,,Qassim,,,,,,,,13628.0
2023,Consumption Expenditure,Average Household Monthly Consumption Expenditure,Number,Saudi,,Al-Baha,,,,,,,,14459.0
2023,Consumption Expenditure,Average Household Monthly Consumption Expenditure,Number,Non-Saudi,,Riyadh,,,,,,,,6003.0
2023,Consumption Expenditure,Average Household Monthly Consumption Expenditure,Number,Non-Saudi,,Asir,,,,,,,,4222.0
2023,Consumption Expenditure,Average Household Monthly Consumption Expenditure,Number,Non-Saudi,,Hail,,,,,,,,3776.0
2023,Consumption Expenditure,Average Household Monthly Consumption Expenditure,Number,Non-Saudi,,Jazan,,,,,,,,6657.0
2023,Consumption Expenditure,Average Household Monthly Consumption Expenditure,Number,Non-Saudi,,Al-Jouf,,,,,,,,4798.0
2023,Consumption Expenditure,Average Household Monthly Consumption Expenditure,Number,Total,,Tabuk,,,,,,,,9722.0
2023,Consumption Expenditure,Average Household Monthly Consumption Expenditure,Number,Total,,Hail,,,,,,,,8600.0
2023,Consumption Expenditure,Median Household Monthly Consumption Expenditure,Number,Saudi,,Asir,,,,,,,,10799.0
2023,Consumption Expenditure,Median Household Monthly Consumption Expenditure,Number,Saudi,,Northern Border,,,,,,,,12273.0
2023,Consumption Expenditure,Median Household Monthly Consumption Expenditure,Number,Non-Saudi,,Qassim,,,,,,,,3464.0
2023,Consumption Expenditure,Median Household Monthly Consumption Expenditure,Number,Non-Saudi,,Al-Baha,,,,,,,,3581.0
2023,Consumption Expenditure,Median Household Monthly Consumption Expenditure,Number,Total,,Qassim,,,,,,,,7589.0
2023,Consumption Expenditure,Median Household Monthly Consumption Expenditure,Number,Total,,Eastern Province,,,,,,,,7483.0
2023,Consumption Expenditure,Median Household Monthly Consumption Expenditure,Number,Total,,Hail,,,,,,,,6356.0
2023,Consumption Expenditure,Average Household Monthly Consumption Expenditure,Number,Saudi,40 - 44,,,,,,,,,16534.0
2023,Consumption Expenditure,Average Household Monthly Consumption Expenditure,Number,Saudi,Total,,,,,,,,,16028.0
2023,Consumption Expenditure,Average Household Monthly Consumption Expenditure,Number,Non-Saudi,Total,,,,,,,,,5574.0
2023,Consumption Expenditure,Average Household Monthly Consumption Expenditure,Number,Total,25 - 29,,,,,,,,,7096.0
2023,Consumption Expenditure,Average Household Monthly Consumption Expenditure,Number,Total,40 - 44,,,,,,,,,10550.0
2023,Consumption Expenditure,Average Household Monthly Consumption Expenditure,Number,Total,45 - 49,,,,,,,,,12136.0
2023,Consumption Expenditure,Average Household Monthly Consumption Expenditure,Number,Total,50 - 54,,,,,,,,,13419.0
2023,Consumption Expenditure,Average Household Monthly Consumption Expenditure,Number,Total,65+,,,,,,,,,14118.0
2023,Consumption Expenditure,Average Household Monthly Consumption Expenditure,Number,Saudi,,,Upper secondary education,,,,,,,13752.0
2023,Consumption Expenditure,Average Household Monthly Consumption Expenditure,Number,Saudi,,,Total,,,,,,,16028.0
2023,Consumption Expenditure,Average Household Monthly Consumption Expenditure,Number,Non-Saudi,,,Upper secondary education,,,,,,,5113.0
2023,Consumption Expenditure,Average Household Monthly Consumption Expenditure,Number,Non-Saudi,,,Short-cycle tertiary education,,,,,,,5531.0
2023,Consumption Expenditure,Average Household Monthly Consumption Expenditure,Number,Total,,,Upper secondary education,,,,,,,9465.0
2023,Consumption Expenditure,Average Household Monthly Consumption Expenditure,Number,Total,,,Total,,,,,,,10884.0
2023,Consumption Expenditure,Average Household Monthly Consumption Expenditure,Number,Non-Saudi,,,,Widowed,,,,,,6323.0
2023,Consumption Expenditure,Average Household Monthly Consumption Expenditure,Number,Saudi,,,,,Total,,,,,16028.0
2023,Consumption Expenditure,Average Household Monthly Consumption Expenditure,Number,Non-Saudi,,,,,Traditional house,,,,,5054.0
2023,Consumption Expenditure,Average Household Monthly Consumption Expenditure,Number,Non-Saudi,,,,,Total,,,,,5574.0
2023,Consumption Expenditure,Average Household Monthly Consumption Expenditure,Number,Total,,,,,Traditional house,,,,,8295.0
2023,Consumption Expenditure,Average Household Monthly Consumption Expenditure,Number,Saudi,,,,,,Provided for free by private employer,,,,24604.0
2023,Consumption Expenditure,Average Household Monthly Consumption Expenditure,Number,Saudi,,,,,,Other,,,,17080.0
2023,Consumption Expenditure,Average Household Monthly Consumption Expenditure,Number,Total,,,,,,Total,,,,10884.0
2023,Consumption Expenditure,Average Household Monthly Consumption Expenditure,Number,Saudi,,,,,,,3-4,,,14797.0
2023,Consumption Expenditure,Average Household Monthly Consumption Expenditure,Number,Saudi,,,,,,,Total,,,16028.0
2023,Consumption Expenditure,Average Household Monthly Consumption Expenditure,Number,Total,,,,,,,5+,,,17689.0
2023,Consumption Expenditure,Average Per-Capita Monthly Consumption Expenditure,Number,Saudi,,Riyadh,,,,,,,,5020.0
2023,Consumption Expenditure,Average Per-Capita Monthly Consumption Expenditure,Number,Saudi,,Qassim,,,,,,,,2846.0
2023,Consumption Expenditure,Average Per-Capita Monthly Consumption Expenditure,Number,Saudi,,Al-Jouf,,,,,,,,2301.0
2023,Consumption Expenditure,Average Per-Capita Monthly Consumption Expenditure,Number,Non-Saudi,,Tabuk,,,,,,,,1764.0
2023,Consumption Expenditure,Average Per-Capita Monthly Consumption Expenditure,Number,Non-Saudi,,Hail,,,,,,,,1745.0
2023,Consumption Expenditure,Average Per-Capita Monthly Consumption Expenditure,Number,Total,,Eastern Province,,,,,,,,3247.0
2023,Consumption Expenditure,Median Per-Capita Monthly Consumption Expenditure,Number,Saudi,,Madinah,,,,,,,,2313.0
2023,Consumption Expenditure,Median Per-Capita Monthly Consumption Expenditure,Number,Saudi,,Tabuk,,,,,,,,2258.0
2023,Consumption Expenditure,Median Per-Capita Monthly Consumption Expenditure,Number,Saudi,,Northern Border,,,,,,,,2258.0
2023,Consumption Expenditure,Median Per-Capita Monthly Consumption Expenditure,Number,Saudi,,Najran,,,,,,,,1892.0
2023,Consumption Expenditure,Median Per-Capita Monthly Consumption Expenditure,Number,Saudi,,Al-Baha,,,,,,,,2707.0
2023,Consumption Expenditure,Median Per-Capita Monthly Consumption Expenditure,Number,Non-Saudi,,Northern Border,,,,,,,,1490.0
2023,Consumption Expenditure,Median Per-Capita Monthly Consumption Expenditure,Number,Non-Saudi,,Jazan,,,,,,,,1660.0
2023,Consumption Expenditure,Median Per-Capita Monthly Consumption Expenditure,Number,Total,,Tabuk,,,,,,,,2080.0
2023,Consumption Expenditure,Median Per-Capita Monthly Consumption Expenditure,Number,Total,,Al-Baha,,,,,,,,2595.0
2023,Final Monetary Consumption Expenditure,Average Household Monthly Final Monetary Consumption Expenditure,Number,Saudi,,Makkah,,,,,,,,11006.83582787802
2023,Final Monetary Consumption Expenditure,Average Household Monthly Final Monetary Consumption Expenditure,Number,Saudi,,Qassim,,,,,,,,11325.81656262319
2023,Final Monetary Consumption Expenditure,Average Household Monthly Final Monetary Consumption Expenditure,Number,Saudi,,Tabuk,,,,,,,,11490.06340484557
2023,Final Monetary Consumption Expenditure,Average Household Monthly Final Monetary Consumption Expenditure,Number,Saudi,,Najran,,,,,,,,9393.567696421349
2023,Final Monetary Consumption Expenditure,Average Household Monthly Final Monetary Consumption Expenditure,Number,Saudi,,Al-Jouf,,,,,,,,10954.89056769409
2023,Final Monetary Consumption Expenditure,Average Household Monthly Final Monetary Consumption Expenditure,Number,Non-Saudi,,Makkah,,,,,,,,5467.654670586387
2023,Final Monetary Consumption Expenditure,Average Household Monthly Final Monetary Consumption Expenditure,Number,Non-Saudi,,Northern Border,,,,,,,,5733.790214736234
2023,Final Monetary Consumption Expenditure,Average Household Monthly Final Monetary Consumption Expenditure,Number,Total,,Qassim,,,,,,,,8386.556302979046
2023,Final Monetary Consumption Expenditure,Average Household Monthly Final Monetary Consumption Expenditure,Number,Total,,Eastern Province,,,,,,,,10091.93088801079
2023,Final Monetary Consumption Expenditure,Average Household Monthly Final Monetary Consumption Expenditure,Number,Total,,Northern Border,,,,,,,,10122.86646565594
2023,Final Monetary Consumption Expenditure,Average Household Monthly Final Monetary Consumption Expenditure,Number,Total,,Jazan,,,,,,,,12838.78621288137
2023,Final Monetary Consumption Expenditure,Median Household Monthly Final Monetary Consumption Expenditure,Number,Saudi,,Tabuk,,,,,,,,10006.41176719331
2023,Final Monetary Consumption Expenditure,Median Household Monthly Final Monetary Consumption Expenditure,Number,Saudi,,Hail,,,,,,,,8237.252143815133
2023,Final Monetary Consumption Expenditure,Median Household Monthly Final Monetary Consumption Expenditure,Number,Saudi,,Al-Jouf,,,,,,,,9169.641716623237
2023,Final Monetary Consumption Expenditure,Median Household Monthly Final Monetary Consumption Expenditure,Number,Non-Saudi,,Qassim,,,,,,,,2992.35936833606
2023,Final Monetary Consumption Expenditure,Median Household Monthly Final Monetary Consumption Expenditure,Number,Non-Saudi,,Eastern Province,,,,,,,,3907.12532535607
2023,Final Monetary Consumption Expenditure,Median Household Monthly Final Monetary Consumption Expenditure,Number,Non-Saudi,,Hail,,,,,,,,2867.35202201624
2023,Final Monetary Consumption Expenditure,Median Household Monthly Final Monetary Consumption Expenditure,Number,Total,,Madinah,,,,,,,,7040.110936208052
2023,Final Monetary Consumption Expenditure,Median Household Monthly Final Monetary Consumption Expenditure,Number,Total,,Asir,,,,,,,,6206.244580411195
2023,Final Monetary Consumption Expenditure,Median Household Monthly Final Monetary Consumption Expenditure,Number,Total,,Northern Border,,,,,,,,8491.09802314508
2023,Final Monetary Consumption Expenditure,Median Household Monthly Final Monetary Consumption Expenditure,Number,Total,,Jazan,,,,,,,,10186.05664036571
2023,Final Monetary Consumption Expenditure,Median Household Monthly Final Monetary Consumption Expenditure,Number,Total,,Al-Jouf,,,,,,,,6998.064510188981
2023,Final Monetary Consumption Expenditure,Average Household Monthly Final Monetary Consumption Expenditure,Number,Saudi,40 - 44,,,,,,,,,14364.0
2023,Final Monetary Consumption Expenditure,Average Household Monthly Final Monetary Consumption Expenditure,Number,Saudi,50 - 54,,,,,,,,,16225.0
2023,Final Monetary Consumption Expenditure,Average Household Monthly Final Monetary Consumption Expenditure,Number,Saudi,65+,,,,,,,,,13118.0
2023,Final Monetary Consumption Expenditure,Average Household Monthly Final Monetary Consumption Expenditure,Number,Non-Saudi,35 - 39,,,,,,,,,5158.0
2023,Final Monetary Consumption Expenditure,Average Household Monthly Final Monetary Consumption Expenditure,Number,Non-Saudi,40 - 44,,,,,,,,,5153.0
2023,Final Monetary Consumption Expenditure,Average Household Monthly Final Monetary Consumption Expenditure,Number,Non-Saudi,60 - 64,,,,,,,,,7470.0
2023,Final Monetary Consumption Expenditure,Average Household Monthly Final Monetary Consumption Expenditure,Number,Total,15 - 19,,,,,,,,,6385.0
2023,Final Monetary Consumption Expenditure,Average Household Monthly Final Monetary Consumption Expenditure,Number,Total,55 - 59,,,,,,,,,12194.0
2023,Final Monetary Consumption Expenditure,Average Household Monthly Final Monetary Consumption Expenditure,Number,Total,65+,,,,,,,,,11739.0
2023,Final Monetary Consumption Expenditure,Average Household Monthly Final Monetary Consumption Expenditure,Number,Saudi,,,Primary education,,,,,,,11922.0
2023,Final Monetary Consumption Expenditure,Average Household Monthly Final Monetary Consumption Expenditure,Number,Saudi,,,Upper secondary education,,,,,,,12017.0
2023,Final Monetary Consumption Expenditure,Average Household Monthly Final Monetary Consumption Expenditure,Number,Saudi,,,Post-secondary non-tertiary education,,,,,,,12168.0
2023,Final Monetary Consumption Expenditure,Average Household Monthly Final Monetary Consumption Expenditure,Number,Saudi,,,Doctoral or equivalent level,,,,,,,21065.0
2023,Final Monetary Consumption Expenditure,Average Household Monthly Final Monetary Consumption Expenditure,Number,Non-Saudi,,,Early childhood education,,,,,,,5128.0
2023,Final Monetary Consumption Expenditure,Average Household Monthly Final Monetary Consumption Expenditure,Number,Non-Saudi,,,Post-secondary non-tertiary education,,,,,,,5430.0
2023,Final Monetary Consumption Expenditure,Average Household Monthly Final Monetary Consumption Expenditure,Number,Non-Saudi,,,Higher diploma,,,,,,,7758.0
2023,Final Monetary Consumption Expenditure,Average Household Monthly Final Monetary Consumption Expenditure,Number,Total,,,No schooling,,,,,,,6369.0
2023,Final Monetary Consumption Expenditure,Average Household Monthly Final Monetary Consumption Expenditure,Number,Total,,,Primary education,,,,,,,6925.0
2023,Final Monetary Consumption Expenditure,Average Household Monthly Final Monetary Consumption Expenditure,Number,Total,,,Short-cycle tertiary education,,,,,,,10102.0
2023,Final Monetary Consumption Expenditure,Average Household Monthly Final Monetary Consumption Expenditure,Number,Total,,,Higher diploma,,,,,,,13971.0
2023,Final Monetary Consumption Expenditure,Average Household Monthly Final Monetary Consumption Expenditure,Number,Total,,,Master’s or equivalent level,,,,,,,16892.0
2023,Final Monetary Consumption Expenditure,Average Household Monthly Final Monetary Consumption Expenditure,Number,Saudi,,,,Widowed,,,,,,9203.0
2023,Final Monetary Consumption Expenditure,Average Household Monthly Final Monetary Consumption Expenditure,Number,Non-Saudi,,,,Never Married,,,,,,4201.0
2023,Final Monetary Consumption Expenditure,Average Household Monthly Final Monetary Consumption Expenditure,Number,Non-Saudi,,,,Total,,,,,,5188.0
2023,Final Monetary Consumption Expenditure,Average Household Monthly Final Monetary Consumption Expenditure,Number,Total,,,,Never Married,,,,,,5551.0
2023,Final Monetary Consumption Expenditure,Average Household Monthly Final Monetary Consumption Expenditure,Number,Saudi,,,,,Villa,,,,,18954.0
2023,Final Monetary Consumption Expenditure,Average Household Monthly Final Monetary Consumption Expenditure,Number,Saudi,,,,,Storey in traditional house,,,,,12839.0
2023,Final Monetary Consumption Expenditure,Average Household Monthly Final Monetary Consumption Expenditure,Number,Saudi,,,,,Total,,,,,13536.0
2023,Final Monetary Consumption Expenditure,Average Household Monthly Final Monetary Consumption Expenditure,Number,Non-Saudi,,,,,Apartment,,,,,5205.0
2023,Final Monetary Consumption Expenditure,Average Household Monthly Final Monetary Consumption Expenditure,Number,Non-Saudi,,,,,Total,,,,,5188.0
2023,Final Monetary Consumption Expenditure,Average Household Monthly Final Monetary Consumption Expenditure,Number,Total,,,,,Apartment,,,,,7443.0
2023,Final Monetary Consumption Expenditure,Average Household Monthly Final Monetary Consumption Expenditure,Number,Total,,,,,Traditional house,,,,,7779.0
2023,Final Monetary Consumption Expenditure,Average Household Monthly Final Monetary Consumption Expenditure,Number,Total,,,,,Other,,,,,3070.0
2023,Final Monetary Consumption Expenditure,Average Household Monthly Final Monetary Consumption Expenditure,Number,Saudi,,,,,,Provided for free by private employer,,,,19219.0
2023,Final Monetary Consumption Expenditure,Average Household Monthly Final Monetary Consumption Expenditure,Number,Saudi,,,,,,Total,,,,13536.0
2023,Final Monetary Consumption Expenditure,Average Household Monthly Final Monetary Consumption Expenditure,Number,Non-Saudi,,,,,,Provided for free by private employer,,,,3159.0
2023,Final Monetary Consumption Expenditure,Average Household Monthly Final Monetary Consumption Expenditure,Number,Non-Saudi,,,,,,Total,,,,5188.0
2023,Final Monetary Consumption Expenditure,Average Household Monthly Final Monetary Consumption Expenditure,Number,Total,,,,,,Rented,,,,7959.0
2023,Final Monetary Consumption Expenditure,Average Household Monthly Final Monetary Consumption Expenditure,Number,Total,,,,,,Provided for free by government employer,,,,10976.0
2023,Final Monetary Consumption Expenditure,Average Household Monthly Final Monetary Consumption Expenditure,Number,Total,,,,,,Other,,,,12719.0
2023,Final Monetary Consumption Expenditure,Average Household Monthly Final Monetary Consumption Expenditure,Number,Saudi,,,,,,,Total,,,13536.0
2023,Final Monetary Consumption Expenditure,Average Household Monthly Final Monetary Consumption Expenditure,Number,Non-Saudi,,,,,,,5+,,,9146.0
2023,Final Monetary Consumption Expenditure,Average Per-Capita Monthly Final Monetary Consumption Expenditure,Number,Saudi,,Riyadh,,,,,,,,3968.0
2023,Final Monetary Consumption Expenditure,Average Per-Capita Monthly Final Monetary Consumption Expenditure,Number,Saudi,,Najran,,,,,,,,1762.0
2023,Final Monetary Consumption Expenditure,Average Per-Capita Monthly Final Monetary Consumption Expenditure,Number,Non-Saudi,,Riyadh,,,,,,,,1996.0
2023,Final Monetary Consumption Expenditure,Average Per-Capita Monthly Final Monetary Consumption Expenditure,Number,Non-Saudi,,Qassim,,,,,,,,1288.0
2023,Final Monetary Consumption Expenditure,Average Per-Capita Monthly Final Monetary Consumption Expenditure,Number,Non-Saudi,,Tabuk,,,,,,,,1712.0
2023,Final Monetary Consumption Expenditure,Average Per-Capita Monthly Final Monetary Consumption Expenditure,Number,Non-Saudi,,Al-Baha,,,,,,,,2004.0
2023,Final Monetary Consumption Expenditure,Average Per-Capita Monthly Final Monetary Consumption Expenditure,Number,Total,,Total,,,,,,,,2546.0
2023,Final Monetary Consumption Expenditure,Median Per-Capita Monthly Final Monetary Consumption Expenditure,Number,Saudi,,Jazan,,,,,,,,2607.0
2023,Final Monetary Consumption Expenditure,Median Per-Capita Monthly Final Monetary Consumption Expenditure,Number,Saudi,,Total,,,,,,,,2353.0
2023,Final Monetary Consumption Expenditure,Median Per-Capita Monthly Final Monetary Consumption Expenditure,Number,Non-Saudi,,Riyadh,,,,,,,,1599.0
2023,Final Monetary Consumption Expenditure,Median Per-Capita Monthly Final Monetary Consumption Expenditure,Number,Non-Saudi,,Madinah,,,,,,,,1338.0
2023,Final Monetary Consumption Expenditure,Median Per-Capita Monthly Final Monetary Consumption Expenditure,Number,Non-Saudi,,Tabuk,,,,,,,,1521.0
2023,Final Monetary Consumption Expenditure,Median Per-Capita Monthly Final Monetary Consumption Expenditure,Number,Non-Saudi,,Najran,,,,,,,,1078.0
2023,Final Monetary Consumption Expenditure,Median Per-Capita Monthly Final Monetary Consumption Expenditure,Number,Non-Saudi,,Al-Jouf,,,,,,,,1597.0
2023,Final Monetary Consumption Expenditure,Median Per-Capita Monthly Final Monetary Consumption Expenditure,Number,Non-Saudi,,Total,,,,,,,,1515.0
2023,Final Monetary Consumption Expenditure,Median Per-Capita Monthly Final Monetary Consumption Expenditure,Number,Total,,Qassim,,,,,,,,1579.0
2023,Final Monetary Consumption Expenditure,Median Per-Capita Monthly Final Monetary Consumption Expenditure,Number,Total,,Al-Jouf,,,,,,,,1610.0
2023,Final Monetary Consumption Expenditure,Average Household Monthly Final Monetary Consumption Expenditure,Number,Non-Saudi,,,,,,,,,"Furnishings, household equipment and routine household maintenance",172.8
2023,Final Monetary Consumption Expenditure,Average Household Monthly Final Monetary Consumption Expenditure,Number,Non-Saudi,,,,,,,,,Transport,361.4
2023,Final Monetary Consumption Expenditure,Average Household Monthly Final Monetary Consumption Expenditure,Number,Total,,,,,,,,,Food and beverages,2625.2
2023,Final Monetary Consumption Expenditure,Percentage of Household Monthly Final Monetary Consumption Expenditure,Percent,Saudi,,,,,,,,,Tobacco,0.42
2023,Final Monetary Consumption Expenditure,Percentage of Household Monthly Final Monetary Consumption Expenditure,Percent,Saudi,,,,,,,,,"Housing, water, electricity, gas and other fuels",11.12
2023,Final Monetary Consumption Expenditure,Percentage of Household Monthly Final Monetary Consumption Expenditure,Percent,Saudi,,,,,,,,,Restaurants and accommodation services,11.29
2023,Final Monetary Consumption Expenditure,Percentage of Household Monthly Final Monetary Consumption Expenditure,Percent,Non-Saudi,,,,,,,,,Information and communication,5.99
2023,Final Monetary Consumption Expenditure,Percentage of Household Monthly Final Monetary Consumption Expenditure,Percent,Non-Saudi,,,,,,,,,"Personal care, social protection and miscellaneous goods and services",6.22
2023,Final Monetary Consumption Expenditure,Percentage of Household Monthly Final Monetary Consumption Expenditure,Percent,Total,,,,,,,,,Clothing and footwear,9.56
2023,Final Monetary Consumption Expenditure,Percentage of Household Monthly Final Monetary Consumption Expenditure,Percent,Total,,,,,,,,,Transport,10.489999999999998
2023,Final Monetary Consumption Expenditure,Percentage of Household Monthly Final Monetary Consumption Expenditure,Percent,Total,,,,,,,,,"Personal care, social protection and miscellaneous goods and services",5.63
2023,Final Monetary Consumption Expenditure,Average Household Monthly Final Monetary Consumption Expenditure,Number,Total,,Riyadh,,,,,,,"Housing, water, electricity, gas and other fuels",1359.997525
2023,Final Monetary Consumption Expenditure,Average Household Monthly Final Monetary Consumption Expenditure,Number,Total,,Riyadh,,,,,,,Health,190.745271
2023,Final Monetary Consumption Expenditure,Average Household Monthly Final Monetary Consumption Expenditure,Number,Total,,Makkah,,,,,,,Food and beverages,2440.324351
2023,Final Monetary Consumption Expenditure,Average Household Monthly Final Monetary Consumption Expenditure,Number,Total,,Makkah,,,,,,,Health,136.493179
2023,Final Monetary Consumption Expenditure,Average Household Monthly Final Monetary Consumption Expenditure,Number,Total,,Makkah,,,,,,,Transport,690.981039
2023,Final Monetary Consumption Expenditure,Average Household Monthly Final Monetary Consumption Expenditure,Number,Total,,Madinah,,,,,,,Transport,735.011218
2023,Final Monetary Consumption Expenditure,Average Household Monthly Final Monetary Consumption Expenditure,Number,Total,,Madinah,,,,,,,Information and communication,419.510099
2023,Final Monetary Consumption Expenditure,Average Household Monthly Final Monetary Consumption Expenditure,Number,Total,,Madinah,,,,,,,Insurance and financial services,61.379032
2023,Final Monetary Consumption Expenditure,Average Household Monthly Final Monetary Consumption Expenditure,Number,Total,,Qassim,,,,,,,Clothing and footwear,709.060299
2023,Final Monetary Consumption Expenditure,Average Household Monthly Final Monetary Consumption Expenditure,Number,Total,,Qassim,,,,,,,"Furnishings, household equipment and routine household maintenance",484.338135
2023,Final Monetary Consumption Expenditure,Average Household Monthly Final Monetary Consumption Expenditure,Number,Total,,Qassim,,,,,,,Health,193.758476
2023,Final Monetary Consumption Expenditure,Average Household Monthly Final Monetary Consumption Expenditure,Number,Total,,Qassim,,,,,,,Restaurants and accommodation services,664.991883
2023,Final Monetary Consumption Expenditure,Average Household Monthly Final Monetary Consumption Expenditure,Number,Total,,Eastern Province,,,,,,,"Furnishings, household equipment and routine household maintenance",771.614312
2023,Final Monetary Consumption Expenditure,Average Household Monthly Final Monetary Consumption Expenditure,Number,Total,,Eastern Province,,,,,,,Transport,1063.191881
2023,Final Monetary Consumption Expenditure,Average Household Monthly Final Monetary Consumption Expenditure,Number,Total,,Eastern Province,,,,,,,Insurance and financial services,110.009752
2023,Final Monetary Consumption Expenditure,Average Household Monthly Final Monetary Consumption Expenditure,Number,Total,,Asir,,,,,,,Education services,38.585345
2023,Final Monetary Consumption Expenditure,Average Household Monthly Final Monetary Consumption Expenditure,Number,Total,,Tabuk,,,,,,,Food and beverages,3073.482389
2023,Final Monetary Consumption Expenditure,Average Household Monthly Final Monetary Consumption Expenditure,Number,Total,,Tabuk,,,,,,,"Housing, water, electricity, gas and other fuels",1113.010321
2023,Final Monetary Consumption Expenditure,Average Household Monthly Final Monetary Consumption Expenditure,Number,Total,,Tabuk,,,,,,,Health,158.612314
2023,Final Monetary Consumption Expenditure,Average Household Monthly Final Monetary Consumption Expenditure,Number,Total,,Tabuk,,,,,,,"Recreation, sport and culture",169.574569
2023,Final Monetary Consumption Expenditure,Average Household Monthly Final Monetary Consumption Expenditure,Number,Total,,Hail,,,,,,,Insurance and financial services,73.402714
2023,Final Monetary Consumption Expenditure,Average Household Monthly Final Monetary Consumption Expenditure,Number,Total,,Northern Border,,,,,,,Transport,1012.512452
2023,Final Monetary Consumption Expenditure,Average Household Monthly Final Monetary Consumption Expenditure,Number,Total,,Northern Border,,,,,,,Restaurants and accommodation services,951.857693
2023,Final Monetary Consumption Expenditure,Average Household Monthly Final Monetary Consumption Expenditure,Number,Total,,Jazan,,,,,,,Food and beverages,3939.030649
2023,Final Monetary Consumption Expenditure,Average Household Monthly Final Monetary Consumption Expenditure,Number,Total,,Jazan,,,,,,,"Recreation, sport and culture",530.558898
2023,Final Monetary Consumption Expenditure,Average Household Monthly Final Monetary Consumption Expenditure,Number,Total,,Najran,,,,,,,Restaurants and accommodation services,590.740218
2023,Final Monetary Consumption Expenditure,Average Household Monthly Final Monetary Consumption Expenditure,Number,Total,,Najran,,,,,,,Insurance and financial services,102.815434
2023,Final Monetary Consumption Expenditure,Average Household Monthly Final Monetary Consumption Expenditure,Number,Total,,Al-Baha,,,,,,,Tobacco,74.020875
2023,Final Monetary Consumption Expenditure,Average Household Monthly Final Monetary Consumption Expenditure,Number,Total,,Al-Baha,,,,,,,Clothing and footwear,997.634537
2023,Final Monetary Consumption Expenditure,Average Household Monthly Final Monetary Consumption Expenditure,Number,Total,,Al-Baha,,,,,,,"Personal care, social protection and miscellaneous goods and services",462.778481
2023,Final Monetary Consumption Expenditure,Average Household Monthly Final Monetary Consumption Expenditure,Number,Total,,Al-Jouf,,,,,,,Information and communication,406.185767
2023,Final Monetary Consumption Expenditure,Percentage of Household Monthly Final Monetary Consumption Expenditure,Percent,Total,,Riyadh,,,,,,,"Recreation, sport and culture",3.62
2023,Final Monetary Consumption Expenditure,Percentage of Household Monthly Final Monetary Consumption Expenditure,Percent,Total,,Makkah,,,,,,,Tobacco,0.88
2023,Final Monetary Consumption Expenditure,Percentage of Household Monthly Final Monetary Consumption Expenditure,Percent,Total,,Madinah,,,,,,,Tobacco,0.88
2023,Final Monetary Consumption Expenditure,Percentage of Household Monthly Final Monetary Consumption Expenditure,Percent,Total,,Madinah,,,,,,,Clothing and footwear,9.19
2023,Final Monetary Consumption Expenditure,Percentage of Household Monthly Final Monetary Consumption Expenditure,Percent,Total,,Madinah,,,,,,,"Furnishings, household equipment and routine household maintenance",4.99
2023,Final Monetary Consumption Expenditure,Percentage of Household Monthly Final Monetary Consumption Expenditure,Percent,Total,,Qassim,,,,,,,Information and communication,5.99
2023,Final Monetary Consumption Expenditure,Percentage of Household Monthly Final Monetary Consumption Expenditure,Percent,Total,,Eastern Province,,,,,,,Tobacco,0.8
2023,Final Monetary Consumption Expenditure,Percentage of Household Monthly Final Monetary Consumption Expenditure,Percent,Total,,Eastern Province,,,,,,,Health,1.79
2023,Final Monetary Consumption Expenditure,Percentage of Household Monthly Final Monetary Consumption Expenditure,Percent,Total,,Eastern Province,,,,,,,Restaurants and accommodation services,12.370000000000001
2023,Final Monetary Consumption Expenditure,Percentage of Household Monthly Final Monetary Consumption Expenditure,Percent,Total,,Eastern Province,,,,,,,Insurance and financial services,1.09
2023,Final Monetary Consumption Expenditure,Percentage of Household Monthly Final Monetary Consumption Expenditure,Percent,Total,,Asir,,,,,,,"Housing, water, electricity, gas and other fuels",11.78
2023,Final Monetary Consumption Expenditure,Percentage of Household Monthly Final Monetary Consumption Expenditure,Percent,Total,,Asir,,,,,,,"Furnishings, household equipment and routine household maintenance",6.260000000000001
2023,Final Monetary Consumption Expenditure,Percentage of Household Monthly Final Monetary Consumption Expenditure,Percent,Total,,Asir,,,,,,,Information and communication,5.96
2023,Final Monetary Consumption Expenditure,Percentage of Household Monthly Final Monetary Consumption Expenditure,Percent,Total,,Tabuk,,,,,,,Clothing and footwear,10.38
2023,Final Monetary Consumption Expenditure,Percentage of Household Monthly Final Monetary Consumption Expenditure,Percent,Total,,Tabuk,,,,,,,Education services,0.44999999999999996
2023,Final Monetary Consumption Expenditure,Percentage of Household Monthly Final Monetary Consumption Expenditure,Percent,Total,,Tabuk,,,,,,,"Personal care, social protection and miscellaneous goods and services",4.89
2023,Final Monetary Consumption Expenditure,Percentage of Household Monthly Final Monetary Consumption Expenditure,Percent,Total,,Hail,,,,,,,Information and communication,5.52
2023,Final Monetary Consumption Expenditure,Percentage of Household Monthly Final Monetary Consumption Expenditure,Percent,Total,,Hail,,,,,,,Restaurants and accommodation services,8.88
2023,Final Monetary Consumption Expenditure,Percentage of Household Monthly Final Monetary Consumption Expenditure,Percent,Total,,Northern Border,,,,,,,Clothing and footwear,9.62
2023,Final Monetary Consumption Expenditure,Percentage of Household Monthly Final Monetary Consumption Expenditure,Percent,Total,,Northern Border,,,,,,,"Housing, water, electricity, gas and other fuels",12.83
2023,Final Monetary Consumption Expenditure,Percentage of Household Monthly Final Monetary Consumption Expenditure,Percent,Total,,Northern Border,,,,,,,Education services,0.63
2023,Final Monetary Consumption Expenditure,Percentage of Household Monthly Final Monetary Consumption Expenditure,Percent,Total,,Jazan,,,,,,,"Housing, water, electricity, gas and other fuels",10.68
2023,Final Monetary Consumption Expenditure,Percentage of Household Monthly Final Monetary Consumption Expenditure,Percent,Total,,Jazan,,,,,,,Insurance and financial services,0.63
2023,Final Monetary Consumption Expenditure,Percentage of Household Monthly Final Monetary Consumption Expenditure,Percent,Total,,Najran,,,,,,,Food and beverages,43.5
2023,Final Monetary Consumption Expenditure,Percentage of Household Monthly Final Monetary Consumption Expenditure,Percent,Total,,Najran,,,,,,,"Housing, water, electricity, gas and other fuels",13.020000000000001
2023,Final Monetary Consumption Expenditure,Percentage of Household Monthly Final Monetary Consumption Expenditure,Percent,Total,,Najran,,,,,,,Transport,8.959999999999999
2023,Final Monetary Consumption Expenditure,Percentage of Household Monthly Final Monetary Consumption Expenditure,Percent,Total,,Al-Baha,,,,,,,Information and communication,4.390000000000001
2023,Final Monetary Consumption Expenditure,Percentage of Household Monthly Final Monetary Consumption Expenditure,Percent,Total,,Al-Baha,,,,,,,Restaurants and accommodation services,10.280000000000001
2023,Final Monetary Consumption Expenditure,Percentage of Household Monthly Final Monetary Consumption Expenditure,Percent,Total,,Al-Baha,,,,,,,Insurance and financial services,0.73
2023,Final Monetary Consumption Expenditure,Percentage of Household Monthly Final Monetary Consumption Expenditure,Percent,Total,,Al-Jouf,,,,,,,Health,1.4500000000000002
2023,Final Monetary Consumption Expenditure,Percentage of Household Monthly Final Monetary Consumption Expenditure,Percent,Total,,Al-Jouf,,,,,,,"Personal care, social protection and miscellaneous goods and services",4.35
2023,Final Monetary Consumption Expenditure,Average Household Monthly Final Monetary Consumption Expenditure for Houshold,Number,Saudi,,,,,,,,,"Furnishings, household equipment and routine household maintenance",1125.6
2023,Final Monetary Consumption Expenditure,Average Household Monthly Final Monetary Consumption Expenditure for Houshold,Number,Saudi,,,,,,,,,Health,265.0
2023,Final Monetary Consumption Expenditure,Average Household Monthly Final Monetary Consumption Expenditure for Houshold,Number,Saudi,,,,,,,,,Restaurants and accommodation services,1528.7
2023,Final Monetary Consumption Expenditure,Average Household Monthly Final Monetary Consumption Expenditure for Houshold,Number,Non-Saudi,,,,,,,,,Information and communication,310.6
2023,Final Monetary Consumption Expenditure,Average Household Monthly Final Monetary Consumption Expenditure for Houshold,Number,Non-Saudi,,,,,,,,,Insurance and financial services,78.0
2023,Final Monetary Consumption Expenditure,Average Household Monthly Final Monetary Consumption Expenditure for Houshold,Number,Total,,,,,,,,,Food and beverages,2625.2
2023,Final Monetary Consumption Expenditure,Average Household Monthly Final Monetary Consumption Expenditure for Houshold,Number,Total,,,,,,,,,"Furnishings, household equipment and routine household maintenance",656.5
2023,Final Monetary Consumption Expenditure,Average Household Monthly Final Monetary Consumption Expenditure for Houshold,Number,Total,,,,,,,,,Education services,120.9
2023,Final Monetary Consumption Expenditure,Average Household Monthly Final Monetary Consumption Expenditure for Houshold,Number,Total,,,,,,,,,"Personal care, social protection and miscellaneous goods and services",530.4
2023,Final Monetary Consumption Expenditure,Percentage of Household Monthly Final Monetary Consumption Expenditure for Houshold,Percent,Saudi,,,,,,,,,Food and beverages,27.639999999999997
2023,Final Monetary Consumption Expenditure,Percentage of Household Monthly Final Monetary Consumption Expenditure for Houshold,Percent,Saudi,,,,,,,,,Clothing and footwear,10.59
2023,Final Monetary Consumption Expenditure,Percentage of Household Monthly Final Monetary Consumption Expenditure for Houshold,Percent,Saudi,,,,,,,,,Restaurants and accommodation services,11.29
2023,Final Monetary Consumption Expenditure,Percentage of Household Monthly Final Monetary Consumption Expenditure for Houshold,Percent,Saudi,,,,,,,,,"Personal care, social protection and miscellaneous goods and services",5.41
2023,Final Monetary Consumption Expenditure,Percentage of Household Monthly Final Monetary Consumption Expenditure for Houshold,Percent,Non-Saudi,,,,,,,,,"Housing, water, electricity, gas and other fuels",22.25
2023,Final Monetary Consumption Expenditure,Percentage of Household Monthly Final Monetary Consumption Expenditure for Houshold,Percent,Non-Saudi,,,,,,,,,Health,1.6500000000000001
2023,Final Monetary Consumption Expenditure,Percentage of Household Monthly Final Monetary Consumption Expenditure for Houshold,Percent,Non-Saudi,,,,,,,,,Restaurants and accommodation services,12.659999999999998
2023,Final Monetary Consumption Expenditure,Percentage of Household Monthly Final Monetary Consumption Expenditure for Houshold,Percent,Total,,,,,,,,,Tobacco,0.75
2023,Final Monetary Consumption Expenditure,Percentage of Household Monthly Final Monetary Consumption Expenditure for Houshold,Percent,Total,,,,,,,,,Insurance and financial services,1.0699999999999998
2023,Final Monetary Consumption Expenditure,Average Household Monthly Final Monetary Consumption Expenditure for Individual,Number,Saudi,,,,,,,,,Clothing and footwear,316.1
2023,Final Monetary Consumption Expenditure,Average Household Monthly Final Monetary Consumption Expenditure for Individual,Number,Saudi,,,,,,,,,"Housing, water, electricity, gas and other fuels",331.7
2023,Final Monetary Consumption Expenditure,Average Household Monthly Final Monetary Consumption Expenditure for Individual,Number,Non-Saudi,,,,,,,,,Education services,21.8
2023,Final Monetary Consumption Expenditure,Average Household Monthly Final Monetary Consumption Expenditure for Individual,Number,Non-Saudi,,,,,,,,,Insurance and financial services,27.4
2023,Final Monetary Consumption Expenditure,Average Household Monthly Final Monetary Consumption Expenditure for Individual,Number,Total,,,,,,,,,Food and beverages,708.984
2023,Final Monetary Consumption Expenditure,Average Household Monthly Final Monetary Consumption Expenditure for Individual,Number,Total,,,,,,,,,Transport,267.14
2023,Final Monetary Consumption Expenditure,Average Household Monthly Final Monetary Consumption Expenditure for Individual,Number,Total,,,,,,,,,Education services,32.6482
2023,Final Monetary Consumption Expenditure,Average Household Monthly Final Monetary Consumption Expenditure for Individual,Number,Total,,,,,,,,,Restaurants and accommodation services,296.942
2023,Final Monetary Consumption Expenditure,Percentage of Household Monthly Final Monetary Consumption Expenditure for Individual,Percent,Saudi,,,,,,,,,Food and beverages,27.639999999999997
2023,Final Monetary Consumption Expenditure,Percentage of Household Monthly Final Monetary Consumption Expenditure for Individual,Percent,Saudi,,,,,,,,,"Housing, water, electricity, gas and other fuels",11.12
2023,Final Monetary Consumption Expenditure,Percentage of Household Monthly Final Monetary Consumption Expenditure for Individual,Percent,Saudi,,,,,,,,,Information and communication,4.82
2023,Final Monetary Consumption Expenditure,Percentage of Household Monthly Final Monetary Consumption Expenditure for Individual,Percent,Saudi,,,,,,,,,"Recreation, sport and culture",4.390000000000001
2023,Final Monetary Consumption Expenditure,Percentage of Household Monthly Final Monetary Consumption Expenditure for Individual,Percent,Non-Saudi,,,,,,,,,Food and beverages,28.42
2023,Final Monetary Consumption Expenditure,Percentage of Household Monthly Final Monetary Consumption Expenditure for Individual,Percent,Non-Saudi,,,,,,,,,"Furnishings, household equipment and routine household maintenance",3.3300000000000005
2023,Final Monetary Consumption Expenditure,Percentage of Household Monthly Final Monetary Consumption Expenditure for Individual,Percent,Total,,,,,,,,,Health,1.87
2023,Disposable income,Average Household Monthly Disposable Income,Number,Non-Saudi,,,,,,,,,,5428.0
2023,Disposable income,Average Household Monthly Disposable Income,Number,Total,,,,,,,,,,11839.0
2023,Disposable income,Median Per-capita Monthly Disposable Income,Number,Total,,,,,,,,,,2220.0
2023,Consumption Expenditure,Average Household Monthly Consumption Expenditure,Number,Saudi,,,,,,,,,,16028.0
2023,Consumption Expenditure,Median Household Monthly Consumption Expenditure,Number,Total,,,,,,,,,,7654.0
2023,Consumption Expenditure,Average Monthly Consumption Expenditure Per-capita,Number,Saudi,,,,,,,,,,3533.0
2023,Final Monetary Consumption Expenditure,Average Household Monthly Final Monetary Consumption Expenditure,Number,Total,,,,,,,,,,9426.0
2023,Final Monetary Consumption Expenditure,Median Household Monthly Final Monetary Consumption Expenditure,Number,Saudi,,,,,,,,,,10659.0
2023,Final Monetary Consumption Expenditure,Average Monthly Final Monetary Consumption Expenditure Per-capita,Number,Saudi,,,,,,,,,,2984.0
2023,Final Monetary Consumption Expenditure,Average Monthly Final Monetary Consumption Expenditure Per-capita,Number,Total,,,,,,,,,,2546.0
2023,Disposable income,Average Household Monthly Disposable Income,Number,Saudi,,Riyadh,,,,,,,,25995.0
2023,Disposable income,Average Household Monthly Disposable Income,Number,Saudi,,Makkah,,,,,,,,15577.0
2023,Disposable income,Average Household Monthly Disposable Income,Number,Saudi,,Al-Baha,,,,,,,,14471.0
2023,Disposable income,Average Household Monthly Disposable Income,Number,Non-Saudi,,Qassim,,,,,,,,3902.0
2023,Disposable income,Average Household Monthly Disposable Income,Number,Non-Saudi,,Al-Baha,,,,,,,,4806.0
2023,Disposable income,Average Household Monthly Disposable Income,Number,Total,,Najran,,,,,,,,7969.0
2023,Disposable income,Average Household Monthly Disposable Income,Number,Total,,Total,,,,,,,,11839.0
2023,Disposable income,Median Household Monthly Disposable Income,Number,Saudi,,Madinah,,,,,,,,10493.0
2023,Disposable income,Median Household Monthly Disposable Income,Number,Saudi,,Qassim,,,,,,,,11532.0
2023,Disposable income,Median Household Monthly Disposable Income,Number,Saudi,,Eastern Province,,,,,,,,14909.0
2023,Disposable income,Median Household Monthly Disposable Income,Number,Saudi,,Northern Border,,,,,,,,13700.0
2023,Disposable income,Median Household Monthly Disposable Income,Number,Non-Saudi,,Makkah,,,,,,,,3914.0
2023,Disposable income,Median Household Monthly Disposable Income,Number,Non-Saudi,,Asir,,,,,,,,2500.0
2023,Disposable income,Median Household Monthly Disposable Income,Number,Total,,Asir,,,,,,,,7793.0
2023,Disposable income,Median Household Monthly Disposable Income,Number,Total,,Najran,,,,,,,,5332.0
2023,Disposable income,Average Household Monthly Disposable Income,Number,Saudi,20 - 24,,,,,,,,,8461.0
2023,Disposable income,Average Household Monthly Disposable Income,Number,Saudi,25 - 29,,,,,,,,,10997.0
2023,Disposable income,Average Household Monthly Disposable Income,Number,Saudi,50 - 54,,,,,,,,,23691.0
2023,Disposable income,Average Household Monthly Disposable Income,Number,Saudi,Total,,,,,,,,,18056.0
2023,Disposable income,Average Household Monthly Disposable Income,Number,Non-Saudi,50 - 54,,,,,,,,,5731.0
2023,Disposable income,Average Household Monthly Disposable Income,Number,Non-Saudi,Total,,,,,,,,,5428.0
2023,Disposable income,Average Household Monthly Disposable Income,Number,Total,25 - 29,,,,,,,,,7522.0
2023,Disposable income,Average Household Monthly Disposable Income,Number,Total,40 - 44,,,,,,,,,11201.0
2023,Disposable income,Average Household Monthly Disposable Income,Number,Total,55 - 59,,,,,,,,,17512.0
2023,Disposable income,Average Household Monthly Disposable Income,Number,Total,65+,,,,,,,,,14866.0
2023,Disposable income,Average Household Monthly Disposable Income,Number,Non-Saudi,,,No schooling,,,,,,,3422.0
2023,Disposable income,Average Household Monthly Disposable Income,Number,Non-Saudi,,,Primary education,,,,,,,3494.0
2023,Disposable income,Average Household Monthly Disposable Income,Number,Non-Saudi,,,Master’s or equivalent level,,,,,,,17729.0
2023,Disposable income,Average Household Monthly Disposable Income,Number,Non-Saudi,,,Total,,,,,,,5428.0
2023,Disposable income,Average Household Monthly Disposable Income,Number,Total,,,Short-cycle tertiary education,,,,,,,12122.0
2023,Disposable income,Average Household Monthly Disposable Income,Number,Saudi,,,,Never Married,,,,,,10391.0
2023,Disposable income,Average Household Monthly Disposable Income,Number,Total,,,,Total,,,,,,11839.0
2023,Disposable income,Average Household Monthly Disposable Income,Number,Total,,,,,Storey in traditional house,,,,,6494.0
2023,Disposable income,Average Household Monthly Disposable Income,Number,Total,,,,,Other,,,,,3249.0
2023,Disposable income,Average Household Monthly Disposable Income,Number,Saudi,,,,,,Owned with mortgage or loan,,,,22023.0
2023,Disposable income,Average Household Monthly Disposable Income,Number,Saudi,,,,,,Provided for free by a household  member,,,,11766.0
2023,Disposable income,Average Household Monthly Disposable Income,Number,Non-Saudi,,,,,,Owned without mortgage or loan,,,,12315.0
2023,Disposable income,Average Household Monthly Disposable Income,Number,Non-Saudi,,,,,,Provided for free by charities,,,,3885.0
2023,Disposable income,Average Household Monthly Disposable Income,Number,Non-Saudi,,,,,,Other,,,,5919.0
2023,Disposable income,Average Household Monthly Disposable Income,Number,Total,,,,,,Owned without mortgage or loan,,,,21149.0
2023,Disposable income,Average Household Monthly Disposable Income,Number,Total,,,,,,Other,,,,8801.0
2023,Disposable income,Average Household Monthly Disposable Income,Number,Total,,,,,,Total,,,,11839.0
2023,Disposable income,Average Household Monthly Disposable Income,Number,Saudi,,,,,,,Total,,,18056.0
2023,Disposable income,Percentage of Household Monthly Disposable Income,Percent,Saudi,,,,,,,,Labor,,58.69
2023,Disposable income,Percentage of Household Monthly Disposable Income,Percent,Saudi,,,,,,,,Property,,1.16
2023,Disposable income,Percentage of Household Monthly Disposable Income,Percent,Total,,,,,,,,Transfer in,,14.35
2023,Disposable income,Average Per-Capita Monthly Disposable Income,Number,Saudi,,Northern Border,,,,,,,,2945.0
2023,Disposable income,Average Per-Capita Monthly Disposable Income,Number,Saudi,,Total,,,,,,,,3977.0
2023,Disposable income,Average Per-Capita Monthly Disposable Income,Number,Non-Saudi,,Al-Baha,,,,,,,,2052.0
2023,Disposable income,Average Per-Capita Monthly Disposable Income,Number,Total,,Tabuk,,,,,,,,2687.0
2023,Disposable income,Average Per-Capita Monthly Disposable Income,Number,Total,,Hail,,,,,,,,2366.0
2023,Disposable income,Average Per-Capita Monthly Disposable Income,Number,Total,,Northern Border,,,,,,,,2647.0
2023,Disposable income,Median Per-Capita Monthly Disposable Income,Number,Saudi,,Qassim,,,,,,,,2428.0
2023,Disposable income,Median Per-Capita Monthly Disposable Income,Number,Non-Saudi,,Riyadh,,,,,,,,1688.0
2023,Disposable income,Median Per-Capita Monthly Disposable Income,Number,Non-Saudi,,Madinah,,,,,,,,1316.0
2023,Disposable income,Median Per-Capita Monthly Disposable Income,Number,Total,,Qassim,,,,,,,,1939.0
2023,Disposable income,Percentage of Per-Capita Monthly Disposable Income,Percent,Non-Saudi,,,,,,,,Labor,,77.907
2023,Disposable income,Percentage of Per-Capita Monthly Disposable Income,Percent,Non-Saudi,,,,,,,,Imputed Rent,,4.079
2023,Consumption Expenditure,Average Household Monthly Consumption Expenditure,Number,Saudi,,Tabuk,,,,,,,,12403.0
2023,Consumption Expenditure,Average Household Monthly Consumption Expenditure,Number,Saudi,,Hail,,,,,,,,11891.0
2023,Consumption Expenditure,Average Household Monthly Consumption Expenditure,Number,Saudi,,Najran,,,,,,,,10857.0
2023,Consumption Expenditure,Average Household Monthly Consumption Expenditure,Number,Non-Saudi,,Madinah,,,,,,,,5200.0
2023,Consumption Expenditure,Average Household Monthly Consumption Expenditure,Number,Non-Saudi,,Qassim,,,,,,,,4175.0
2023,Consumption Expenditure,Average Household Monthly Consumption Expenditure,Number,Non-Saudi,,Al-Baha,,,,,,,,4826.0
2023,Consumption Expenditure,Average Household Monthly Consumption Expenditure,Number,Total,,Al-Baha,,,,,,,,11346.0
2023,Consumption Expenditure,Median Household Monthly Consumption Expenditure,Number,Saudi,,Makkah,,,,,,,,11154.0
2023,Consumption Expenditure,Median Household Monthly Consumption Expenditure,Number,Saudi,,Madinah,,,,,,,,10689.0
2023,Consumption Expenditure,Median Household Monthly Consumption Expenditure,Number,Saudi,,Eastern Province,,,,,,,,14545.0
2023,Consumption Expenditure,Median Household Monthly Consumption Expenditure,Number,Saudi,,Tabuk,,,,,,,,10875.0
2023,Consumption Expenditure,Median Household Monthly Consumption Expenditure,Number,Saudi,,Al-Jouf,,,,,,,,10830.0
2023,Consumption Expenditure,Median Household Monthly Consumption Expenditure,Number,Non-Saudi,,Eastern Province,,,,,,,,4267.0
2023,Consumption Expenditure,Median Household Monthly Consumption Expenditure,Number,Non-Saudi,,Jazan,,,,,,,,5183.0
2023,Consumption Expenditure,Median Household Monthly Consumption Expenditure,Number,Total,,Asir,,,,,,,,7464.0
2023,Consumption Expenditure,Median Household Monthly Consumption Expenditure,Number,Total,,Al-Baha,,,,,,,,9393.0
2023,Consumption Expenditure,Median Household Monthly Consumption Expenditure,Number,Total,,Al-Jouf,,,,,,,,8325.0
2023,Consumption Expenditure,Average Household Monthly Consumption Expenditure,Number,Saudi,55 - 59,,,,,,,,,21689.0
2023,Consumption Expenditure,Average Household Monthly Consumption Expenditure,Number,Saudi,60 - 64,,,,,,,,,19378.0
2023,Consumption Expenditure,Average Household Monthly Consumption Expenditure,Number,Total,35 - 39,,,,,,,,,9674.0
2023,Consumption Expenditure,Average Household Monthly Consumption Expenditure,Number,Saudi,,,Post-secondary non-tertiary education,,,,,,,14633.0
2023,Consumption Expenditure,Average Household Monthly Consumption Expenditure,Number,Saudi,,,Bachelor’s or equivalent level,,,,,,,18060.0
2023,Consumption Expenditure,Average Household Monthly Consumption Expenditure,Number,Saudi,,,Higher diploma,,,,,,,19979.0
2023,Consumption Expenditure,Average Household Monthly Consumption Expenditure,Number,Saudi,,,Master’s or equivalent level,,,,,,,27148.0
2023,Consumption Expenditure,Average Household Monthly Consumption Expenditure,Number,Non-Saudi,,,Post-secondary non-tertiary education,,,,,,,6036.0
2023,Consumption Expenditure,Average Household Monthly Consumption Expenditure,Number,Non-Saudi,,,Bachelor’s or equivalent level,,,,,,,7986.0
2023,Consumption Expenditure,Average Household Monthly Consumption Expenditure,Number,Non-Saudi,,,Higher diploma,,,,,,,8315.0
2023,Consumption Expenditure,Average Household Monthly Consumption Expenditure,Number,Non-Saudi,,,Total,,,,,,,5574.0
2023,Consumption Expenditure,Average Household Monthly Consumption Expenditure,Number,Total,,,Doctoral or equivalent level,,,,,,,21793.0
2023,Consumption Expenditure,Average Household Monthly Consumption Expenditure,Number,Saudi,,,,Married,,,,,,17519.0
2023,Consumption Expenditure,Average Household Monthly Consumption Expenditure,Number,Saudi,,,,Total,,,,,,16028.0
2023,Consumption Expenditure,Average Household Monthly Consumption Expenditure,Number,Saudi,,,,,Storey in Villa,,,,,15462.0
2023,Consumption Expenditure,Average Household Monthly Consumption Expenditure,Number,Saudi,,,,,Apartment,,,,,11992.0
2023,Consumption Expenditure,Average Household Monthly Consumption Expenditure,Number,Non-Saudi,,,,,Villa,,,,,18774.0
2023,Consumption Expenditure,Average Household Monthly Consumption Expenditure,Number,Total,,,,,Apartment,,,,,8003.0
2023,Consumption Expenditure,Average Household Monthly Consumption Expenditure,Number,Total,,,,,Other,,,,,3362.0
2023,Consumption Expenditure,Average Household Monthly Consumption Expenditure,Number,Saudi,,,,,,Owned without mortgage or loan,,,,18882.0
2023,Consumption Expenditure,Average Household Monthly Consumption Expenditure,Number,Saudi,,,,,,Rented,,,,12006.0
2023,Consumption Expenditure,Average Household Monthly Consumption Expenditure,Number,Saudi,,,,,,Total,,,,16028.0
2023,Consumption Expenditure,Average Household Monthly Consumption Expenditure,Number,Non-Saudi,,,,,,Provided for free by private employer,,,,4165.0
2023,Consumption Expenditure,Average Household Monthly Consumption Expenditure,Number,Non-Saudi,,,,,,Provided for free by philanthropist,,,,6531.0
2023,Consumption Expenditure,Average Household Monthly Consumption Expenditure,Number,Total,,,,,,Owned without mortgage or loan,,,,18694.0
2023,Consumption Expenditure,Average Household Monthly Consumption Expenditure,Number,Non-Saudi,,,,,,,1-2,,,3925.0
2023,Consumption Expenditure,Average Household Monthly Consumption Expenditure,Number,Non-Saudi,,,,,,,3-4,,,6257.0
2023,Consumption Expenditure,Average Household Monthly Consumption Expenditure,Number,Total,,,,,,,3-4,,,10316.0
2023,Consumption Expenditure,Average Per-Capita Monthly Consumption Expenditure,Number,Saudi,,Makkah,,,,,,,,3019.0
2023,Consumption Expenditure,Average Per-Capita Monthly Consumption Expenditure,Number,Saudi,,Al-Baha,,,,,,,,3211.0
2023,Consumption Expenditure,Average Per-Capita Monthly Consumption Expenditure,Number,Non-Saudi,,Qassim,,,,,,,,1452.0
2023,Consumption Expenditure,Average Per-Capita Monthly Consumption Expenditure,Number,Non-Saudi,,Northern Border,,,,,,,,1695.0
2023,Consumption Expenditure,Average Per-Capita Monthly Consumption Expenditure,Number,Non-Saudi,,Total,,,,,,,,1961.0
2023,Consumption Expenditure,Average Per-Capita Monthly Consumption Expenditure,Number,Total,,Tabuk,,,,,,,,2348.0
2023,Consumption Expenditure,Median Per-Capita Monthly Consumption Expenditure,Number,Saudi,,Jazan,,,,,,,,2922.0
2023,Consumption Expenditure,Median Per-Capita Monthly Consumption Expenditure,Number,Non-Saudi,,Qassim,,,,,,,,1199.0
2023,Consumption Expenditure,Median Per-Capita Monthly Consumption Expenditure,Number,Total,,Riyadh,,,,,,,,2820.0
2023,Consumption Expenditure,Median Per-Capita Monthly Consumption Expenditure,Number,Total,,Madinah,,,,,,,,1954.0
2023,Consumption Expenditure,Median Per-Capita Monthly Consumption Expenditure,Number,Total,,Najran,,,,,,,,1667.0
2023,Final Monetary Consumption Expenditure,Average Household Monthly Final Monetary Consumption Expenditure,Number,Saudi,,Jazan,,,,,,,,15809.05592231364
2023,Final Monetary Consumption Expenditure,Average Household Monthly Final Monetary Consumption Expenditure,Number,Saudi,,Al-Baha,,,,,,,,13987.39925314413
2023,Final Monetary Consumption Expenditure,Average Household Monthly Final Monetary Consumption Expenditure,Number,Saudi,,Total,,,,,,,,13535.680136
2023,Final Monetary Consumption Expenditure,Average Household Monthly Final Monetary Consumption Expenditure,Number,Non-Saudi,,Total,,,,,,,,5187.59357
2023,Final Monetary Consumption Expenditure,Median Household Monthly Final Monetary Consumption Expenditure,Number,Saudi,,Asir,,,,,,,,8874.064130189156
2023,Final Monetary Consumption Expenditure,Median Household Monthly Final Monetary Consumption Expenditure,Number,Saudi,,Jazan,,,,,,,,13192.81117957443
2023,Final Monetary Consumption Expenditure,Median Household Monthly Final Monetary Consumption Expenditure,Number,Saudi,,Total,,,,,,,,10659.087103
2023,Final Monetary Consumption Expenditure,Median Household Monthly Final Monetary Consumption Expenditure,Number,Non-Saudi,,Riyadh,,,,,,,,4236.238017930915
2023,Final Monetary Consumption Expenditure,Median Household Monthly Final Monetary Consumption Expenditure,Number,Total,,Hail,,,,,,,,5299.01882152442
2023,Final Monetary Consumption Expenditure,Average Household Monthly Final Monetary Consumption Expenditure,Number,Saudi,60 - 64,,,,,,,,,14718.0
2023,Final Monetary Consumption Expenditure,Average Household Monthly Final Monetary Consumption Expenditure,Number,Non-Saudi,50 - 54,,,,,,,,,5149.0
2023,Final Monetary Consumption Expenditure,Average Household Monthly Final Monetary Consumption Expenditure,Number,Total,20 - 24,,,,,,,,,5929.0
2023,Final Monetary Consumption Expenditure,Average Household Monthly Final Monetary Consumption Expenditure,Number,Total,25 - 29,,,,,,,,,6580.0
2023,Final Monetary Consumption Expenditure,Average Household Monthly Final Monetary Consumption Expenditure,Number,Total,30 - 34,,,,,,,,,7802.0
2023,Final Monetary Consumption Expenditure,Average Household Monthly Final Monetary Consumption Expenditure,Number,Total,35 - 39,,,,,,,,,8737.0
2023,Final Monetary Consumption Expenditure,Average Household Monthly Final Monetary Consumption Expenditure,Number,Total,40 - 44,,,,,,,,,9377.0
2023,Final Monetary Consumption Expenditure,Average Household Monthly Final Monetary Consumption Expenditure,Number,Total,45 - 49,,,,,,,,,10458.0
2023,Final Monetary Consumption Expenditure,Average Household Monthly Final Monetary Consumption Expenditure,Number,Total,50 - 54,,,,,,,,,10888.0
2023,Final Monetary Consumption Expenditure,Average Household Monthly Final Monetary Consumption Expenditure,Number,Total,Total,,,,,,,,,9426.0
2023,Final Monetary Consumption Expenditure,Average Household Monthly Final Monetary Consumption Expenditure,Number,Saudi,,,Early childhood education,,,,,,,10144.0
2023,Final Monetary Consumption Expenditure,Average Household Monthly Final Monetary Consumption Expenditure,Number,Saudi,,,Short-cycle tertiary education,,,,,,,14071.0
2023,Final Monetary Consumption Expenditure,Average Household Monthly Final Monetary Consumption Expenditure,Number,Saudi,,,Master’s or equivalent level,,,,,,,20741.0
2023,Final Monetary Consumption Expenditure,Average Household Monthly Final Monetary Consumption Expenditure,Number,Saudi,,,Total,,,,,,,13536.0
2023,Final Monetary Consumption Expenditure,Average Household Monthly Final Monetary Consumption Expenditure,Number,Total,,,Total,,,,,,,9426.0
2023,Final Monetary Consumption Expenditure,Average Household Monthly Final Monetary Consumption Expenditure,Number,Saudi,,,,Total,,,,,,13536.0
2023,Final Monetary Consumption Expenditure,Average Household Monthly Final Monetary Consumption Expenditure,Number,Non-Saudi,,,,Widowed,,,,,,5801.0
2023,Final Monetary Consumption Expenditure,Average Household Monthly Final Monetary Consumption Expenditure,Number,Total,,,,Divorced,,,,,,9937.0
2023,Final Monetary Consumption Expenditure,Average Household Monthly Final Monetary Consumption Expenditure,Number,Total,,,,,Villa,,,,,18810.0
2023,Final Monetary Consumption Expenditure,Average Household Monthly Final Monetary Consumption Expenditure,Number,Saudi,,,,,,Owned without mortgage or loan,,,,15135.0
2023,Final Monetary Consumption Expenditure,Average Household Monthly Final Monetary Consumption Expenditure,Number,Saudi,,,,,,Rented,,,,11615.0
2023,Final Monetary Consumption Expenditure,Average Household Monthly Final Monetary Consumption Expenditure,Number,Non-Saudi,,,,,,Rented,,,,6051.0
2023,Final Monetary Consumption Expenditure,Average Household Monthly Final Monetary Consumption Expenditure,Number,Total,,,,,,Provided for free by private employer,,,,3288.0
2023,Final Monetary Consumption Expenditure,Average Per-Capita Monthly Final Monetary Consumption Expenditure,Number,Saudi,,Total,,,,,,,,2984.0
2023,Final Monetary Consumption Expenditure,Average Per-Capita Monthly Final Monetary Consumption Expenditure,Number,Non-Saudi,,Eastern Province,,,,,,,,1820.0
2023,Final Monetary Consumption Expenditure,Average Per-Capita Monthly Final Monetary Consumption Expenditure,Number,Non-Saudi,,Jazan,,,,,,,,1984.0
2023,Final Monetary Consumption Expenditure,Average Per-Capita Monthly Final Monetary Consumption Expenditure,Number,Non-Saudi,,Najran,,,,,,,,1210.0
2023,Final Monetary Consumption Expenditure,Average Per-Capita Monthly Final Monetary Consumption Expenditure,Number,Non-Saudi,,Al-Jouf,,,,,,,,1863.0
2023,Final Monetary Consumption Expenditure,Average Per-Capita Monthly Final Monetary Consumption Expenditure,Number,Total,,Asir,,,,,,,,2160.0
2023,Final Monetary Consumption Expenditure,Average Per-Capita Monthly Final Monetary Consumption Expenditure,Number,Total,,Northern Border,,,,,,,,2086.0
2023,Final Monetary Consumption Expenditure,Median Per-Capita Monthly Final Monetary Consumption Expenditure,Number,Saudi,,Madinah,,,,,,,,2042.0
2023,Final Monetary Consumption Expenditure,Median Per-Capita Monthly Final Monetary Consumption Expenditure,Number,Saudi,,Eastern Province,,,,,,,,2773.0
2023,Final Monetary Consumption Expenditure,Median Per-Capita Monthly Final Monetary Consumption Expenditure,Number,Saudi,,Najran,,,,,,,,1522.0
2023,Final Monetary Consumption Expenditure,Median Per-Capita Monthly Final Monetary Consumption Expenditure,Number,Total,,Madinah,,,,,,,,1759.0
2023,Final Monetary Consumption Expenditure,Median Per-Capita Monthly Final Monetary Consumption Expenditure,Number,Total,,Asir,,,,,,,,1779.0
2023,Final Monetary Consumption Expenditure,Median Per-Capita Monthly Final Monetary Consumption Expenditure,Number,Total,,Hail,,,,,,,,1485.0
2023,Final Monetary Consumption Expenditure,Median Per-Capita Monthly Final Monetary Consumption Expenditure,Number,Total,,Northern Border,,,,,,,,1802.0
2023,Final Monetary Consumption Expenditure,Median Per-Capita Monthly Final Monetary Consumption Expenditure,Number,Total,,Jazan,,,,,,,,2375.0
2023,Final Monetary Consumption Expenditure,Median Per-Capita Monthly Final Monetary Consumption Expenditure,Number,Total,,Al-Baha,,,,,,,,2266.0
2023,Final Monetary Consumption Expenditure,Average Household Monthly Final Monetary Consumption Expenditure,Number,Saudi,,,,,,,,,Clothing and footwear,1434.1
2023,Final Monetary Consumption Expenditure,Average Household Monthly Final Monetary Consumption Expenditure,Number,Saudi,,,,,,,,,Health,265.0
2023,Final Monetary Consumption Expenditure,Average Household Monthly Final Monetary Consumption Expenditure,Number,Saudi,,,,,,,,,Education services,178.1
2023,Final Monetary Consumption Expenditure,Average Household Monthly Final Monetary Consumption Expenditure,Number,Non-Saudi,,,,,,,,,Tobacco,84.7
2023,Final Monetary Consumption Expenditure,Average Household Monthly Final Monetary Consumption Expenditure,Number,Non-Saudi,,,,,,,,,Information and communication,310.6
2023,Final Monetary Consumption Expenditure,Average Household Monthly Final Monetary Consumption Expenditure,Number,Total,,,,,,,,,"Furnishings, household equipment and routine household maintenance",656.5
2023,Final Monetary Consumption Expenditure,Average Household Monthly Final Monetary Consumption Expenditure,Number,Total,,,,,,,,,Transport,989.2
2023,Final Monetary Consumption Expenditure,Percentage of Household Monthly Final Monetary Consumption Expenditure,Percent,Saudi,,,,,,,,,"Furnishings, household equipment and routine household maintenance",8.32
2023,Final Monetary Consumption Expenditure,Percentage of Household Monthly Final Monetary Consumption Expenditure,Percent,Saudi,,,,,,,,,Transport,11.81
2023,Final Monetary Consumption Expenditure,Percentage of Household Monthly Final Monetary Consumption Expenditure,Percent,Saudi,,,,,,,,,Information and communication,4.82
2023,Final Monetary Consumption Expenditure,Percentage of Household Monthly Final Monetary Consumption Expenditure,Percent,Saudi,,,,,,,,,Education services,1.32
2023,Final Monetary Consumption Expenditure,Percentage of Household Monthly Final Monetary Consumption Expenditure,Percent,Non-Saudi,,,,,,,,,"Housing, water, electricity, gas and other fuels",22.25
2023,Final Monetary Consumption Expenditure,Percentage of Household Monthly Final Monetary Consumption Expenditure,Percent,Non-Saudi,,,,,,,,,Insurance and financial services,1.5
2023,Final Monetary Consumption Expenditure,Percentage of Household Monthly Final Monetary Consumption Expenditure,Percent,Total,,,,,,,,,Restaurants and accommodation services,11.66
2023,Final Monetary Consumption Expenditure,Average Household Monthly Final Monetary Consumption Expenditure,Number,Total,,Riyadh,,,,,,,"Furnishings, household equipment and routine household maintenance",947.722776
2023,Final Monetary Consumption Expenditure,Average Household Monthly Final Monetary Consumption Expenditure,Number,Total,,Riyadh,,,,,,,Transport,1234.671049
2023,Final Monetary Consumption Expenditure,Average Household Monthly Final Monetary Consumption Expenditure,Number,Total,,Riyadh,,,,,,,"Recreation, sport and culture",385.819126
2023,Final Monetary Consumption Expenditure,Average Household Monthly Final Monetary Consumption Expenditure,Number,Total,,Riyadh,,,,,,,Restaurants and accommodation services,1255.959601
2023,Final Monetary Consumption Expenditure,Average Household Monthly Final Monetary Consumption Expenditure,Number,Total,,Makkah,,,,,,,Tobacco,70.822128
2023,Final Monetary Consumption Expenditure,Average Household Monthly Final Monetary Consumption Expenditure,Number,Total,,Makkah,,,,,,,"Furnishings, household equipment and routine household maintenance",420.721827
2023,Final Monetary Consumption Expenditure,Average Household Monthly Final Monetary Consumption Expenditure,Number,Total,,Makkah,,,,,,,"Recreation, sport and culture",221.250531
2023,Final Monetary Consumption Expenditure,Average Household Monthly Final Monetary Consumption Expenditure,Number,Total,,Makkah,,,,,,,"Personal care, social protection and miscellaneous goods and services",390.675534
2023,Final Monetary Consumption Expenditure,Average Household Monthly Final Monetary Consumption Expenditure,Number,Total,,Qassim,,,,,,,"Housing, water, electricity, gas and other fuels",1029.030892
2023,Final Monetary Consumption Expenditure,Average Household Monthly Final Monetary Consumption Expenditure,Number,Total,,Asir,,,,,,,Transport,1100.905997
2023,Final Monetary Consumption Expenditure,Average Household Monthly Final Monetary Consumption Expenditure,Number,Total,,Tabuk,,,,,,,"Furnishings, household equipment and routine household maintenance",469.884634
2023,Final Monetary Consumption Expenditure,Average Household Monthly Final Monetary Consumption Expenditure,Number,Total,,Tabuk,,,,,,,Transport,808.110134
2023,Final Monetary Consumption Expenditure,Average Household Monthly Final Monetary Consumption Expenditure,Number,Total,,Tabuk,,,,,,,Insurance and financial services,114.319847
2023,Final Monetary Consumption Expenditure,Average Household Monthly Final Monetary Consumption Expenditure,Number,Total,,Hail,,,,,,,Tobacco,72.424686
2023,Final Monetary Consumption Expenditure,Average Household Monthly Final Monetary Consumption Expenditure,Number,Total,,Hail,,,,,,,Clothing and footwear,668.406753
2023,Final Monetary Consumption Expenditure,Average Household Monthly Final Monetary Consumption Expenditure,Number,Total,,Hail,,,,,,,"Housing, water, electricity, gas and other fuels",981.012701
2023,Final Monetary Consumption Expenditure,Average Household Monthly Final Monetary Consumption Expenditure,Number,Total,,Hail,,,,,,,Transport,864.074305
2023,Final Monetary Consumption Expenditure,Average Household Monthly Final Monetary Consumption Expenditure,Number,Total,,Hail,,,,,,,"Recreation, sport and culture",109.124988
2023,Final Monetary Consumption Expenditure,Average Household Monthly Final Monetary Consumption Expenditure,Number,Total,,Northern Border,,,,,,,"Housing, water, electricity, gas and other fuels",1298.815913
2023,Final Monetary Consumption Expenditure,Average Household Monthly Final Monetary Consumption Expenditure,Number,Total,,Northern Border,,,,,,,Insurance and financial services,94.381369
2023,Final Monetary Consumption Expenditure,Average Household Monthly Final Monetary Consumption Expenditure,Number,Total,,Northern Border,,,,,,,"Personal care, social protection and miscellaneous goods and services",537.791556
2023,Final Monetary Consumption Expenditure,Average Household Monthly Final Monetary Consumption Expenditure,Number,Total,,Najran,,,,,,,Food and beverages,3055.93633
2023,Final Monetary Consumption Expenditure,Average Household Monthly Final Monetary Consumption Expenditure,Number,Total,,Najran,,,,,,,Tobacco,27.961538
2023,Final Monetary Consumption Expenditure,Average Household Monthly Final Monetary Consumption Expenditure,Number,Total,,Najran,,,,,,,"Housing, water, electricity, gas and other fuels",914.552347
2023,Final Monetary Consumption Expenditure,Average Household Monthly Final Monetary Consumption Expenditure,Number,Total,,Najran,,,,,,,"Furnishings, household equipment and routine household maintenance",264.114034
2023,Final Monetary Consumption Expenditure,Average Household Monthly Final Monetary Consumption Expenditure,Number,Total,,Najran,,,,,,,Health,88.355174
2023,Final Monetary Consumption Expenditure,Average Household Monthly Final Monetary Consumption Expenditure,Number,Total,,Najran,,,,,,,Information and communication,317.481569
2023,Final Monetary Consumption Expenditure,Average Household Monthly Final Monetary Consumption Expenditure,Number,Total,,Najran,,,,,,,Education services,9.543882
2023,Final Monetary Consumption Expenditure,Average Household Monthly Final Monetary Consumption Expenditure,Number,Total,,Al-Baha,,,,,,,Transport,1498.211979
2023,Final Monetary Consumption Expenditure,Average Household Monthly Final Monetary Consumption Expenditure,Number,Total,,Al-Baha,,,,,,,Information and communication,482.032493
2023,Final Monetary Consumption Expenditure,Average Household Monthly Final Monetary Consumption Expenditure,Number,Total,,Al-Jouf,,,,,,,Tobacco,118.621509
2023,Final Monetary Consumption Expenditure,Average Household Monthly Final Monetary Consumption Expenditure,Number,Total,,Al-Jouf,,,,,,,Restaurants and accommodation services,943.062666
2023,Final Monetary Consumption Expenditure,Percentage of Household Monthly Final Monetary Consumption Expenditure,Percent,Total,,Riyadh,,,,,,,Food and beverages,23.47
2023,Final Monetary Consumption Expenditure,Percentage of Household Monthly Final Monetary Consumption Expenditure,Percent,Total,,Riyadh,,,,,,,Tobacco,0.67
2023,Final Monetary Consumption Expenditure,Percentage of Household Monthly Final Monetary Consumption Expenditure,Percent,Total,,Riyadh,,,,,,,"Furnishings, household equipment and routine household maintenance",8.89
2023,Final Monetary Consumption Expenditure,Percentage of Household Monthly Final Monetary Consumption Expenditure,Percent,Total,,Riyadh,,,,,,,Education services,2.7199999999999998
2023,Final Monetary Consumption Expenditure,Percentage of Household Monthly Final Monetary Consumption Expenditure,Percent,Total,,Riyadh,,,,,,,Restaurants and accommodation services,11.78
2023,Final Monetary Consumption Expenditure,Percentage of Household Monthly Final Monetary Consumption Expenditure,Percent,Total,,Makkah,,,,,,,Clothing and footwear,9.22
2023,Final Monetary Consumption Expenditure,Percentage of Household Monthly Final Monetary Consumption Expenditure,Percent,Total,,Makkah,,,,,,,Health,1.7000000000000002
2023,Final Monetary Consumption Expenditure,Percentage of Household Monthly Final Monetary Consumption Expenditure,Percent,Total,,Makkah,,,,,,,"Recreation, sport and culture",2.75
2023,Final Monetary Consumption Expenditure,Percentage of Household Monthly Final Monetary Consumption Expenditure,Percent,Total,,Madinah,,,,,,,Restaurants and accommodation services,13.86
2023,Final Monetary Consumption Expenditure,Percentage of Household Monthly Final Monetary Consumption Expenditure,Percent,Total,,Madinah,,,,,,,"Personal care, social protection and miscellaneous goods and services",4.63
2023,Final Monetary Consumption Expenditure,Percentage of Household Monthly Final Monetary Consumption Expenditure,Percent,Total,,Qassim,,,,,,,Food and beverages,32.519999999999996
2023,Final Monetary Consumption Expenditure,Percentage of Household Monthly Final Monetary Consumption Expenditure,Percent,Total,,Qassim,,,,,,,Tobacco,0.38999999999999996
2023,Final Monetary Consumption Expenditure,Percentage of Household Monthly Final Monetary Consumption Expenditure,Percent,Total,,Qassim,,,,,,,"Recreation, sport and culture",2.3800000000000003
2023,Final Monetary Consumption Expenditure,Percentage of Household Monthly Final Monetary Consumption Expenditure,Percent,Total,,Qassim,,,,,,,Restaurants and accommodation services,7.93
2023,Final Monetary Consumption Expenditure,Percentage of Household Monthly Final Monetary Consumption Expenditure,Percent,Total,,Eastern Province,,,,,,,"Furnishings, household equipment and routine household maintenance",7.6499999999999995
2023,Final Monetary Consumption Expenditure,Percentage of Household Monthly Final Monetary Consumption Expenditure,Percent,Total,,Asir,,,,,,,"Recreation, sport and culture",2.26
2023,Final Monetary Consumption Expenditure,Percentage of Household Monthly Final Monetary Consumption Expenditure,Percent,Total,,Asir,,,,,,,Restaurants and accommodation services,9.28
2023,Final Monetary Consumption Expenditure,Percentage of Household Monthly Final Monetary Consumption Expenditure,Percent,Total,,Tabuk,,,,,,,Information and communication,4.71
2023,Final Monetary Consumption Expenditure,Percentage of Household Monthly Final Monetary Consumption Expenditure,Percent,Total,,Tabuk,,,,,,,Insurance and financial services,1.26
2023,Final Monetary Consumption Expenditure,Percentage of Household Monthly Final Monetary Consumption Expenditure,Percent,Total,,Hail,,,,,,,Food and beverages,37.84
2023,Final Monetary Consumption Expenditure,Percentage of Household Monthly Final Monetary Consumption Expenditure,Percent,Total,,Northern Border,,,,,,,Food and beverages,34.339999999999996
2023,Final Monetary Consumption Expenditure,Percentage of Household Monthly Final Monetary Consumption Expenditure,Percent,Total,,Northern Border,,,,,,,Tobacco,1.41
2023,Final Monetary Consumption Expenditure,Percentage of Household Monthly Final Monetary Consumption Expenditure,Percent,Total,,Northern Border,,,,,,,Health,1.52
2023,Final Monetary Consumption Expenditure,Percentage of Household Monthly Final Monetary Consumption Expenditure,Percent,Total,,Northern Border,,,,,,,Transport,10.0
2023,Final Monetary Consumption Expenditure,Percentage of Household Monthly Final Monetary Consumption Expenditure,Percent,Total,,Northern Border,,,,,,,Information and communication,5.489999999999999
2023,Final Monetary Consumption Expenditure,Percentage of Household Monthly Final Monetary Consumption Expenditure,Percent,Total,,Jazan,,,,,,,Tobacco,0.49
2023,Final Monetary Consumption Expenditure,Percentage of Household Monthly Final Monetary Consumption Expenditure,Percent,Total,,Jazan,,,,,,,Health,2.33
2023,Final Monetary Consumption Expenditure,Percentage of Household Monthly Final Monetary Consumption Expenditure,Percent,Total,,Jazan,,,,,,,"Recreation, sport and culture",4.130000000000001
2023,Final Monetary Consumption Expenditure,Percentage of Household Monthly Final Monetary Consumption Expenditure,Percent,Total,,Jazan,,,,,,,Restaurants and accommodation services,15.47
2023,Final Monetary Consumption Expenditure,Percentage of Household Monthly Final Monetary Consumption Expenditure,Percent,Total,,Najran,,,,,,,Tobacco,0.4
2023,Final Monetary Consumption Expenditure,Percentage of Household Monthly Final Monetary Consumption Expenditure,Percent,Total,,Najran,,,,,,,Information and communication,4.52
2023,Final Monetary Consumption Expenditure,Percentage of Household Monthly Final Monetary Consumption Expenditure,Percent,Total,,Najran,,,,,,,"Recreation, sport and culture",1.67
2023,Final Monetary Consumption Expenditure,Percentage of Household Monthly Final Monetary Consumption Expenditure,Percent,Total,,Najran,,,,,,,Education services,0.13999999999999999
2023,Final Monetary Consumption Expenditure,Percentage of Household Monthly Final Monetary Consumption Expenditure,Percent,Total,,Najran,,,,,,,Restaurants and accommodation services,8.41
2023,Final Monetary Consumption Expenditure,Percentage of Household Monthly Final Monetary Consumption Expenditure,Percent,Total,,Najran,,,,,,,Insurance and financial services,1.46
2023,Final Monetary Consumption Expenditure,Percentage of Household Monthly Final Monetary Consumption Expenditure,Percent,Total,,Al-Baha,,,,,,,Health,2.04
2023,Final Monetary Consumption Expenditure,Percentage of Household Monthly Final Monetary Consumption Expenditure,Percent,Total,,Al-Baha,,,,,,,Transport,13.63
2023,Final Monetary Consumption Expenditure,Percentage of Household Monthly Final Monetary Consumption Expenditure,Percent,Total,,Al-Jouf,,,,,,,Tobacco,1.35
2023,Final Monetary Consumption Expenditure,Percentage of Household Monthly Final Monetary Consumption Expenditure,Percent,Total,,Al-Jouf,,,,,,,Transport,10.7
2023,Final Monetary Consumption Expenditure,Percentage of Household Monthly Final Monetary Consumption Expenditure,Percent,Total,,Al-Jouf,,,,,,,Insurance and financial services,1.5
2023,Final Monetary Consumption Expenditure,Average Household Monthly Final Monetary Consumption Expenditure for Houshold,Number,Saudi,,,,,,,,,Food and beverages,3741.5
2023,Final Monetary Consumption Expenditure,Average Household Monthly Final Monetary Consumption Expenditure for Houshold,Number,Saudi,,,,,,,,,"Recreation, sport and culture",594.7
2023,Final Monetary Consumption Expenditure,Average Household Monthly Final Monetary Consumption Expenditure for Houshold,Number,Saudi,,,,,,,,,Insurance and financial services,123.3
2023,Final Monetary Consumption Expenditure,Average Household Monthly Final Monetary Consumption Expenditure for Houshold,Number,Saudi,,,,,,,,,"Personal care, social protection and miscellaneous goods and services",731.9
2023,Final Monetary Consumption Expenditure,Average Household Monthly Final Monetary Consumption Expenditure for Houshold,Number,Non-Saudi,,,,,,,,,Food and beverages,1474.2
2023,Final Monetary Consumption Expenditure,Average Household Monthly Final Monetary Consumption Expenditure for Houshold,Number,Non-Saudi,,,,,,,,,Transport,361.4
2023,Final Monetary Consumption Expenditure,Average Household Monthly Final Monetary Consumption Expenditure for Houshold,Number,Non-Saudi,,,,,,,,,"Recreation, sport and culture",73.9
2023,Final Monetary Consumption Expenditure,Average Household Monthly Final Monetary Consumption Expenditure for Houshold,Number,Non-Saudi,,,,,,,,,Education services,61.9
2023,Final Monetary Consumption Expenditure,Average Household Monthly Final Monetary Consumption Expenditure for Houshold,Number,Total,,,,,,,,,Tobacco,70.9
2023,Final Monetary Consumption Expenditure,Average Household Monthly Final Monetary Consumption Expenditure for Houshold,Number,Total,,,,,,,,,"Recreation, sport and culture",338.3
2023,Final Monetary Consumption Expenditure,Average Household Monthly Final Monetary Consumption Expenditure for Houshold,Number,Total,,,,,,,,,Restaurants and accommodation services,1099.5
2023,Final Monetary Consumption Expenditure,Average Household Monthly Final Monetary Consumption Expenditure for Houshold,Number,Total,,,,,,,,,Insurance and financial services,101.0
2023,Final Monetary Consumption Expenditure,Percentage of Household Monthly Final Monetary Consumption Expenditure for Houshold,Percent,Saudi,,,,,,,,,Tobacco,0.42
2023,Final Monetary Consumption Expenditure,Percentage of Household Monthly Final Monetary Consumption Expenditure for Houshold,Percent,Saudi,,,,,,,,,"Housing, water, electricity, gas and other fuels",11.12
2023,Final Monetary Consumption Expenditure,Percentage of Household Monthly Final Monetary Consumption Expenditure for Houshold,Percent,Saudi,,,,,,,,,Education services,1.32
2023,Final Monetary Consumption Expenditure,Percentage of Household Monthly Final Monetary Consumption Expenditure for Houshold,Percent,Saudi,,,,,,,,,Insurance and financial services,0.91
2023,Final Monetary Consumption Expenditure,Percentage of Household Monthly Final Monetary Consumption Expenditure for Houshold,Percent,Non-Saudi,,,,,,,,,Tobacco,1.63
2023,Final Monetary Consumption Expenditure,Percentage of Household Monthly Final Monetary Consumption Expenditure for Houshold,Percent,Non-Saudi,,,,,,,,,"Furnishings, household equipment and routine household maintenance",3.3300000000000005
2023,Final Monetary Consumption Expenditure,Percentage of Household Monthly Final Monetary Consumption Expenditure for Houshold,Percent,Total,,,,,,,,,Clothing and footwear,9.56
2023,Final Monetary Consumption Expenditure,Percentage of Household Monthly Final Monetary Consumption Expenditure for Houshold,Percent,Total,,,,,,,,,Information and communication,5.140000000000001
2023,Final Monetary Consumption Expenditure,Percentage of Household Monthly Final Monetary Consumption Expenditure for Houshold,Percent,Total,,,,,,,,,"Personal care, social protection and miscellaneous goods and services",5.63
2023,Final Monetary Consumption Expenditure,Average Household Monthly Final Monetary Consumption Expenditure for Individual,Number,Saudi,,,,,,,,,"Furnishings, household equipment and routine household maintenance",248.1
2023,Final Monetary Consumption Expenditure,Average Household Monthly Final Monetary Consumption Expenditure for Individual,Number,Non-Saudi,,,,,,,,,Clothing and footwear,123.4
2023,Final Monetary Consumption Expenditure,Average Household Monthly Final Monetary Consumption Expenditure for Individual,Number,Total,,,,,,,,,"Furnishings, household equipment and routine household maintenance",177.294
2023,Final Monetary Consumption Expenditure,Percentage of Household Monthly Final Monetary Consumption Expenditure for Individual,Percent,Saudi,,,,,,,,,Clothing and footwear,10.59
2023,Final Monetary Consumption Expenditure,Percentage of Household Monthly Final Monetary Consumption Expenditure for Individual,Percent,Saudi,,,,,,,,,Education services,1.32
2023,Final Monetary Consumption Expenditure,Percentage of Household Monthly Final Monetary Consumption Expenditure for Individual,Percent,Saudi,,,,,,,,,Insurance and financial services,0.91
2023,Final Monetary Consumption Expenditure,Percentage of Household Monthly Final Monetary Consumption Expenditure for Individual,Percent,Saudi,,,,,,,,,"Personal care, social protection and miscellaneous goods and services",5.41
2023,Final Monetary Consumption Expenditure,Percentage of Household Monthly Final Monetary Consumption Expenditure for Individual,Percent,Non-Saudi,,,,,,,,,Clothing and footwear,6.76
2023,Final Monetary Consumption Expenditure,Percentage of Household Monthly Final Monetary Consumption Expenditure for Individual,Percent,Non-Saudi,,,,,,,,,Insurance and financial services,1.5
2023,Final Monetary Consumption Expenditure,Percentage of Household Monthly Final Monetary Consumption Expenditure for Individual,Percent,Total,,,,,,,,,Tobacco,0.75
2023,Final Monetary Consumption Expenditure,Percentage of Household Monthly Final Monetary Consumption Expenditure for Individual,Percent,Total,,,,,,,,,Transport,10.489999999999998
2023,Final Monetary Consumption Expenditure,Percentage of Household Monthly Final Monetary Consumption Expenditure for Individual,Percent,Total,,,,,,,,,Information and communication,5.140000000000001
2023,Final Monetary Consumption Expenditure,Percentage of Household Monthly Final Monetary Consumption Expenditure for Individual,Percent,Total,,,,,,,,,Insurance and financial services,1.0699999999999998
2023,Disposable income,Median Per-capita Monthly Disposable Income,Number,Saudi,,,,,,,,,,2896.0
2023,Consumption Expenditure,Median Household Monthly Consumption Expenditure,Number,Saudi,,,,,,,,,,12767.0
2023,Consumption Expenditure,Median Monthly Consumption Expenditure Per-capita,Number,Saudi,,,,,,,,,,2803.0
2023,Final Monetary Consumption Expenditure,Average Monthly Final Monetary Consumption Expenditure Per-capita,Number,Non-Saudi,,,,,,,,,,1825.0
2023,Final Monetary Consumption Expenditure,Median Monthly Final Monetary Consumption Expenditure Per-capita,Number,Saudi,,,,,,,,,,2353.0
2023,Disposable income,Average Household Monthly Disposable Income,Number,Saudi,,Madinah,,,,,,,,12939.0
2023,Disposable income,Average Household Monthly Disposable Income,Number,Saudi,,Asir,,,,,,,,15820.0
2023,Disposable income,Average Household Monthly Disposable Income,Number,Saudi,,Hail,,,,,,,,13495.0
2023,Disposable income,Average Household Monthly Disposable Income,Number,Saudi,,Total,,,,,,,,18056.0
2023,Disposable income,Average Household Monthly Disposable Income,Number,Non-Saudi,,Riyadh,,,,,,,,6405.0
2023,Disposable income,Average Household Monthly Disposable Income,Number,Total,,Madinah,,,,,,,,9723.0
2023,Disposable income,Average Household Monthly Disposable Income,Number,Total,,Qassim,,,,,,,,10081.0
2023,Disposable income,Average Household Monthly Disposable Income,Number,Total,,Jazan,,,,,,,,10763.0
2023,Disposable income,Average Household Monthly Disposable Income,Number,Total,,Al-Baha,,,,,,,,11348.0
2023,Disposable income,Median Household Monthly Disposable Income,Number,Saudi,,Al-Jouf,,,,,,,,11735.0
2023,Disposable income,Median Household Monthly Disposable Income,Number,Non-Saudi,,Najran,,,,,,,,2397.0
2023,Disposable income,Median Household Monthly Disposable Income,Number,Non-Saudi,,Al-Jouf,,,,,,,,3000.0
2023,Disposable income,Median Household Monthly Disposable Income,Number,Total,,Makkah,,,,,,,,6547.0
2023,Disposable income,Median Household Monthly Disposable Income,Number,Total,,Madinah,,,,,,,,6944.0
2023,Disposable income,Median Household Monthly Disposable Income,Number,Total,,Al-Jouf,,,,,,,,7395.0
2023,Disposable income,Average Household Monthly Disposable Income,Number,Saudi,30 - 34,,,,,,,,,13154.0
2023,Disposable income,Average Household Monthly Disposable Income,Number,Saudi,35 - 39,,,,,,,,,16984.0
2023,Disposable income,Average Household Monthly Disposable Income,Number,Saudi,45 - 49,,,,,,,,,21752.0
2023,Disposable income,Average Household Monthly Disposable Income,Number,Saudi,55 - 59,,,,,,,,,26146.0
2023,Disposable income,Average Household Monthly Disposable Income,Number,Saudi,65+,,,,,,,,,17364.0
2023,Disposable income,Average Household Monthly Disposable Income,Number,Non-Saudi,15 - 19,,,,,,,,,3432.0
2023,Disposable income,Average Household Monthly Disposable Income,Number,Non-Saudi,25 - 29,,,,,,,,,4495.0
2023,Disposable income,Average Household Monthly Disposable Income,Number,Total,45 - 49,,,,,,,,,13449.0
2023,Disposable income,Average Household Monthly Disposable Income,Number,Saudi,,,Primary education,,,,,,,11427.0
2023,Disposable income,Average Household Monthly Disposable Income,Number,Saudi,,,Lower secondary education,,,,,,,14452.0
2023,Disposable income,Average Household Monthly Disposable Income,Number,Saudi,,,Short-cycle tertiary education,,,,,,,17898.0
2023,Disposable income,Average Household Monthly Disposable Income,Number,Non-Saudi,,,Early childhood education,,,,,,,5924.0
2023,Disposable income,Average Household Monthly Disposable Income,Number,Non-Saudi,,,Short-cycle tertiary education,,,,,,,4984.0
2023,Disposable income,Average Household Monthly Disposable Income,Number,Total,,,Primary education,,,,,,,6237.0
2023,Disposable income,Average Household Monthly Disposable Income,Number,Total,,,Bachelor’s or equivalent level,,,,,,,18014.0
2023,Disposable income,Average Household Monthly Disposable Income,Number,Total,,,Total,,,,,,,11839.0
2023,Disposable income,Average Household Monthly Disposable Income,Number,Saudi,,,,Divorced,,,,,,12143.0
2023,Disposable income,Average Household Monthly Disposable Income,Number,Saudi,,,,Total,,,,,,18056.0
2023,Disposable income,Average Household Monthly Disposable Income,Number,Non-Saudi,,,,Total,,,,,,5428.0
2023,Disposable income,Average Household Monthly Disposable Income,Number,Total,,,,Never Married,,,,,,6651.0
2023,Disposable income,Average Household Monthly Disposable Income,Number,Saudi,,,,,Apartment,,,,,12897.0
2023,Disposable income,Average Household Monthly Disposable Income,Number,Non-Saudi,,,,,Storey in Villa,,,,,11442.0
2023,Disposable income,Average Household Monthly Disposable Income,Number,Non-Saudi,,,,,Traditional house,,,,,3826.0
2023,Disposable income,Average Household Monthly Disposable Income,Number,Total,,,,,Apartment,,,,,8319.0
2023,Disposable income,Average Household Monthly Disposable Income,Number,Saudi,,,,,,Provided for free by government employer,,,,22754.0
2023,Disposable income,Average Household Monthly Disposable Income,Number,Saudi,,,,,,Provided for free by philanthropist,,,,9757.0
2023,Disposable income,Average Household Monthly Disposable Income,Number,Saudi,,,,,,Total,,,,18056.0
2023,Disposable income,Average Household Monthly Disposable Income,Number,Non-Saudi,,,,,,Owned with mortgage or loan,,,,9568.0
2023,Disposable income,Average Household Monthly Disposable Income,Number,Non-Saudi,,,,,,Provided for free by philanthropist,,,,3782.0
2023,Disposable income,Average Household Monthly Disposable Income,Number,Non-Saudi,,,,,,Provided for free by a household  member,,,,4485.0
2023,Disposable income,Average Household Monthly Disposable Income,Number,Saudi,,,,,,,1-2,,,10794.0
2023,Disposable income,Percentage of Household Monthly Disposable Income,Percent,Saudi,,,,,,,,Transfer paid out,,-1.63
2023,Disposable income,Percentage of Household Monthly Disposable Income,Percent,Non-Saudi,,,,,,,,Imputed Rent,,5.47
2023,Disposable income,Percentage of Household Monthly Disposable Income,Percent,Total,,,,,,,,Labor,,66.6
2023,Disposable income,Average Per-Capita Monthly Disposable Income,Number,Saudi,,Asir,,,,,,,,3366.0
2023,Disposable income,Average Per-Capita Monthly Disposable Income,Number,Saudi,,Jazan,,,,,,,,2795.0
2023,Disposable income,Average Per-Capita Monthly Disposable Income,Number,Non-Saudi,,Madinah,,,,,,,,1646.0
2023,Disposable income,Average Per-Capita Monthly Disposable Income,Number,Non-Saudi,,Hail,,,,,,,,1346.0
2023,Disposable income,Average Per-Capita Monthly Disposable Income,Number,Total,,Jazan,,,,,,,,2403.0
2023,Disposable income,Average Per-Capita Monthly Disposable Income,Number,Total,,Total,,,,,,,,3195.0
2023,Disposable income,Median Per-Capita Monthly Disposable Income,Number,Saudi,,Makkah,,,,,,,,2814.0
2023,Disposable income,Median Per-Capita Monthly Disposable Income,Number,Saudi,,Najran,,,,,,,,1650.0
2023,Disposable income,Median Per-Capita Monthly Disposable Income,Number,Non-Saudi,,Northern Border,,,,,,,,1447.0
2023,Disposable income,Median Per-Capita Monthly Disposable Income,Number,Total,,Eastern Province,,,,,,,,2306.0
2023,Disposable income,Median Per-Capita Monthly Disposable Income,Number,Total,,Najran,,,,,,,,1283.0
2023,Disposable income,Median Per-Capita Monthly Disposable Income,Number,Total,,Al-Baha,,,,,,,,2341.0
2023,Disposable income,Percentage of Per-Capita Monthly Disposable Income,Percent,Saudi,,,,,,,,Labor,,58.868
2023,Disposable income,Percentage of Per-Capita Monthly Disposable Income,Percent,Saudi,,,,,,,,Imputed Rent,,10.866
2023,Disposable income,Percentage of Per-Capita Monthly Disposable Income,Percent,Non-Saudi,,,,,,,,Transfer in,,1.889
2023,Disposable income,Percentage of Per-Capita Monthly Disposable Income,Percent,Total,,,,,,,,Labor,,66.063
2023,Disposable income,Percentage of Per-Capita Monthly Disposable Income,Percent,Total,,,,,,,,Transfer paid out,,-7.057
2023,Consumption Expenditure,Average Household Monthly Consumption Expenditure,Number,Saudi,,Northern Border,,,,,,,,13989.0
2023,Consumption Expenditure,Average Household Monthly Consumption Expenditure,Number,Saudi,,Jazan,,,,,,,,16583.0
2023,Consumption Expenditure,Average Household Monthly Consumption Expenditure,Number,Saudi,,Al-Jouf,,,,,,,,12722.0
2023,Consumption Expenditure,Average Household Monthly Consumption Expenditure,Number,Saudi,,Total,,,,,,,,16028.0
2023,Consumption Expenditure,Average Household Monthly Consumption Expenditure,Number,Non-Saudi,,Eastern Province,,,,,,,,5345.0
2023,Consumption Expenditure,Average Household Monthly Consumption Expenditure,Number,Non-Saudi,,Northern Border,,,,,,,,5687.0
2023,Consumption Expenditure,Average Household Monthly Consumption Expenditure,Number,Total,,Madinah,,,,,,,,9317.0
2023,Consumption Expenditure,Average Household Monthly Consumption Expenditure,Number,Total,,Najran,,,,,,,,8159.0
2023,Consumption Expenditure,Median Household Monthly Consumption Expenditure,Number,Saudi,,Qassim,,,,,,,,11399.0
2023,Consumption Expenditure,Median Household Monthly Consumption Expenditure,Number,Saudi,,Total,,,,,,,,12767.0
2023,Consumption Expenditure,Median Household Monthly Consumption Expenditure,Number,Non-Saudi,,Madinah,,,,,,,,4532.0
2023,Consumption Expenditure,Median Household Monthly Consumption Expenditure,Number,Non-Saudi,,Asir,,,,,,,,3736.0
2023,Consumption Expenditure,Median Household Monthly Consumption Expenditure,Number,Total,,Makkah,,,,,,,,7098.0
2023,Consumption Expenditure,Median Household Monthly Consumption Expenditure,Number,Total,,Madinah,,,,,,,,7632.0
2023,Consumption Expenditure,Average Household Monthly Consumption Expenditure,Number,Saudi,20 - 24,,,,,,,,,8614.0
2023,Consumption Expenditure,Average Household Monthly Consumption Expenditure,Number,Non-Saudi,15 - 19,,,,,,,,,4874.0
2023,Consumption Expenditure,Average Household Monthly Consumption Expenditure,Number,Non-Saudi,25 - 29,,,,,,,,,4490.0
2023,Consumption Expenditure,Average Household Monthly Consumption Expenditure,Number,Non-Saudi,55 - 59,,,,,,,,,7113.0
2023,Consumption Expenditure,Average Household Monthly Consumption Expenditure,Number,Non-Saudi,65+,,,,,,,,,7220.0
2023,Consumption Expenditure,Average Household Monthly Consumption Expenditure,Number,Total,30 - 34,,,,,,,,,8435.0
2023,Consumption Expenditure,Average Household Monthly Consumption Expenditure,Number,Total,55 - 59,,,,,,,,,15163.0
2023,Consumption Expenditure,Average Household Monthly Consumption Expenditure,Number,Total,Total,,,,,,,,,10884.0
2023,Consumption Expenditure,Average Household Monthly Consumption Expenditure,Number,Saudi,,,Primary education,,,,,,,13114.0
2023,Consumption Expenditure,Average Household Monthly Consumption Expenditure,Number,Non-Saudi,,,Lower secondary education,,,,,,,4456.0
2023,Consumption Expenditure,Average Household Monthly Consumption Expenditure,Number,Total,,,Lower secondary education,,,,,,,7216.0
2023,Consumption Expenditure,Average Household Monthly Consumption Expenditure,Number,Total,,,Post-secondary non-tertiary education,,,,,,,11101.0
2023,Consumption Expenditure,Average Household Monthly Consumption Expenditure,Number,Total,,,Short-cycle tertiary education,,,,,,,11533.0
2023,Consumption Expenditure,Average Household Monthly Consumption Expenditure,Number,Total,,,Master’s or equivalent level,,,,,,,21274.0
2023,Consumption Expenditure,Average Household Monthly Consumption Expenditure,Number,Non-Saudi,,,,Divorced,,,,,,5774.0
2023,Consumption Expenditure,Average Household Monthly Consumption Expenditure,Number,Total,,,,Divorced,,,,,,11046.0
2023,Consumption Expenditure,Average Household Monthly Consumption Expenditure,Number,Non-Saudi,,,,,Storey in traditional house,,,,,5908.0
2023,Consumption Expenditure,Average Household Monthly Consumption Expenditure,Number,Total,,,,,Storey in traditional house,,,,,7987.0
2023,Consumption Expenditure,Average Household Monthly Consumption Expenditure,Number,Saudi,,,,,,Owned with mortgage or loan,,,,18516.0
2023,Consumption Expenditure,Average Household Monthly Consumption Expenditure,Number,Saudi,,,,,,Provided for free by philanthropist,,,,8496.0
2023,Consumption Expenditure,Average Household Monthly Consumption Expenditure,Number,Non-Saudi,,,,,,Provided for free by government employer,,,,7608.0
2023,Consumption Expenditure,Average Household Monthly Consumption Expenditure,Number,Non-Saudi,,,,,,Provided for free by a household  member,,,,4721.0
2023,Consumption Expenditure,Average Household Monthly Consumption Expenditure,Number,Non-Saudi,,,,,,Other,,,,5739.0
2023,Consumption Expenditure,Average Household Monthly Consumption Expenditure,Number,Non-Saudi,,,,,,Total,,,,5574.0
2023,Consumption Expenditure,Average Household Monthly Consumption Expenditure,Number,Total,,,,,,Owned with mortgage or loan,,,,18494.0
2023,Consumption Expenditure,Average Household Monthly Consumption Expenditure,Number,Total,,,,,,Provided for free by government employer,,,,13931.0
2023,Consumption Expenditure,Average Household Monthly Consumption Expenditure,Number,Total,,,,,,Provided for free by private employer,,,,4329.0
2023,Consumption Expenditure,Average Household Monthly Consumption Expenditure,Number,Total,,,,,,Provided for free by charities,,,,7878.0
2023,Consumption Expenditure,Average Household Monthly Consumption Expenditure,Number,Total,,,,,,Other,,,,14499.0
2023,Consumption Expenditure,Average Household Monthly Consumption Expenditure,Number,Saudi,,,,,,,5+,,,19831.0
2023,Consumption Expenditure,Average Household Monthly Consumption Expenditure,Number,Non-Saudi,,,,,,,5+,,,10077.0
2023,Consumption Expenditure,Average Household Monthly Consumption Expenditure,Number,Non-Saudi,,,,,,,Total,,,5574.0
2023,Consumption Expenditure,Average Household Monthly Consumption Expenditure,Number,Total,,,,,,,1-2,,,5564.0
2023,Consumption Expenditure,Average Household Monthly Consumption Expenditure,Number,Total,,,,,,,Total,,,10884.0
2023,Consumption Expenditure,Average Per-Capita Monthly Consumption Expenditure,Number,Saudi,,Tabuk,,,,,,,,2553.0
2023,Consumption Expenditure,Average Per-Capita Monthly Consumption Expenditure,Number,Saudi,,Northern Border,,,,,,,,2513.0
2023,Consumption Expenditure,Average Per-Capita Monthly Consumption Expenditure,Number,Saudi,,Jazan,,,,,,,,3310.0
2023,Consumption Expenditure,Average Per-Capita Monthly Consumption Expenditure,Number,Saudi,,Najran,,,,,,,,2036.0
2023,Consumption Expenditure,Average Per-Capita Monthly Consumption Expenditure,Number,Non-Saudi,,Makkah,,,,,,,,1930.0
2023,Consumption Expenditure,Average Per-Capita Monthly Consumption Expenditure,Number,Non-Saudi,,Asir,,,,,,,,1676.0
2023,Consumption Expenditure,Average Per-Capita Monthly Consumption Expenditure,Number,Non-Saudi,,Jazan,,,,,,,,1976.0
2023,Consumption Expenditure,Average Per-Capita Monthly Consumption Expenditure,Number,Total,,Makkah,,,,,,,,2533.0
2023,Consumption Expenditure,Average Per-Capita Monthly Consumption Expenditure,Number,Total,,Qassim,,,,,,,,2464.0
2023,Consumption Expenditure,Average Per-Capita Monthly Consumption Expenditure,Number,Total,,Asir,,,,,,,,2486.0
2023,Consumption Expenditure,Average Per-Capita Monthly Consumption Expenditure,Number,Total,,Hail,,,,,,,,2220.0
2023,Consumption Expenditure,Average Per-Capita Monthly Consumption Expenditure,Number,Total,,Jazan,,,,,,,,2983.0
2023,Consumption Expenditure,Median Per-Capita Monthly Consumption Expenditure,Number,Saudi,,Hail,,,,,,,,2023.0
2023,Consumption Expenditure,Median Per-Capita Monthly Consumption Expenditure,Number,Saudi,,Al-Jouf,,,,,,,,1995.0
2023,Consumption Expenditure,Median Per-Capita Monthly Consumption Expenditure,Number,Non-Saudi,,Riyadh,,,,,,,,1804.0
2023,Consumption Expenditure,Median Per-Capita Monthly Consumption Expenditure,Number,Non-Saudi,,Madinah,,,,,,,,1408.0
2023,Consumption Expenditure,Median Per-Capita Monthly Consumption Expenditure,Number,Non-Saudi,,Eastern Province,,,,,,,,1647.0
2023,Consumption Expenditure,Median Per-Capita Monthly Consumption Expenditure,Number,Total,,Asir,,,,,,,,2131.0
2023,Consumption Expenditure,Median Per-Capita Monthly Consumption Expenditure,Number,Total,,Hail,,,,,,,,1881.0
2023,Consumption Expenditure,Median Per-Capita Monthly Consumption Expenditure,Number,Total,,Northern Border,,,,,,,,2097.0
2023,Final Monetary Consumption Expenditure,Average Household Monthly Final Monetary Consumption Expenditure,Number,Saudi,,Eastern Province,,,,,,,,15418.13441307012
2023,Final Monetary Consumption Expenditure,Average Household Monthly Final Monetary Consumption Expenditure,Number,Saudi,,Asir,,,,,,,,10969.71797521348
2023,Final Monetary Consumption Expenditure,Average Household Monthly Final Monetary Consumption Expenditure,Number,Non-Saudi,,Riyadh,,,,,,,,5436.49799446972
2023,Final Monetary Consumption Expenditure,Average Household Monthly Final Monetary Consumption Expenditure,Number,Non-Saudi,,Madinah,,,,,,,,5134.899069805773
2023,Final Monetary Consumption Expenditure,Average Household Monthly Final Monetary Consumption Expenditure,Number,Non-Saudi,,Eastern Province,,,,,,,,4954.018661780164
2023,Final Monetary Consumption Expenditure,Average Household Monthly Final Monetary Consumption Expenditure,Number,Non-Saudi,,Al-Baha,,,,,,,,4714.772147228101
2023,Final Monetary Consumption Expenditure,Average Household Monthly Final Monetary Consumption Expenditure,Number,Total,,Madinah,,,,,,,,8775.107380977492
2023,Final Monetary Consumption Expenditure,Average Household Monthly Final Monetary Consumption Expenditure,Number,Total,,Najran,,,,,,,,7024.829703221
2023,Final Monetary Consumption Expenditure,Average Household Monthly Final Monetary Consumption Expenditure,Number,Total,,Al-Jouf,,,,,,,,8755.602135531804
2023,Final Monetary Consumption Expenditure,Average Household Monthly Final Monetary Consumption Expenditure,Number,Total,,Total,,,,,,,,9425.771884
2023,Final Monetary Consumption Expenditure,Median Household Monthly Final Monetary Consumption Expenditure,Number,Saudi,,Riyadh,,,,,,,,13755.12061560825
2023,Final Monetary Consumption Expenditure,Median Household Monthly Final Monetary Consumption Expenditure,Number,Saudi,,Eastern Province,,,,,,,,12422.6670500712
2023,Final Monetary Consumption Expenditure,Median Household Monthly Final Monetary Consumption Expenditure,Number,Saudi,,Al-Baha,,,,,,,,11445.31943720925
2023,Final Monetary Consumption Expenditure,Median Household Monthly Final Monetary Consumption Expenditure,Number,Non-Saudi,,Makkah,,,,,,,,4425.93728005511
2023,Final Monetary Consumption Expenditure,Median Household Monthly Final Monetary Consumption Expenditure,Number,Non-Saudi,,Madinah,,,,,,,,4334.517099495599
2023,Final Monetary Consumption Expenditure,Median Household Monthly Final Monetary Consumption Expenditure,Number,Non-Saudi,,Asir,,,,,,,,3521.8181023528
2023,Final Monetary Consumption Expenditure,Median Household Monthly Final Monetary Consumption Expenditure,Number,Non-Saudi,,Tabuk,,,,,,,,4307.739809149403
2023,Final Monetary Consumption Expenditure,Median Household Monthly Final Monetary Consumption Expenditure,Number,Non-Saudi,,Jazan,,,,,,,,5144.565596448812
2023,Final Monetary Consumption Expenditure,Median Household Monthly Final Monetary Consumption Expenditure,Number,Non-Saudi,,Al-Baha,,,,,,,,3366.745029689031
2023,Final Monetary Consumption Expenditure,Median Household Monthly Final Monetary Consumption Expenditure,Number,Non-Saudi,,Al-Jouf,,,,,,,,4047.953404176373
2023,Final Monetary Consumption Expenditure,Median Household Monthly Final Monetary Consumption Expenditure,Number,Non-Saudi,,Total,,,,,,,,4144.417868
2023,Final Monetary Consumption Expenditure,Median Household Monthly Final Monetary Consumption Expenditure,Number,Total,,Total,,,,,,,,6670.492479
2023,Final Monetary Consumption Expenditure,Average Household Monthly Final Monetary Consumption Expenditure,Number,Saudi,Total,,,,,,,,,13536.0
2023,Final Monetary Consumption Expenditure,Average Household Monthly Final Monetary Consumption Expenditure,Number,Non-Saudi,15 - 19,,,,,,,,,5206.0
2023,Final Monetary Consumption Expenditure,Average Household Monthly Final Monetary Consumption Expenditure,Number,Non-Saudi,55 - 59,,,,,,,,,6509.0
2023,Final Monetary Consumption Expenditure,Average Household Monthly Final Monetary Consumption Expenditure,Number,Total,60 - 64,,,,,,,,,11796.0
2023,Final Monetary Consumption Expenditure,Average Household Monthly Final Monetary Consumption Expenditure,Number,Saudi,,,Higher diploma,,,,,,,16421.0
2023,Final Monetary Consumption Expenditure,Average Household Monthly Final Monetary Consumption Expenditure,Number,Non-Saudi,,,No schooling,,,,,,,3778.0
2023,Final Monetary Consumption Expenditure,Average Household Monthly Final Monetary Consumption Expenditure,Number,Non-Saudi,,,Lower secondary education,,,,,,,4097.0
2023,Final Monetary Consumption Expenditure,Average Household Monthly Final Monetary Consumption Expenditure,Number,Non-Saudi,,,Short-cycle tertiary education,,,,,,,5312.0
2023,Final Monetary Consumption Expenditure,Average Household Monthly Final Monetary Consumption Expenditure,Number,Non-Saudi,,,Master’s or equivalent level,,,,,,,9776.0
2023,Final Monetary Consumption Expenditure,Average Household Monthly Final Monetary Consumption Expenditure,Number,Total,,,Upper secondary education,,,,,,,8388.0
2023,Final Monetary Consumption Expenditure,Average Household Monthly Final Monetary Consumption Expenditure,Number,Total,,,Bachelor’s or equivalent level,,,,,,,12548.0
2023,Final Monetary Consumption Expenditure,Average Household Monthly Final Monetary Consumption Expenditure,Number,Saudi,,,,Never Married,,,,,,7980.0
2023,Final Monetary Consumption Expenditure,Average Household Monthly Final Monetary Consumption Expenditure,Number,Saudi,,,,,Storey in Villa,,,,,13386.0
2023,Final Monetary Consumption Expenditure,Average Household Monthly Final Monetary Consumption Expenditure,Number,Saudi,,,,,Other,,,,,10844.0
2023,Final Monetary Consumption Expenditure,Average Household Monthly Final Monetary Consumption Expenditure,Number,Non-Saudi,,,,,Villa,,,,,14962.0
2023,Final Monetary Consumption Expenditure,Average Household Monthly Final Monetary Consumption Expenditure,Number,Non-Saudi,,,,,Storey in traditional house,,,,,5723.0
2023,Final Monetary Consumption Expenditure,Average Household Monthly Final Monetary Consumption Expenditure,Number,Non-Saudi,,,,,Other,,,,,2488.0
2023,Final Monetary Consumption Expenditure,Average Household Monthly Final Monetary Consumption Expenditure,Number,Total,,,,,Storey in traditional house,,,,,7734.0
2023,Final Monetary Consumption Expenditure,Average Household Monthly Final Monetary Consumption Expenditure,Number,Total,,,,,Total,,,,,9426.0
2023,Final Monetary Consumption Expenditure,Average Household Monthly Final Monetary Consumption Expenditure,Number,Saudi,,,,,,Owned with mortgage or loan,,,,14510.0
2023,Final Monetary Consumption Expenditure,Average Household Monthly Final Monetary Consumption Expenditure,Number,Saudi,,,,,,Provided for free by government employer,,,,13854.0
2023,Final Monetary Consumption Expenditure,Average Household Monthly Final Monetary Consumption Expenditure,Number,Non-Saudi,,,,,,Provided for free by philanthropist,,,,5587.0
2023,Final Monetary Consumption Expenditure,Average Household Monthly Final Monetary Consumption Expenditure,Number,Total,,,,,,Provided for free by charities,,,,6909.0
2023,Final Monetary Consumption Expenditure,Average Household Monthly Final Monetary Consumption Expenditure,Number,Total,,,,,,Provided for free by philanthropist,,,,6091.0
2023,Final Monetary Consumption Expenditure,Average Household Monthly Final Monetary Consumption Expenditure,Number,Saudi,,,,,,,3-4,,,12704.0
2023,Final Monetary Consumption Expenditure,Average Household Monthly Final Monetary Consumption Expenditure,Number,Non-Saudi,,,,,,,1-2,,,3712.0
2023,Final Monetary Consumption Expenditure,Average Household Monthly Final Monetary Consumption Expenditure,Number,Total,,,,,,,1-2,,,5092.0
2023,Final Monetary Consumption Expenditure,Average Household Monthly Final Monetary Consumption Expenditure,Number,Total,,,,,,,5+,,,14843.0
2023,Final Monetary Consumption Expenditure,Average Household Monthly Final Monetary Consumption Expenditure,Number,Total,,,,,,,Total,,,9426.0
2023,Final Monetary Consumption Expenditure,Average Per-Capita Monthly Final Monetary Consumption Expenditure,Number,Saudi,,Makkah,,,,,,,,2560.0
2023,Final Monetary Consumption Expenditure,Average Per-Capita Monthly Final Monetary Consumption Expenditure,Number,Saudi,,Al-Baha,,,,,,,,3106.0
2023,Final Monetary Consumption Expenditure,Average Per-Capita Monthly Final Monetary Consumption Expenditure,Number,Non-Saudi,,Asir,,,,,,,,1598.0
2023,Final Monetary Consumption Expenditure,Average Per-Capita Monthly Final Monetary Consumption Expenditure,Number,Non-Saudi,,Total,,,,,,,,1825.0
2023,Final Monetary Consumption Expenditure,Average Per-Capita Monthly Final Monetary Consumption Expenditure,Number,Total,,Riyadh,,,,,,,,3093.0
2023,Final Monetary Consumption Expenditure,Average Per-Capita Monthly Final Monetary Consumption Expenditure,Number,Total,,Qassim,,,,,,,,2070.0
2023,Final Monetary Consumption Expenditure,Average Per-Capita Monthly Final Monetary Consumption Expenditure,Number,Total,,Tabuk,,,,,,,,2195.0
2023,Final Monetary Consumption Expenditure,Median Per-Capita Monthly Final Monetary Consumption Expenditure,Number,Saudi,,Riyadh,,,,,,,,3147.0
2023,Final Monetary Consumption Expenditure,Median Per-Capita Monthly Final Monetary Consumption Expenditure,Number,Saudi,,Qassim,,,,,,,,1870.0
2023,Final Monetary Consumption Expenditure,Median Per-Capita Monthly Final Monetary Consumption Expenditure,Number,Saudi,,Asir,,,,,,,,1932.0
2023,Final Monetary Consumption Expenditure,Median Per-Capita Monthly Final Monetary Consumption Expenditure,Number,Saudi,,Tabuk,,,,,,,,2018.0
2023,Final Monetary Consumption Expenditure,Median Per-Capita Monthly Final Monetary Consumption Expenditure,Number,Saudi,,Al-Jouf,,,,,,,,1621.0
2023,Final Monetary Consumption Expenditure,Median Per-Capita Monthly Final Monetary Consumption Expenditure,Number,Non-Saudi,,Makkah,,,,,,,,1543.0
2023,Final Monetary Consumption Expenditure,Median Per-Capita Monthly Final Monetary Consumption Expenditure,Number,Non-Saudi,,Qassim,,,,,,,,1062.0
2023,Final Monetary Consumption Expenditure,Median Per-Capita Monthly Final Monetary Consumption Expenditure,Number,Non-Saudi,,Hail,,,,,,,,1352.0
2023,Final Monetary Consumption Expenditure,Median Per-Capita Monthly Final Monetary Consumption Expenditure,Number,Non-Saudi,,Northern Border,,,,,,,,1454.0
2023,Final Monetary Consumption Expenditure,Median Per-Capita Monthly Final Monetary Consumption Expenditure,Number,Non-Saudi,,Jazan,,,,,,,,1576.0
2023,Final Monetary Consumption Expenditure,Median Per-Capita Monthly Final Monetary Consumption Expenditure,Number,Total,,Riyadh,,,,,,,,2349.0
2023,Final Monetary Consumption Expenditure,Median Per-Capita Monthly Final Monetary Consumption Expenditure,Number,Total,,Najran,,,,,,,,1355.0
2023,Final Monetary Consumption Expenditure,Median Per-Capita Monthly Final Monetary Consumption Expenditure,Number,Total,,Total,,,,,,,,1952.0
2023,Final Monetary Consumption Expenditure,Average Household Monthly Final Monetary Consumption Expenditure,Number,Saudi,,,,,,,,,"Housing, water, electricity, gas and other fuels",1504.6
2023,Final Monetary Consumption Expenditure,Average Household Monthly Final Monetary Consumption Expenditure,Number,Saudi,,,,,,,,,"Furnishings, household equipment and routine household maintenance",1125.6
2023,Final Monetary Consumption Expenditure,Average Household Monthly Final Monetary Consumption Expenditure,Number,Saudi,,,,,,,,,Information and communication,652.9
2023,Final Monetary Consumption Expenditure,Average Household Monthly Final Monetary Consumption Expenditure,Number,Saudi,,,,,,,,,"Recreation, sport and culture",594.7
2023,Final Monetary Consumption Expenditure,Average Household Monthly Final Monetary Consumption Expenditure,Number,Non-Saudi,,,,,,,,,"Housing, water, electricity, gas and other fuels",1154.0
2023,Final Monetary Consumption Expenditure,Average Household Monthly Final Monetary Consumption Expenditure,Number,Non-Saudi,,,,,,,,,Health,85.5
2023,Final Monetary Consumption Expenditure,Average Household Monthly Final Monetary Consumption Expenditure,Number,Non-Saudi,,,,,,,,,"Recreation, sport and culture",73.9
2023,Final Monetary Consumption Expenditure,Average Household Monthly Final Monetary Consumption Expenditure,Number,Non-Saudi,,,,,,,,,"Personal care, social protection and miscellaneous goods and services",322.6
2023,Final Monetary Consumption Expenditure,Average Household Monthly Final Monetary Consumption Expenditure,Number,Total,,,,,,,,,Clothing and footwear,900.9
2023,Final Monetary Consumption Expenditure,Average Household Monthly Final Monetary Consumption Expenditure,Number,Total,,,,,,,,,Health,176.6
2023,Final Monetary Consumption Expenditure,Average Household Monthly Final Monetary Consumption Expenditure,Number,Total,,,,,,,,,Restaurants and accommodation services,1099.5
2023,Final Monetary Consumption Expenditure,Percentage of Household Monthly Final Monetary Consumption Expenditure,Percent,Saudi,,,,,,,,,Clothing and footwear,10.59
2023,Final Monetary Consumption Expenditure,Percentage of Household Monthly Final Monetary Consumption Expenditure,Percent,Saudi,,,,,,,,,"Recreation, sport and culture",4.390000000000001
2023,Final Monetary Consumption Expenditure,Percentage of Household Monthly Final Monetary Consumption Expenditure,Percent,Non-Saudi,,,,,,,,,Transport,6.97
2023,Final Monetary Consumption Expenditure,Percentage of Household Monthly Final Monetary Consumption Expenditure,Percent,Non-Saudi,,,,,,,,,Restaurants and accommodation services,12.659999999999998
2023,Final Monetary Consumption Expenditure,Percentage of Household Monthly Final Monetary Consumption Expenditure,Percent,Total,,,,,,,,,Tobacco,0.75
2023,Final Monetary Consumption Expenditure,Percentage of Household Monthly Final Monetary Consumption Expenditure,Percent,Total,,,,,,,,,"Housing, water, electricity, gas and other fuels",14.13
2023,Final Monetary Consumption Expenditure,Percentage of Household Monthly Final Monetary Consumption Expenditure,Percent,Total,,,,,,,,,"Furnishings, household equipment and routine household maintenance",6.959999999999999
2023,Final Monetary Consumption Expenditure,Average Household Monthly Final Monetary Consumption Expenditure,Number,Total,,Riyadh,,,,,,,Tobacco,71.506222
2023,Final Monetary Consumption Expenditure,Average Household Monthly Final Monetary Consumption Expenditure,Number,Total,,Riyadh,,,,,,,Education services,289.690849
2023,Final Monetary Consumption Expenditure,Average Household Monthly Final Monetary Consumption Expenditure,Number,Total,,Riyadh,,,,,,,"Personal care, social protection and miscellaneous goods and services",703.191036
2023,Final Monetary Consumption Expenditure,Average Household Monthly Final Monetary Consumption Expenditure,Number,Total,,Madinah,,,,,,,Tobacco,77.314026
2023,Final Monetary Consumption Expenditure,Average Household Monthly Final Monetary Consumption Expenditure,Number,Total,,Madinah,,,,,,,"Housing, water, electricity, gas and other fuels",1251.732886
2023,Final Monetary Consumption Expenditure,Average Household Monthly Final Monetary Consumption Expenditure,Number,Total,,Qassim,,,,,,,Tobacco,32.491541
2023,Final Monetary Consumption Expenditure,Average Household Monthly Final Monetary Consumption Expenditure,Number,Total,,Eastern Province,,,,,,,Clothing and footwear,1056.51243
2023,Final Monetary Consumption Expenditure,Average Household Monthly Final Monetary Consumption Expenditure,Number,Total,,Eastern Province,,,,,,,"Housing, water, electricity, gas and other fuels",1356.800915
2023,Final Monetary Consumption Expenditure,Average Household Monthly Final Monetary Consumption Expenditure,Number,Total,,Eastern Province,,,,,,,Health,180.534525
2023,Final Monetary Consumption Expenditure,Average Household Monthly Final Monetary Consumption Expenditure,Number,Total,,Eastern Province,,,,,,,Restaurants and accommodation services,1248.003731
2023,Final Monetary Consumption Expenditure,Average Household Monthly Final Monetary Consumption Expenditure,Number,Total,,Eastern Province,,,,,,,"Personal care, social protection and miscellaneous goods and services",618.519845
2023,Final Monetary Consumption Expenditure,Average Household Monthly Final Monetary Consumption Expenditure,Number,Total,,Asir,,,,,,,"Housing, water, electricity, gas and other fuels",992.510578
2023,Final Monetary Consumption Expenditure,Average Household Monthly Final Monetary Consumption Expenditure,Number,Total,,Asir,,,,,,,Health,248.833549
2023,Final Monetary Consumption Expenditure,Average Household Monthly Final Monetary Consumption Expenditure,Number,Total,,Asir,,,,,,,Restaurants and accommodation services,782.530029
2023,Final Monetary Consumption Expenditure,Average Household Monthly Final Monetary Consumption Expenditure,Number,Total,,Tabuk,,,,,,,Clothing and footwear,943.789475
2023,Final Monetary Consumption Expenditure,Average Household Monthly Final Monetary Consumption Expenditure,Number,Total,,Hail,,,,,,,Food and beverages,2751.869204
2023,Final Monetary Consumption Expenditure,Average Household Monthly Final Monetary Consumption Expenditure,Number,Total,,Northern Border,,,,,,,Education services,63.909799
2023,Final Monetary Consumption Expenditure,Average Household Monthly Final Monetary Consumption Expenditure,Number,Total,,Jazan,,,,,,,Transport,1156.247243
2023,Final Monetary Consumption Expenditure,Average Household Monthly Final Monetary Consumption Expenditure,Number,Total,,Jazan,,,,,,,Restaurants and accommodation services,1986.441232
2023,Final Monetary Consumption Expenditure,Average Household Monthly Final Monetary Consumption Expenditure,Number,Total,,Jazan,,,,,,,Insurance and financial services,81.095847
2023,Final Monetary Consumption Expenditure,Average Household Monthly Final Monetary Consumption Expenditure,Number,Total,,Najran,,,,,,,Clothing and footwear,649.507831
2023,Final Monetary Consumption Expenditure,Average Household Monthly Final Monetary Consumption Expenditure,Number,Total,,Najran,,,,,,,"Recreation, sport and culture",117.388826
2023,Final Monetary Consumption Expenditure,Average Household Monthly Final Monetary Consumption Expenditure,Number,Total,,Al-Baha,,,,,,,"Housing, water, electricity, gas and other fuels",918.243255
2023,Final Monetary Consumption Expenditure,Average Household Monthly Final Monetary Consumption Expenditure,Number,Total,,Al-Baha,,,,,,,"Recreation, sport and culture",514.669278
2023,Final Monetary Consumption Expenditure,Average Household Monthly Final Monetary Consumption Expenditure,Number,Total,,Al-Baha,,,,,,,Insurance and financial services,80.65028
2023,Final Monetary Consumption Expenditure,Average Household Monthly Final Monetary Consumption Expenditure,Number,Total,,Al-Jouf,,,,,,,Food and beverages,2993.534924
2023,Final Monetary Consumption Expenditure,Average Household Monthly Final Monetary Consumption Expenditure,Number,Total,,Al-Jouf,,,,,,,Clothing and footwear,839.408455
2023,Final Monetary Consumption Expenditure,Average Household Monthly Final Monetary Consumption Expenditure,Number,Total,,Al-Jouf,,,,,,,"Housing, water, electricity, gas and other fuels",1182.242161
2023,Final Monetary Consumption Expenditure,Average Household Monthly Final Monetary Consumption Expenditure,Number,Total,,Al-Jouf,,,,,,,Health,127.147117
2023,Final Monetary Consumption Expenditure,Percentage of Household Monthly Final Monetary Consumption Expenditure,Percent,Total,,Riyadh,,,,,,,Health,1.79
2023,Final Monetary Consumption Expenditure,Percentage of Household Monthly Final Monetary Consumption Expenditure,Percent,Total,,Riyadh,,,,,,,Transport,11.58
2023,Final Monetary Consumption Expenditure,Percentage of Household Monthly Final Monetary Consumption Expenditure,Percent,Total,,Riyadh,,,,,,,Information and communication,5.28
2023,Final Monetary Consumption Expenditure,Percentage of Household Monthly Final Monetary Consumption Expenditure,Percent,Total,,Riyadh,,,,,,,Insurance and financial services,1.22
2023,Final Monetary Consumption Expenditure,Percentage of Household Monthly Final Monetary Consumption Expenditure,Percent,Total,,Makkah,,,,,,,Food and beverages,30.349999999999998
2023,Final Monetary Consumption Expenditure,Percentage of Household Monthly Final Monetary Consumption Expenditure,Percent,Total,,Makkah,,,,,,,Insurance and financial services,0.9900000000000001
2023,Final Monetary Consumption Expenditure,Percentage of Household Monthly Final Monetary Consumption Expenditure,Percent,Total,,Madinah,,,,,,,Health,2.06
2023,Final Monetary Consumption Expenditure,Percentage of Household Monthly Final Monetary Consumption Expenditure,Percent,Total,,Madinah,,,,,,,"Recreation, sport and culture",2.2399999999999998
2023,Final Monetary Consumption Expenditure,Percentage of Household Monthly Final Monetary Consumption Expenditure,Percent,Total,,Madinah,,,,,,,Insurance and financial services,0.7000000000000001
2023,Final Monetary Consumption Expenditure,Percentage of Household Monthly Final Monetary Consumption Expenditure,Percent,Total,,Qassim,,,,,,,Clothing and footwear,8.459999999999999
2023,Final Monetary Consumption Expenditure,Percentage of Household Monthly Final Monetary Consumption Expenditure,Percent,Total,,Qassim,,,,,,,Health,2.31
2023,Final Monetary Consumption Expenditure,Percentage of Household Monthly Final Monetary Consumption Expenditure,Percent,Total,,Qassim,,,,,,,Insurance and financial services,1.22
2023,Final Monetary Consumption Expenditure,Percentage of Household Monthly Final Monetary Consumption Expenditure,Percent,Total,,Eastern Province,,,,,,,Information and communication,5.1499999999999995
2023,Final Monetary Consumption Expenditure,Percentage of Household Monthly Final Monetary Consumption Expenditure,Percent,Total,,Eastern Province,,,,,,,"Personal care, social protection and miscellaneous goods and services",6.13
2023,Final Monetary Consumption Expenditure,Percentage of Household Monthly Final Monetary Consumption Expenditure,Percent,Total,,Asir,,,,,,,Health,2.9499999999999997
2023,Final Monetary Consumption Expenditure,Percentage of Household Monthly Final Monetary Consumption Expenditure,Percent,Total,,Tabuk,,,,,,,Tobacco,1.1900000000000002
2023,Final Monetary Consumption Expenditure,Percentage of Household Monthly Final Monetary Consumption Expenditure,Percent,Total,,Tabuk,,,,,,,"Housing, water, electricity, gas and other fuels",12.24
2023,Final Monetary Consumption Expenditure,Percentage of Household Monthly Final Monetary Consumption Expenditure,Percent,Total,,Tabuk,,,,,,,"Furnishings, household equipment and routine household maintenance",5.17
2023,Final Monetary Consumption Expenditure,Percentage of Household Monthly Final Monetary Consumption Expenditure,Percent,Total,,Tabuk,,,,,,,Health,1.7399999999999998
2023,Final Monetary Consumption Expenditure,Percentage of Household Monthly Final Monetary Consumption Expenditure,Percent,Total,,Tabuk,,,,,,,Restaurants and accommodation services,13.389999999999999
2023,Final Monetary Consumption Expenditure,Percentage of Household Monthly Final Monetary Consumption Expenditure,Percent,Total,,Hail,,,,,,,Health,1.51
2023,Final Monetary Consumption Expenditure,Percentage of Household Monthly Final Monetary Consumption Expenditure,Percent,Total,,Hail,,,,,,,Transport,11.88
2023,Final Monetary Consumption Expenditure,Percentage of Household Monthly Final Monetary Consumption Expenditure,Percent,Total,,Northern Border,,,,,,,"Furnishings, household equipment and routine household maintenance",6.140000000000001
2023,Final Monetary Consumption Expenditure,Percentage of Household Monthly Final Monetary Consumption Expenditure,Percent,Total,,Northern Border,,,,,,,"Recreation, sport and culture",2.36
2023,Final Monetary Consumption Expenditure,Percentage of Household Monthly Final Monetary Consumption Expenditure,Percent,Total,,Northern Border,,,,,,,Restaurants and accommodation services,9.4
2023,Final Monetary Consumption Expenditure,Percentage of Household Monthly Final Monetary Consumption Expenditure,Percent,Total,,Jazan,,,,,,,"Furnishings, household equipment and routine household maintenance",7.42
2023,Final Monetary Consumption Expenditure,Percentage of Household Monthly Final Monetary Consumption Expenditure,Percent,Total,,Al-Baha,,,,,,,"Recreation, sport and culture",4.68
2023,Final Monetary Consumption Expenditure,Percentage of Household Monthly Final Monetary Consumption Expenditure,Percent,Total,,Al-Jouf,,,,,,,Information and communication,4.64
2023,Final Monetary Consumption Expenditure,Average Household Monthly Final Monetary Consumption Expenditure for Houshold,Number,Saudi,,,,,,,,,Clothing and footwear,1434.1
2023,Final Monetary Consumption Expenditure,Average Household Monthly Final Monetary Consumption Expenditure for Houshold,Number,Saudi,,,,,,,,,Education services,178.1
2023,Final Monetary Consumption Expenditure,Average Household Monthly Final Monetary Consumption Expenditure for Houshold,Number,Non-Saudi,,,,,,,,,"Housing, water, electricity, gas and other fuels",1154.0
2023,Final Monetary Consumption Expenditure,Percentage of Household Monthly Final Monetary Consumption Expenditure for Houshold,Percent,Saudi,,,,,,,,,"Recreation, sport and culture",4.390000000000001
2023,Final Monetary Consumption Expenditure,Percentage of Household Monthly Final Monetary Consumption Expenditure for Houshold,Percent,Non-Saudi,,,,,,,,,Food and beverages,28.42
2023,Final Monetary Consumption Expenditure,Percentage of Household Monthly Final Monetary Consumption Expenditure for Houshold,Percent,Non-Saudi,,,,,,,,,Information and communication,5.99
2023,Final Monetary Consumption Expenditure,Percentage of Household Monthly Final Monetary Consumption Expenditure for Houshold,Percent,Non-Saudi,,,,,,,,,"Recreation, sport and culture",1.4200000000000002
2023,Final Monetary Consumption Expenditure,Average Household Monthly Final Monetary Consumption Expenditure for Individual,Number,Saudi,,,,,,,,,Food and beverages,824.8
2023,Final Monetary Consumption Expenditure,Average Household Monthly Final Monetary Consumption Expenditure for Individual,Number,Saudi,,,,,,,,,Transport,352.2
2023,Final Monetary Consumption Expenditure,Average Household Monthly Final Monetary Consumption Expenditure for Individual,Number,Saudi,,,,,,,,,Insurance and financial services,27.2
2023,Final Monetary Consumption Expenditure,Average Household Monthly Final Monetary Consumption Expenditure for Individual,Number,Non-Saudi,,,,,,,,,Health,30.1
2023,Final Monetary Consumption Expenditure,Average Household Monthly Final Monetary Consumption Expenditure for Individual,Number,Non-Saudi,,,,,,,,,Restaurants and accommodation services,231.1
2023,Final Monetary Consumption Expenditure,Average Household Monthly Final Monetary Consumption Expenditure for Individual,Number,Total,,,,,,,,,Tobacco,19.1417
2023,Final Monetary Consumption Expenditure,Average Household Monthly Final Monetary Consumption Expenditure for Individual,Number,Total,,,,,,,,,Information and communication,130.811
2023,Final Monetary Consumption Expenditure,Average Household Monthly Final Monetary Consumption Expenditure for Individual,Number,Total,,,,,,,,,"Recreation, sport and culture",91.3609
2023,Final Monetary Consumption Expenditure,Average Household Monthly Final Monetary Consumption Expenditure for Individual,Number,Total,,,,,,,,,Insurance and financial services,27.2793
2023,Final Monetary Consumption Expenditure,Percentage of Household Monthly Final Monetary Consumption Expenditure for Individual,Percent,Saudi,,,,,,,,,Tobacco,0.43
2023,Final Monetary Consumption Expenditure,Percentage of Household Monthly Final Monetary Consumption Expenditure for Individual,Percent,Saudi,,,,,,,,,"Furnishings, household equipment and routine household maintenance",8.309999999999999
2023,Final Monetary Consumption Expenditure,Percentage of Household Monthly Final Monetary Consumption Expenditure for Individual,Percent,Non-Saudi,,,,,,,,,Health,1.6500000000000001
2023,Final Monetary Consumption Expenditure,Percentage of Household Monthly Final Monetary Consumption Expenditure for Individual,Percent,Non-Saudi,,,,,,,,,"Recreation, sport and culture",1.4200000000000002
2023,Final Monetary Consumption Expenditure,Percentage of Household Monthly Final Monetary Consumption Expenditure for Individual,Percent,Non-Saudi,,,,,,,,,Education services,1.1900000000000002
2023,Final Monetary Consumption Expenditure,Percentage of Household Monthly Final Monetary Consumption Expenditure for Individual,Percent,Total,,,,,,,,,Food and beverages,27.85
2023,Final Monetary Consumption Expenditure,Percentage of Household Monthly Final Monetary Consumption Expenditure for Individual,Percent,Total,,,,,,,,,"Housing, water, electricity, gas and other fuels",14.13
2023,Final Monetary Consumption Expenditure,Percentage of Household Monthly Final Monetary Consumption Expenditure for Individual,Percent,Total,,,,,,,,,"Furnishings, household equipment and routine household maintenance",6.959999999999999
2023,Final Monetary Consumption Expenditure,Percentage of Household Monthly Final Monetary Consumption Expenditure for Individual,Percent,Total,,,,,,,,,Education services,1.28
2023,Final Monetary Consumption Expenditure,Percentage of Household Monthly Final Monetary Consumption Expenditure for Individual,Percent,Total,,,,,,,,,"Personal care, social protection and miscellaneous goods and services",5.63
2023,Disposable income,Average Household Monthly Disposable Income,Number,Saudi,,,,,,,,,,18056.0
2023,Disposable income,Median Household Monthly Disposable Income,Number,Non-Saudi,,,,,,,,,,3657.0
2023,Disposable income,Average Per-capita Monthly Disposable Income,Number,Total,,,,,,,,,,3195.0
2023,Consumption Expenditure,Average Household Monthly Consumption Expenditure,Number,Total,,,,,,,,,,10884.0
2023,Consumption Expenditure,Median Monthly Consumption Expenditure Per-capita,Number,Total,,,,,,,,,,2260.0
2023,Final Monetary Consumption Expenditure,Median Household Monthly Final Monetary Consumption Expenditure,Number,Non-Saudi,,,,,,,,,,4144.0
2023,Final Monetary Consumption Expenditure,Median Monthly Final Monetary Consumption Expenditure Per-capita,Number,Non-Saudi,,,,,,,,,,1515.0
2023,Disposable income,Average Household Monthly Disposable Income,Number,Saudi,,Qassim,,,,,,,,13958.0
2023,Disposable income,Average Household Monthly Disposable Income,Number,Saudi,,Northern Border,,,,,,,,16427.0
2023,Disposable income,Average Household Monthly Disposable Income,Number,Saudi,,Jazan,,,,,,,,14010.0
2023,Disposable income,Average Household Monthly Disposable Income,Number,Non-Saudi,,Makkah,,,,,,,,5425.0
2023,Disposable income,Average Household Monthly Disposable Income,Number,Non-Saudi,,Madinah,,,,,,,,5364.0
2023,Disposable income,Average Household Monthly Disposable Income,Number,Non-Saudi,,Eastern Province,,,,,,,,5132.0
2023,Disposable income,Average Household Monthly Disposable Income,Number,Non-Saudi,,Tabuk,,,,,,,,5642.0
2023,Disposable income,Average Household Monthly Disposable Income,Number,Non-Saudi,,Jazan,,,,,,,,4034.0
2023,Disposable income,Average Household Monthly Disposable Income,Number,Non-Saudi,,Najran,,,,,,,,3556.0
2023,Disposable income,Average Household Monthly Disposable Income,Number,Non-Saudi,,Al-Jouf,,,,,,,,3517.0
2023,Disposable income,Average Household Monthly Disposable Income,Number,Total,,Eastern Province,,,,,,,,11775.0
2023,Disposable income,Average Household Monthly Disposable Income,Number,Total,,Al-Jouf,,,,,,,,10686.0
2023,Disposable income,Median Household Monthly Disposable Income,Number,Saudi,,Asir,,,,,,,,12332.0
2023,Disposable income,Median Household Monthly Disposable Income,Number,Saudi,,Jazan,,,,,,,,11785.0
2023,Disposable income,Median Household Monthly Disposable Income,Number,Non-Saudi,,Riyadh,,,,,,,,3943.0
2023,Disposable income,Median Household Monthly Disposable Income,Number,Non-Saudi,,Al-Baha,,,,,,,,2577.0
2023,Disposable income,Median Household Monthly Disposable Income,Number,Total,,Riyadh,,,,,,,,8000.0
2023,Disposable income,Median Household Monthly Disposable Income,Number,Total,,Al-Baha,,,,,,,,8504.0
2023,Disposable income,Average Household Monthly Disposable Income,Number,Saudi,15 - 19,,,,,,,,,5108.0
2023,Disposable income,Average Household Monthly Disposable Income,Number,Saudi,60 - 64,,,,,,,,,23025.0
2023,Disposable income,Average Household Monthly Disposable Income,Number,Non-Saudi,35 - 39,,,,,,,,,5831.0
2023,Disposable income,Average Household Monthly Disposable Income,Number,Non-Saudi,55 - 59,,,,,,,,,6330.0
2023,Disposable income,Average Household Monthly Disposable Income,Number,Total,20 - 24,,,,,,,,,6327.0
2023,Disposable income,Average Household Monthly Disposable Income,Number,Total,30 - 34,,,,,,,,,8809.0
2023,Disposable income,Average Household Monthly Disposable Income,Number,Total,60 - 64,,,,,,,,,16216.0
2023,Disposable income,Average Household Monthly Disposable Income,Number,Total,Total,,,,,,,,,11839.0
2023,Disposable income,Average Household Monthly Disposable Income,Number,Saudi,,,Bachelor’s or equivalent level,,,,,,,22136.0
2023,Disposable income,Average Household Monthly Disposable Income,Number,Saudi,,,Master’s or equivalent level,,,,,,,40342.0
2023,Disposable income,Average Household Monthly Disposable Income,Number,Non-Saudi,,,Lower secondary education,,,,,,,3600.0
2023,Disposable income,Average Household Monthly Disposable Income,Number,Total,,,Lower secondary education,,,,,,,6345.0
2023,Disposable income,Average Household Monthly Disposable Income,Number,Total,,,Upper secondary education,,,,,,,9165.0
2023,Disposable income,Average Household Monthly Disposable Income,Number,Total,,,Higher diploma,,,,,,,19173.0
2023,Disposable income,Average Household Monthly Disposable Income,Number,Total,,,Doctoral or equivalent level,,,,,,,27885.0
2023,Disposable income,Average Household Monthly Disposable Income,Number,Saudi,,,,Widowed,,,,,,11082.0
2023,Disposable income,Average Household Monthly Disposable Income,Number,Total,,,,Widowed,,,,,,10680.0
2023,Disposable income,Average Household Monthly Disposable Income,Number,Saudi,,,,,Storey in Villa,,,,,17373.0
2023,Disposable income,Average Household Monthly Disposable Income,Number,Saudi,,,,,Other,,,,,14262.0
2023,Disposable income,Average Household Monthly Disposable Income,Number,Saudi,,,,,Total,,,,,18056.0
2023,Disposable income,Average Household Monthly Disposable Income,Number,Non-Saudi,,,,,Apartment,,,,,5527.0
2023,Disposable income,Average Household Monthly Disposable Income,Number,Non-Saudi,,,,,Storey in traditional house,,,,,4756.0
2023,Disposable income,Average Household Monthly Disposable Income,Number,Non-Saudi,,,,,Total,,,,,5428.0
2023,Disposable income,Average Household Monthly Disposable Income,Number,Total,,,,,Storey in Villa,,,,,16688.0
2023,Disposable income,Average Household Monthly Disposable Income,Number,Non-Saudi,,,,,,Total,,,,5428.0
2023,Disposable income,Average Household Monthly Disposable Income,Number,Total,,,,,,Owned with mortgage or loan,,,,21983.0
2023,Disposable income,Average Household Monthly Disposable Income,Number,Total,,,,,,Rented,,,,8208.0
2023,Disposable income,Average Household Monthly Disposable Income,Number,Saudi,,,,,,,3-4,,,17001.0
2023,Disposable income,Average Household Monthly Disposable Income,Number,Non-Saudi,,,,,,,3-4,,,6245.0
2023,Disposable income,Percentage of Household Monthly Disposable Income,Percent,Non-Saudi,,,,,,,,Labor,,74.75
2023,Disposable income,Percentage of Household Monthly Disposable Income,Percent,Non-Saudi,,,,,,,,Property,,0.05
2023,Disposable income,Percentage of Household Monthly Disposable Income,Percent,Non-Saudi,,,,,,,,Transfer paid out,,-18.51
2023,Disposable income,Average Per-Capita Monthly Disposable Income,Number,Saudi,,Riyadh,,,,,,,,5941.0
2023,Disposable income,Average Per-Capita Monthly Disposable Income,Number,Saudi,,Makkah,,,,,,,,3610.0
2023,Disposable income,Average Per-Capita Monthly Disposable Income,Number,Saudi,,Qassim,,,,,,,,2920.0
2023,Disposable income,Average Per-Capita Monthly Disposable Income,Number,Saudi,,Eastern Province,,,,,,,,4243.0
2023,Disposable income,Average Per-Capita Monthly Disposable Income,Number,Saudi,,Tabuk,,,,,,,,2950.0
2023,Disposable income,Average Per-Capita Monthly Disposable Income,Number,Saudi,,Hail,,,,,,,,2682.0
2023,Disposable income,Average Per-Capita Monthly Disposable Income,Number,Saudi,,Al-Baha,,,,,,,,3216.0
2023,Disposable income,Average Per-Capita Monthly Disposable Income,Number,Non-Saudi,,Riyadh,,,,,,,,2341.0
2023,Disposable income,Average Per-Capita Monthly Disposable Income,Number,Non-Saudi,,Makkah,,,,,,,,1812.0
2023,Disposable income,Average Per-Capita Monthly Disposable Income,Number,Non-Saudi,,Eastern Province,,,,,,,,1882.0
2023,Disposable income,Average Per-Capita Monthly Disposable Income,Number,Non-Saudi,,Al-Jouf,,,,,,,,1333.0
2023,Disposable income,Average Per-Capita Monthly Disposable Income,Number,Total,,Najran,,,,,,,,1828.0
2023,Disposable income,Average Per-Capita Monthly Disposable Income,Number,Total,,Al-Baha,,,,,,,,2985.0
2023,Disposable income,Median Per-Capita Monthly Disposable Income,Number,Non-Saudi,,Eastern Province,,,,,,,,1350.0
2023,Disposable income,Median Per-Capita Monthly Disposable Income,Number,Non-Saudi,,Asir,,,,,,,,1058.0
2023,Disposable income,Median Per-Capita Monthly Disposable Income,Number,Non-Saudi,,Al-Jouf,,,,,,,,1125.0
2023,Disposable income,Median Per-Capita Monthly Disposable Income,Number,Non-Saudi,,Total,,,,,,,,1372.0
2023,Disposable income,Median Per-Capita Monthly Disposable Income,Number,Total,,Riyadh,,,,,,,,2782.0
2023,Disposable income,Median Per-Capita Monthly Disposable Income,Number,Total,,Northern Border,,,,,,,,2181.0
2023,Disposable income,Median Per-Capita Monthly Disposable Income,Number,Total,,Jazan,,,,,,,,1871.0
2023,Disposable income,Percentage of Per-Capita Monthly Disposable Income,Percent,Saudi,,,,,,,,Transfer in,,27.495
2023,Disposable income,Percentage of Per-Capita Monthly Disposable Income,Percent,Non-Saudi,,,,,,,,Property,,0.077
2023,Disposable income,Percentage of Per-Capita Monthly Disposable Income,Percent,Total,,,,,,,,Transfer in,,17.818
2023,Consumption Expenditure,Average Household Monthly Consumption Expenditure,Number,Saudi,,Riyadh,,,,,,,,21971.0
2023,Consumption Expenditure,Average Household Monthly Consumption Expenditure,Number,Saudi,,Eastern Province,,,,,,,,17898.0
2023,Consumption Expenditure,Average Household Monthly Consumption Expenditure,Number,Saudi,,Asir,,,,,,,,12864.0
2023,Consumption Expenditure,Average Household Monthly Consumption Expenditure,Number,Non-Saudi,,Tabuk,,,,,,,,5146.0
2023,Consumption Expenditure,Average Household Monthly Consumption Expenditure,Number,Total,,Makkah,,,,,,,,9146.0
2023,Consumption Expenditure,Average Household Monthly Consumption Expenditure,Number,Total,,Al-Jouf,,,,,,,,9872.0
2023,Consumption Expenditure,Average Household Monthly Consumption Expenditure,Number,Total,,Total,,,,,,,,10884.0
2023,Consumption Expenditure,Median Household Monthly Consumption Expenditure,Number,Saudi,,Riyadh,,,,,,,,17178.0
2023,Consumption Expenditure,Median Household Monthly Consumption Expenditure,Number,Saudi,,Hail,,,,,,,,10541.0
2023,Consumption Expenditure,Median Household Monthly Consumption Expenditure,Number,Saudi,,Al-Baha,,,,,,,,12955.0
2023,Consumption Expenditure,Median Household Monthly Consumption Expenditure,Number,Non-Saudi,,Makkah,,,,,,,,4757.0
2023,Consumption Expenditure,Median Household Monthly Consumption Expenditure,Number,Non-Saudi,,Hail,,,,,,,,3220.0
2023,Consumption Expenditure,Median Household Monthly Consumption Expenditure,Number,Non-Saudi,,Northern Border,,,,,,,,4916.0
2023,Consumption Expenditure,Median Household Monthly Consumption Expenditure,Number,Non-Saudi,,Al-Jouf,,,,,,,,4198.0
2023,Consumption Expenditure,Median Household Monthly Consumption Expenditure,Number,Non-Saudi,,Total,,,,,,,,4437.0
2023,Consumption Expenditure,Median Household Monthly Consumption Expenditure,Number,Total,,Riyadh,,,,,,,,7952.0
2023,Consumption Expenditure,Median Household Monthly Consumption Expenditure,Number,Total,,Tabuk,,,,,,,,8079.0
2023,Consumption Expenditure,Median Household Monthly Consumption Expenditure,Number,Total,,Jazan,,,,,,,,11008.0
2023,Consumption Expenditure,Median Household Monthly Consumption Expenditure,Number,Total,,Najran,,,,,,,,6448.0
2023,Consumption Expenditure,Median Household Monthly Consumption Expenditure,Number,Total,,Total,,,,,,,,7654.0
2023,Consumption Expenditure,Average Household Monthly Consumption Expenditure,Number,Saudi,45 - 49,,,,,,,,,18740.0
2023,Consumption Expenditure,Average Household Monthly Consumption Expenditure,Number,Saudi,65+,,,,,,,,,16033.0
2023,Consumption Expenditure,Average Household Monthly Consumption Expenditure,Number,Non-Saudi,30 - 34,,,,,,,,,4921.0
2023,Consumption Expenditure,Average Household Monthly Consumption Expenditure,Number,Non-Saudi,50 - 54,,,,,,,,,5656.0
2023,Consumption Expenditure,Average Household Monthly Consumption Expenditure,Number,Non-Saudi,60 - 64,,,,,,,,,7995.0
2023,Consumption Expenditure,Average Household Monthly Consumption Expenditure,Number,Total,20 - 24,,,,,,,,,6586.0
2023,Consumption Expenditure,Average Household Monthly Consumption Expenditure,Number,Total,60 - 64,,,,,,,,,14853.0
2023,Consumption Expenditure,Average Household Monthly Consumption Expenditure,Number,Non-Saudi,,,Early childhood education,,,,,,,5350.0
2023,Consumption Expenditure,Average Household Monthly Consumption Expenditure,Number,Non-Saudi,,,Primary education,,,,,,,4495.0
2023,Consumption Expenditure,Average Household Monthly Consumption Expenditure,Number,Non-Saudi,,,Doctoral or equivalent level,,,,,,,11288.0
2023,Consumption Expenditure,Average Household Monthly Consumption Expenditure,Number,Total,,,No schooling,,,,,,,6824.0
2023,Consumption Expenditure,Average Household Monthly Consumption Expenditure,Number,Total,,,Early childhood education,,,,,,,7705.0
2023,Consumption Expenditure,Average Household Monthly Consumption Expenditure,Number,Total,,,Bachelor’s or equivalent level,,,,,,,14743.0
2023,Consumption Expenditure,Average Household Monthly Consumption Expenditure,Number,Total,,,Higher diploma,,,,,,,16680.0
2023,Consumption Expenditure,Average Household Monthly Consumption Expenditure,Number,Saudi,,,,Never Married,,,,,,9206.0
2023,Consumption Expenditure,Average Household Monthly Consumption Expenditure,Number,Saudi,,,,Divorced,,,,,,12046.0
2023,Consumption Expenditure,Average Household Monthly Consumption Expenditure,Number,Non-Saudi,,,,Never Married,,,,,,4542.0
2023,Consumption Expenditure,Average Household Monthly Consumption Expenditure,Number,Total,,,,Never Married,,,,,,6208.0
2023,Consumption Expenditure,Average Household Monthly Consumption Expenditure,Number,Total,,,,Married,,,,,,11567.0
2023,Consumption Expenditure,Average Household Monthly Consumption Expenditure,Number,Saudi,,,,,Traditional house,,,,,10890.0
2023,Consumption Expenditure,Average Household Monthly Consumption Expenditure,Number,Saudi,,,,,Storey in traditional house,,,,,13266.0
2023,Consumption Expenditure,Average Household Monthly Consumption Expenditure,Number,Total,,,,,Villa,,,,,24830.0
2023,Consumption Expenditure,Average Household Monthly Consumption Expenditure,Number,Total,,,,,Storey in Villa,,,,,15080.0
2023,Consumption Expenditure,Average Household Monthly Consumption Expenditure,Number,Total,,,,,Total,,,,,10884.0
2023,Consumption Expenditure,Average Household Monthly Consumption Expenditure,Number,Non-Saudi,,,,,,Owned without mortgage or loan,,,,9794.0
2023,Consumption Expenditure,Average Household Monthly Consumption Expenditure,Number,Non-Saudi,,,,,,Provided for free by charities,,,,4010.0
2023,Consumption Expenditure,Average Household Monthly Consumption Expenditure,Number,Total,,,,,,Provided for free by a household  member,,,,11746.0
2023,Consumption Expenditure,Average Household Monthly Consumption Expenditure,Number,Saudi,,,,,,,1-2,,,9327.0
2023,Consumption Expenditure,Average Per-Capita Monthly Consumption Expenditure,Number,Saudi,,Eastern Province,,,,,,,,4071.0
2023,Consumption Expenditure,Average Per-Capita Monthly Consumption Expenditure,Number,Saudi,,Asir,,,,,,,,2736.0
2023,Consumption Expenditure,Average Per-Capita Monthly Consumption Expenditure,Number,Non-Saudi,,Madinah,,,,,,,,1599.0
2023,Consumption Expenditure,Average Per-Capita Monthly Consumption Expenditure,Number,Non-Saudi,,Eastern Province,,,,,,,,1963.0
2023,Consumption Expenditure,Average Per-Capita Monthly Consumption Expenditure,Number,Non-Saudi,,Al-Baha,,,,,,,,2052.0
2023,Consumption Expenditure,Average Per-Capita Monthly Consumption Expenditure,Number,Non-Saudi,,Al-Jouf,,,,,,,,1847.0
2023,Consumption Expenditure,Average Per-Capita Monthly Consumption Expenditure,Number,Total,,Riyadh,,,,,,,,3770.0
2023,Consumption Expenditure,Average Per-Capita Monthly Consumption Expenditure,Number,Total,,Madinah,,,,,,,,2323.0
2023,Consumption Expenditure,Average Per-Capita Monthly Consumption Expenditure,Number,Total,,Northern Border,,,,,,,,2331.0
2023,Consumption Expenditure,Average Per-Capita Monthly Consumption Expenditure,Number,Total,,Najran,,,,,,,,1872.0
2023,Consumption Expenditure,Average Per-Capita Monthly Consumption Expenditure,Number,Total,,Al-Baha,,,,,,,,2979.0
2023,Consumption Expenditure,Average Per-Capita Monthly Consumption Expenditure,Number,Total,,Al-Jouf,,,,,,,,2206.0
2023,Consumption Expenditure,Median Per-Capita Monthly Consumption Expenditure,Number,Saudi,,Makkah,,,,,,,,2508.0
2023,Consumption Expenditure,Median Per-Capita Monthly Consumption Expenditure,Number,Saudi,,Qassim,,,,,,,,2420.0
2023,Consumption Expenditure,Median Per-Capita Monthly Consumption Expenditure,Number,Saudi,,Total,,,,,,,,2803.0
2023,Consumption Expenditure,Median Per-Capita Monthly Consumption Expenditure,Number,Non-Saudi,,Makkah,,,,,,,,1675.0
2023,Consumption Expenditure,Median Per-Capita Monthly Consumption Expenditure,Number,Non-Saudi,,Asir,,,,,,,,1581.0
2023,Consumption Expenditure,Median Per-Capita Monthly Consumption Expenditure,Number,Non-Saudi,,Tabuk,,,,,,,,1558.0
2023,Consumption Expenditure,Median Per-Capita Monthly Consumption Expenditure,Number,Non-Saudi,,Al-Baha,,,,,,,,1645.0
2023,Consumption Expenditure,Median Per-Capita Monthly Consumption Expenditure,Number,Non-Saudi,,Al-Jouf,,,,,,,,1595.0
2023,Consumption Expenditure,Median Per-Capita Monthly Consumption Expenditure,Number,Total,,Qassim,,,,,,,,2047.0
2023,Consumption Expenditure,Median Per-Capita Monthly Consumption Expenditure,Number,Total,,Al-Jouf,,,,,,,,1905.0
2023,Final Monetary Consumption Expenditure,Average Household Monthly Final Monetary Consumption Expenditure,Number,Saudi,,Riyadh,,,,,,,,17366.12111584434
2023,Final Monetary Consumption Expenditure,Average Household Monthly Final Monetary Consumption Expenditure,Number,Saudi,,Madinah,,,,,,,,11461.44909217636
2023,Final Monetary Consumption Expenditure,Average Household Monthly Final Monetary Consumption Expenditure,Number,Saudi,,Hail,,,,,,,,9856.562866071356
2023,Final Monetary Consumption Expenditure,Average Household Monthly Final Monetary Consumption Expenditure,Number,Saudi,,Northern Border,,,,,,,,12214.5325280061
2023,Final Monetary Consumption Expenditure,Average Household Monthly Final Monetary Consumption Expenditure,Number,Non-Saudi,,Qassim,,,,,,,,3702.680331827454
2023,Final Monetary Consumption Expenditure,Average Household Monthly Final Monetary Consumption Expenditure,Number,Non-Saudi,,Asir,,,,,,,,4026.298094657091
2023,Final Monetary Consumption Expenditure,Average Household Monthly Final Monetary Consumption Expenditure,Number,Non-Saudi,,Tabuk,,,,,,,,4994.348793755259
2023,Final Monetary Consumption Expenditure,Average Household Monthly Final Monetary Consumption Expenditure,Number,Non-Saudi,,Hail,,,,,,,,3486.819840242754
2023,Final Monetary Consumption Expenditure,Average Household Monthly Final Monetary Consumption Expenditure,Number,Non-Saudi,,Najran,,,,,,,,3552.360577694506
2023,Final Monetary Consumption Expenditure,Average Household Monthly Final Monetary Consumption Expenditure,Number,Non-Saudi,,Al-Jouf,,,,,,,,4838.994571113748
2023,Final Monetary Consumption Expenditure,Average Household Monthly Final Monetary Consumption Expenditure,Number,Total,,Riyadh,,,,,,,,10664.32129796475
2023,Final Monetary Consumption Expenditure,Average Household Monthly Final Monetary Consumption Expenditure,Number,Total,,Makkah,,,,,,,,8040.648631597608
2023,Final Monetary Consumption Expenditure,Average Household Monthly Final Monetary Consumption Expenditure,Number,Total,,Asir,,,,,,,,8428.676262045541
2023,Final Monetary Consumption Expenditure,Average Household Monthly Final Monetary Consumption Expenditure,Number,Total,,Tabuk,,,,,,,,9090.397026072751
2023,Final Monetary Consumption Expenditure,Average Household Monthly Final Monetary Consumption Expenditure,Number,Total,,Hail,,,,,,,,7273.173447599997
2023,Final Monetary Consumption Expenditure,Median Household Monthly Final Monetary Consumption Expenditure,Number,Saudi,,Makkah,,,,,,,,8738.988894805372
2023,Final Monetary Consumption Expenditure,Median Household Monthly Final Monetary Consumption Expenditure,Number,Saudi,,Qassim,,,,,,,,9010.238218441584
2023,Final Monetary Consumption Expenditure,Median Household Monthly Final Monetary Consumption Expenditure,Number,Saudi,,Northern Border,,,,,,,,10600.47227837208
2023,Final Monetary Consumption Expenditure,Median Household Monthly Final Monetary Consumption Expenditure,Number,Saudi,,Najran,,,,,,,,7865.956784412987
2023,Final Monetary Consumption Expenditure,Median Household Monthly Final Monetary Consumption Expenditure,Number,Non-Saudi,,Northern Border,,,,,,,,5145.343016000932
2023,Final Monetary Consumption Expenditure,Median Household Monthly Final Monetary Consumption Expenditure,Number,Non-Saudi,,Najran,,,,,,,,2643.865413029718
2023,Final Monetary Consumption Expenditure,Median Household Monthly Final Monetary Consumption Expenditure,Number,Total,,Riyadh,,,,,,,,7268.385371352892
2023,Final Monetary Consumption Expenditure,Median Household Monthly Final Monetary Consumption Expenditure,Number,Total,,Makkah,,,,,,,,6043.378979116534
2023,Final Monetary Consumption Expenditure,Median Household Monthly Final Monetary Consumption Expenditure,Number,Total,,Qassim,,,,,,,,6047.359794689137
2023,Final Monetary Consumption Expenditure,Median Household Monthly Final Monetary Consumption Expenditure,Number,Total,,Eastern Province,,,,,,,,6679.880149772672
2023,Final Monetary Consumption Expenditure,Median Household Monthly Final Monetary Consumption Expenditure,Number,Total,,Tabuk,,,,,,,,7496.018544211523
2023,Final Monetary Consumption Expenditure,Median Household Monthly Final Monetary Consumption Expenditure,Number,Total,,Najran,,,,,,,,5200.781062254645
2023,Final Monetary Consumption Expenditure,Average Household Monthly Final Monetary Consumption Expenditure,Number,Saudi,15 - 19,,,,,,,,,6528.0
2023,Final Monetary Consumption Expenditure,Average Household Monthly Final Monetary Consumption Expenditure,Number,Saudi,25 - 29,,,,,,,,,9439.0
2023,Final Monetary Consumption Expenditure,Average Household Monthly Final Monetary Consumption Expenditure,Number,Saudi,35 - 39,,,,,,,,,13525.0
2023,Final Monetary Consumption Expenditure,Average Household Monthly Final Monetary Consumption Expenditure,Number,Saudi,55 - 59,,,,,,,,,16804.0
2023,Final Monetary Consumption Expenditure,Average Household Monthly Final Monetary Consumption Expenditure,Number,Non-Saudi,25 - 29,,,,,,,,,4123.0
2023,Final Monetary Consumption Expenditure,Average Household Monthly Final Monetary Consumption Expenditure,Number,Non-Saudi,30 - 34,,,,,,,,,4652.0
2023,Final Monetary Consumption Expenditure,Average Household Monthly Final Monetary Consumption Expenditure,Number,Non-Saudi,65+,,,,,,,,,6771.0
2023,Final Monetary Consumption Expenditure,Average Household Monthly Final Monetary Consumption Expenditure,Number,Non-Saudi,Total,,,,,,,,,5188.0
2023,Final Monetary Consumption Expenditure,Average Household Monthly Final Monetary Consumption Expenditure,Number,Saudi,,,No schooling,,,,,,,8422.0
2023,Final Monetary Consumption Expenditure,Average Household Monthly Final Monetary Consumption Expenditure,Number,Total,,,Early childhood education,,,,,,,7158.0
2023,Final Monetary Consumption Expenditure,Average Household Monthly Final Monetary Consumption Expenditure,Number,Non-Saudi,,,,Married,,,,,,5362.0
2023,Final Monetary Consumption Expenditure,Average Household Monthly Final Monetary Consumption Expenditure,Number,Non-Saudi,,,,Divorced,,,,,,5638.0
2023,Final Monetary Consumption Expenditure,Average Household Monthly Final Monetary Consumption Expenditure,Number,Total,,,,Married,,,,,,9996.0
2023,Final Monetary Consumption Expenditure,Average Household Monthly Final Monetary Consumption Expenditure,Number,Non-Saudi,,,,,Storey in Villa,,,,,10725.0
2023,Final Monetary Consumption Expenditure,Average Household Monthly Final Monetary Consumption Expenditure,Number,Non-Saudi,,,,,Traditional house,,,,,4817.0
2023,Final Monetary Consumption Expenditure,Average Household Monthly Final Monetary Consumption Expenditure,Number,Saudi,,,,,,Provided for free by charities,,,,9178.0
2023,Final Monetary Consumption Expenditure,Average Household Monthly Final Monetary Consumption Expenditure,Number,Saudi,,,,,,Provided for free by a household  member,,,,10705.0
2023,Final Monetary Consumption Expenditure,Average Household Monthly Final Monetary Consumption Expenditure,Number,Non-Saudi,,,,,,Owned without mortgage or loan,,,,6551.0
2023,Final Monetary Consumption Expenditure,Average Household Monthly Final Monetary Consumption Expenditure,Number,Non-Saudi,,,,,,Owned with mortgage or loan,,,,7649.0
2023,Final Monetary Consumption Expenditure,Average Household Monthly Final Monetary Consumption Expenditure,Number,Non-Saudi,,,,,,Provided for free by charities,,,,2792.0
2023,Final Monetary Consumption Expenditure,Average Household Monthly Final Monetary Consumption Expenditure,Number,Non-Saudi,,,,,,Other,,,,4927.0
2023,Final Monetary Consumption Expenditure,Average Household Monthly Final Monetary Consumption Expenditure,Number,Total,,,,,,Owned without mortgage or loan,,,,14957.0
2023,Final Monetary Consumption Expenditure,Average Household Monthly Final Monetary Consumption Expenditure,Number,Total,,,,,,Owned with mortgage or loan,,,,14490.0
2023,Final Monetary Consumption Expenditure,Average Household Monthly Final Monetary Consumption Expenditure,Number,Total,,,,,,Provided for free by a household  member,,,,10333.0
2023,Final Monetary Consumption Expenditure,Average Household Monthly Final Monetary Consumption Expenditure,Number,Saudi,,,,,,,5+,,,16446.0
2023,Final Monetary Consumption Expenditure,Average Per-Capita Monthly Final Monetary Consumption Expenditure,Number,Saudi,,Tabuk,,,,,,,,2365.0
2023,Final Monetary Consumption Expenditure,Average Per-Capita Monthly Final Monetary Consumption Expenditure,Number,Saudi,,Northern Border,,,,,,,,2194.0
2023,Final Monetary Consumption Expenditure,Average Per-Capita Monthly Final Monetary Consumption Expenditure,Number,Saudi,,Jazan,,,,,,,,3156.0
2023,Final Monetary Consumption Expenditure,Average Per-Capita Monthly Final Monetary Consumption Expenditure,Number,Non-Saudi,,Makkah,,,,,,,,1814.0
2023,Final Monetary Consumption Expenditure,Average Per-Capita Monthly Final Monetary Consumption Expenditure,Number,Non-Saudi,,Madinah,,,,,,,,1579.0
2023,Final Monetary Consumption Expenditure,Average Per-Capita Monthly Final Monetary Consumption Expenditure,Number,Non-Saudi,,Hail,,,,,,,,1611.0
2023,Final Monetary Consumption Expenditure,Average Per-Capita Monthly Final Monetary Consumption Expenditure,Number,Total,,Makkah,,,,,,,,2227.0
2023,Final Monetary Consumption Expenditure,Average Per-Capita Monthly Final Monetary Consumption Expenditure,Number,Total,,Madinah,,,,,,,,2188.0
2023,Final Monetary Consumption Expenditure,Average Per-Capita Monthly Final Monetary Consumption Expenditure,Number,Total,,Hail,,,,,,,,1878.0
2023,Final Monetary Consumption Expenditure,Average Per-Capita Monthly Final Monetary Consumption Expenditure,Number,Total,,Najran,,,,,,,,1611.0
2023,Final Monetary Consumption Expenditure,Average Per-Capita Monthly Final Monetary Consumption Expenditure,Number,Total,,Al-Baha,,,,,,,,2886.0
2023,Final Monetary Consumption Expenditure,Median Per-Capita Monthly Final Monetary Consumption Expenditure,Number,Saudi,,Makkah,,,,,,,,1975.0
2023,Final Monetary Consumption Expenditure,Median Per-Capita Monthly Final Monetary Consumption Expenditure,Number,Saudi,,Northern Border,,,,,,,,1914.0
2023,Final Monetary Consumption Expenditure,Median Per-Capita Monthly Final Monetary Consumption Expenditure,Number,Non-Saudi,,Eastern Province,,,,,,,,1461.0
2023,Final Monetary Consumption Expenditure,Median Per-Capita Monthly Final Monetary Consumption Expenditure,Number,Non-Saudi,,Al-Baha,,,,,,,,1518.0
2023,Final Monetary Consumption Expenditure,Median Per-Capita Monthly Final Monetary Consumption Expenditure,Number,Total,,Makkah,,,,,,,,1756.0
2023,Final Monetary Consumption Expenditure,Average Household Monthly Final Monetary Consumption Expenditure,Number,Saudi,,,,,,,,,Insurance and financial services,123.3
2023,Final Monetary Consumption Expenditure,Average Household Monthly Final Monetary Consumption Expenditure,Number,Saudi,,,,,,,,,"Personal care, social protection and miscellaneous goods and services",731.9
2023,Final Monetary Consumption Expenditure,Average Household Monthly Final Monetary Consumption Expenditure,Number,Non-Saudi,,,,,,,,,Education services,61.9
2023,Final Monetary Consumption Expenditure,Average Household Monthly Final Monetary Consumption Expenditure,Number,Non-Saudi,,,,,,,,,Insurance and financial services,78.0
2023,Final Monetary Consumption Expenditure,Average Household Monthly Final Monetary Consumption Expenditure,Number,Total,,,,,,,,,Information and communication,484.4
2023,Final Monetary Consumption Expenditure,Percentage of Household Monthly Final Monetary Consumption Expenditure,Percent,Saudi,,,,,,,,,Food and beverages,0.2764
2023,Final Monetary Consumption Expenditure,Percentage of Household Monthly Final Monetary Consumption Expenditure,Percent,Non-Saudi,,,,,,,,,Education services,1.1900000000000002
2023,Final Monetary Consumption Expenditure,Percentage of Household Monthly Final Monetary Consumption Expenditure,Percent,Total,,,,,,,,,Health,1.87
2023,Final Monetary Consumption Expenditure,Percentage of Household Monthly Final Monetary Consumption Expenditure,Percent,Total,,,,,,,,,Education services,1.28
2023,Final Monetary Consumption Expenditure,Percentage of Household Monthly Final Monetary Consumption Expenditure,Percent,Total,,,,,,,,,Insurance and financial services,1.0699999999999998
2023,Final Monetary Consumption Expenditure,Average Household Monthly Final Monetary Consumption Expenditure,Number,Total,,Makkah,,,,,,,"Housing, water, electricity, gas and other fuels",1519.955222
2023,Final Monetary Consumption Expenditure,Average Household Monthly Final Monetary Consumption Expenditure,Number,Total,,Makkah,,,,,,,Information and communication,404.680164
2023,Final Monetary Consumption Expenditure,Average Household Monthly Final Monetary Consumption Expenditure,Number,Total,,Makkah,,,,,,,Restaurants and accommodation services,887.717811
2023,Final Monetary Consumption Expenditure,Average Household Monthly Final Monetary Consumption Expenditure,Number,Total,,Madinah,,,,,,,Food and beverages,2926.341024
2023,Final Monetary Consumption Expenditure,Average Household Monthly Final Monetary Consumption Expenditure,Number,Total,,Madinah,,,,,,,"Furnishings, household equipment and routine household maintenance",437.549069
2023,Final Monetary Consumption Expenditure,Average Household Monthly Final Monetary Consumption Expenditure,Number,Total,,Madinah,,,,,,,"Recreation, sport and culture",196.908314
2023,Final Monetary Consumption Expenditure,Average Household Monthly Final Monetary Consumption Expenditure,Number,Total,,Madinah,,,,,,,Restaurants and accommodation services,1216.188961
2023,Final Monetary Consumption Expenditure,Average Household Monthly Final Monetary Consumption Expenditure,Number,Total,,Madinah,,,,,,,"Personal care, social protection and miscellaneous goods and services",406.04557
2023,Final Monetary Consumption Expenditure,Average Household Monthly Final Monetary Consumption Expenditure,Number,Total,,Qassim,,,,,,,Food and beverages,2727.515489
2023,Final Monetary Consumption Expenditure,Average Household Monthly Final Monetary Consumption Expenditure,Number,Total,,Qassim,,,,,,,Transport,1234.955986
2023,Final Monetary Consumption Expenditure,Average Household Monthly Final Monetary Consumption Expenditure,Number,Total,,Qassim,,,,,,,Information and communication,502.137106
2023,Final Monetary Consumption Expenditure,Average Household Monthly Final Monetary Consumption Expenditure,Number,Total,,Qassim,,,,,,,"Recreation, sport and culture",199.979966
2023,Final Monetary Consumption Expenditure,Average Household Monthly Final Monetary Consumption Expenditure,Number,Total,,Eastern Province,,,,,,,Food and beverages,2351.265885
2023,Final Monetary Consumption Expenditure,Average Household Monthly Final Monetary Consumption Expenditure,Number,Total,,Eastern Province,,,,,,,Tobacco,80.348517
2023,Final Monetary Consumption Expenditure,Average Household Monthly Final Monetary Consumption Expenditure,Number,Total,,Eastern Province,,,,,,,"Recreation, sport and culture",621.492082
2023,Final Monetary Consumption Expenditure,Average Household Monthly Final Monetary Consumption Expenditure,Number,Total,,Eastern Province,,,,,,,Education services,113.713472
2023,Final Monetary Consumption Expenditure,Average Household Monthly Final Monetary Consumption Expenditure,Number,Total,,Asir,,,,,,,Food and beverages,2763.297573
2023,Final Monetary Consumption Expenditure,Average Household Monthly Final Monetary Consumption Expenditure,Number,Total,,Asir,,,,,,,Information and communication,502.12029
2023,Final Monetary Consumption Expenditure,Average Household Monthly Final Monetary Consumption Expenditure,Number,Total,,Asir,,,,,,,"Recreation, sport and culture",190.145726
2023,Final Monetary Consumption Expenditure,Average Household Monthly Final Monetary Consumption Expenditure,Number,Total,,Tabuk,,,,,,,Education services,40.962054
2023,Final Monetary Consumption Expenditure,Average Household Monthly Final Monetary Consumption Expenditure,Number,Total,,Tabuk,,,,,,,Restaurants and accommodation services,1217.592345
2023,Final Monetary Consumption Expenditure,Average Household Monthly Final Monetary Consumption Expenditure,Number,Total,,Hail,,,,,,,Health,109.7419
2023,Final Monetary Consumption Expenditure,Average Household Monthly Final Monetary Consumption Expenditure,Number,Total,,Hail,,,,,,,Restaurants and accommodation services,645.891163
2023,Final Monetary Consumption Expenditure,Average Household Monthly Final Monetary Consumption Expenditure,Number,Total,,Hail,,,,,,,"Personal care, social protection and miscellaneous goods and services",240.201593
2023,Final Monetary Consumption Expenditure,Average Household Monthly Final Monetary Consumption Expenditure,Number,Total,,Northern Border,,,,,,,Food and beverages,3476.430504
2023,Final Monetary Consumption Expenditure,Average Household Monthly Final Monetary Consumption Expenditure,Number,Total,,Northern Border,,,,,,,Health,154.011587
2023,Final Monetary Consumption Expenditure,Average Household Monthly Final Monetary Consumption Expenditure,Number,Total,,Northern Border,,,,,,,Information and communication,555.653434
2023,Final Monetary Consumption Expenditure,Average Household Monthly Final Monetary Consumption Expenditure,Number,Total,,Northern Border,,,,,,,"Recreation, sport and culture",238.790864
2023,Final Monetary Consumption Expenditure,Average Household Monthly Final Monetary Consumption Expenditure,Number,Total,,Jazan,,,,,,,"Housing, water, electricity, gas and other fuels",1371.118008
2023,Final Monetary Consumption Expenditure,Average Household Monthly Final Monetary Consumption Expenditure,Number,Total,,Jazan,,,,,,,Information and communication,534.681605
2023,Final Monetary Consumption Expenditure,Average Household Monthly Final Monetary Consumption Expenditure,Number,Total,,Jazan,,,,,,,"Personal care, social protection and miscellaneous goods and services",704.537542
2023,Final Monetary Consumption Expenditure,Average Household Monthly Final Monetary Consumption Expenditure,Number,Total,,Al-Baha,,,,,,,Food and beverages,3995.048883
2023,Final Monetary Consumption Expenditure,Average Household Monthly Final Monetary Consumption Expenditure,Number,Total,,Al-Baha,,,,,,,Restaurants and accommodation services,1129.747404
2023,Final Monetary Consumption Expenditure,Average Household Monthly Final Monetary Consumption Expenditure,Number,Total,,Al-Jouf,,,,,,,"Furnishings, household equipment and routine household maintenance",455.716522
2023,Final Monetary Consumption Expenditure,Average Household Monthly Final Monetary Consumption Expenditure,Number,Total,,Al-Jouf,,,,,,,Transport,937.176147
2023,Final Monetary Consumption Expenditure,Average Household Monthly Final Monetary Consumption Expenditure,Number,Total,,Al-Jouf,,,,,,,"Recreation, sport and culture",209.379903
2023,Final Monetary Consumption Expenditure,Percentage of Household Monthly Final Monetary Consumption Expenditure,Percent,Total,,Riyadh,,,,,,,"Housing, water, electricity, gas and other fuels",12.75
2023,Final Monetary Consumption Expenditure,Percentage of Household Monthly Final Monetary Consumption Expenditure,Percent,Total,,Makkah,,,,,,,"Housing, water, electricity, gas and other fuels",18.9
2023,Final Monetary Consumption Expenditure,Percentage of Household Monthly Final Monetary Consumption Expenditure,Percent,Total,,Makkah,,,,,,,"Furnishings, household equipment and routine household maintenance",5.2299999999999995
2023,Final Monetary Consumption Expenditure,Percentage of Household Monthly Final Monetary Consumption Expenditure,Percent,Total,,Makkah,,,,,,,Information and communication,5.029999999999999
2023,Final Monetary Consumption Expenditure,Percentage of Household Monthly Final Monetary Consumption Expenditure,Percent,Total,,Makkah,,,,,,,Education services,0.44999999999999996
2023,Final Monetary Consumption Expenditure,Percentage of Household Monthly Final Monetary Consumption Expenditure,Percent,Total,,Makkah,,,,,,,"Personal care, social protection and miscellaneous goods and services",4.859999999999999
2023,Final Monetary Consumption Expenditure,Percentage of Household Monthly Final Monetary Consumption Expenditure,Percent,Total,,Madinah,,,,,,,Food and beverages,33.35
2023,Final Monetary Consumption Expenditure,Percentage of Household Monthly Final Monetary Consumption Expenditure,Percent,Total,,Madinah,,,,,,,"Housing, water, electricity, gas and other fuels",14.26
2023,Final Monetary Consumption Expenditure,Percentage of Household Monthly Final Monetary Consumption Expenditure,Percent,Total,,Madinah,,,,,,,Transport,8.38
2023,Final Monetary Consumption Expenditure,Percentage of Household Monthly Final Monetary Consumption Expenditure,Percent,Total,,Madinah,,,,,,,Information and communication,4.78
2023,Final Monetary Consumption Expenditure,Percentage of Household Monthly Final Monetary Consumption Expenditure,Percent,Total,,Madinah,,,,,,,Education services,0.67
2023,Final Monetary Consumption Expenditure,Percentage of Household Monthly Final Monetary Consumption Expenditure,Percent,Total,,Qassim,,,,,,,"Housing, water, electricity, gas and other fuels",12.27
2023,Final Monetary Consumption Expenditure,Percentage of Household Monthly Final Monetary Consumption Expenditure,Percent,Total,,Qassim,,,,,,,"Furnishings, household equipment and routine household maintenance",5.7700000000000005
2023,Final Monetary Consumption Expenditure,Percentage of Household Monthly Final Monetary Consumption Expenditure,Percent,Total,,Qassim,,,,,,,"Personal care, social protection and miscellaneous goods and services",5.4
2023,Final Monetary Consumption Expenditure,Percentage of Household Monthly Final Monetary Consumption Expenditure,Percent,Total,,Eastern Province,,,,,,,Food and beverages,23.3
2023,Final Monetary Consumption Expenditure,Percentage of Household Monthly Final Monetary Consumption Expenditure,Percent,Total,,Eastern Province,,,,,,,"Housing, water, electricity, gas and other fuels",13.44
2023,Final Monetary Consumption Expenditure,Percentage of Household Monthly Final Monetary Consumption Expenditure,Percent,Total,,Eastern Province,,,,,,,"Recreation, sport and culture",6.16
2023,Final Monetary Consumption Expenditure,Percentage of Household Monthly Final Monetary Consumption Expenditure,Percent,Total,,Asir,,,,,,,Food and beverages,32.78
2023,Final Monetary Consumption Expenditure,Percentage of Household Monthly Final Monetary Consumption Expenditure,Percent,Total,,Asir,,,,,,,"Personal care, social protection and miscellaneous goods and services",5.04
2023,Final Monetary Consumption Expenditure,Percentage of Household Monthly Final Monetary Consumption Expenditure,Percent,Total,,Tabuk,,,,,,,"Recreation, sport and culture",1.87
2023,Final Monetary Consumption Expenditure,Percentage of Household Monthly Final Monetary Consumption Expenditure,Percent,Total,,Hail,,,,,,,Tobacco,1.0
2023,Final Monetary Consumption Expenditure,Percentage of Household Monthly Final Monetary Consumption Expenditure,Percent,Total,,Hail,,,,,,,Clothing and footwear,9.19
2023,Final Monetary Consumption Expenditure,Percentage of Household Monthly Final Monetary Consumption Expenditure,Percent,Total,,Hail,,,,,,,"Recreation, sport and culture",1.5
2023,Final Monetary Consumption Expenditure,Percentage of Household Monthly Final Monetary Consumption Expenditure,Percent,Total,,Hail,,,,,,,Education services,0.21
2023,Final Monetary Consumption Expenditure,Percentage of Household Monthly Final Monetary Consumption Expenditure,Percent,Total,,Hail,,,,,,,Insurance and financial services,1.01
2023,Final Monetary Consumption Expenditure,Percentage of Household Monthly Final Monetary Consumption Expenditure,Percent,Total,,Jazan,,,,,,,Clothing and footwear,9.27
2023,Final Monetary Consumption Expenditure,Percentage of Household Monthly Final Monetary Consumption Expenditure,Percent,Total,,Jazan,,,,,,,Transport,9.01
2023,Final Monetary Consumption Expenditure,Percentage of Household Monthly Final Monetary Consumption Expenditure,Percent,Total,,Jazan,,,,,,,Information and communication,4.16
2023,Final Monetary Consumption Expenditure,Percentage of Household Monthly Final Monetary Consumption Expenditure,Percent,Total,,Najran,,,,,,,"Furnishings, household equipment and routine household maintenance",3.7600000000000002
2023,Final Monetary Consumption Expenditure,Percentage of Household Monthly Final Monetary Consumption Expenditure,Percent,Total,,Al-Baha,,,,,,,Food and beverages,36.35
2023,Final Monetary Consumption Expenditure,Percentage of Household Monthly Final Monetary Consumption Expenditure,Percent,Total,,Al-Baha,,,,,,,Clothing and footwear,9.08
2023,Final Monetary Consumption Expenditure,Percentage of Household Monthly Final Monetary Consumption Expenditure,Percent,Total,,Al-Jouf,,,,,,,Clothing and footwear,9.59
2023,Final Monetary Consumption Expenditure,Percentage of Household Monthly Final Monetary Consumption Expenditure,Percent,Total,,Al-Jouf,,,,,,,"Furnishings, household equipment and routine household maintenance",5.2
2023,Final Monetary Consumption Expenditure,Percentage of Household Monthly Final Monetary Consumption Expenditure,Percent,Total,,Al-Jouf,,,,,,,"Recreation, sport and culture",2.39
2023,Final Monetary Consumption Expenditure,Percentage of Household Monthly Final Monetary Consumption Expenditure,Percent,Total,,Al-Jouf,,,,,,,Restaurants and accommodation services,10.77
2023,Final Monetary Consumption Expenditure,Average Household Monthly Final Monetary Consumption Expenditure for Houshold,Number,Saudi,,,,,,,,,Tobacco,57.4
2023,Final Monetary Consumption Expenditure,Average Household Monthly Final Monetary Consumption Expenditure for Houshold,Number,Saudi,,,,,,,,,"Housing, water, electricity, gas and other fuels",1504.6
2023,Final Monetary Consumption Expenditure,Average Household Monthly Final Monetary Consumption Expenditure for Houshold,Number,Non-Saudi,,,,,,,,,Tobacco,84.7
2023,Final Monetary Consumption Expenditure,Average Household Monthly Final Monetary Consumption Expenditure for Houshold,Number,Non-Saudi,,,,,,,,,Health,85.5
2023,Final Monetary Consumption Expenditure,Average Household Monthly Final Monetary Consumption Expenditure for Houshold,Number,Total,,,,,,,,,Clothing and footwear,900.9
2023,Final Monetary Consumption Expenditure,Average Household Monthly Final Monetary Consumption Expenditure for Houshold,Number,Total,,,,,,,,,"Housing, water, electricity, gas and other fuels",1332.0
2023,Final Monetary Consumption Expenditure,Average Household Monthly Final Monetary Consumption Expenditure for Houshold,Number,Total,,,,,,,,,Health,176.6
2023,Final Monetary Consumption Expenditure,Percentage of Household Monthly Final Monetary Consumption Expenditure for Houshold,Percent,Saudi,,,,,,,,,Transport,11.81
2023,Final Monetary Consumption Expenditure,Percentage of Household Monthly Final Monetary Consumption Expenditure for Houshold,Percent,Saudi,,,,,,,,,Information and communication,4.82
2023,Final Monetary Consumption Expenditure,Percentage of Household Monthly Final Monetary Consumption Expenditure for Houshold,Percent,Non-Saudi,,,,,,,,,Clothing and footwear,6.76
2023,Final Monetary Consumption Expenditure,Percentage of Household Monthly Final Monetary Consumption Expenditure for Houshold,Percent,Non-Saudi,,,,,,,,,Transport,6.97
2023,Final Monetary Consumption Expenditure,Percentage of Household Monthly Final Monetary Consumption Expenditure for Houshold,Percent,Non-Saudi,,,,,,,,,Insurance and financial services,1.5
2023,Final Monetary Consumption Expenditure,Percentage of Household Monthly Final Monetary Consumption Expenditure for Houshold,Percent,Total,,,,,,,,,Food and beverages,27.85
2023,Final Monetary Consumption Expenditure,Percentage of Household Monthly Final Monetary Consumption Expenditure for Houshold,Percent,Total,,,,,,,,,"Housing, water, electricity, gas and other fuels",14.13
2023,Final Monetary Consumption Expenditure,Percentage of Household Monthly Final Monetary Consumption Expenditure for Houshold,Percent,Total,,,,,,,,,Health,1.87
2023,Final Monetary Consumption Expenditure,Percentage of Household Monthly Final Monetary Consumption Expenditure for Houshold,Percent,Total,,,,,,,,,Transport,10.489999999999998
2023,Final Monetary Consumption Expenditure,Percentage of Household Monthly Final Monetary Consumption Expenditure for Houshold,Percent,Total,,,,,,,,,Education services,1.28
2023,Final Monetary Consumption Expenditure,Average Household Monthly Final Monetary Consumption Expenditure for Individual,Number,Saudi,,,,,,,,,Information and communication,143.9
2023,Final Monetary Consumption Expenditure,Average Household Monthly Final Monetary Consumption Expenditure for Individual,Number,Saudi,,,,,,,,,"Recreation, sport and culture",131.1
2023,Final Monetary Consumption Expenditure,Average Household Monthly Final Monetary Consumption Expenditure for Individual,Number,Saudi,,,,,,,,,"Personal care, social protection and miscellaneous goods and services",161.3
2023,Final Monetary Consumption Expenditure,Average Household Monthly Final Monetary Consumption Expenditure for Individual,Number,Non-Saudi,,,,,,,,,"Housing, water, electricity, gas and other fuels",405.9
2023,Final Monetary Consumption Expenditure,Average Household Monthly Final Monetary Consumption Expenditure for Individual,Number,Non-Saudi,,,,,,,,,"Furnishings, household equipment and routine household maintenance",60.8
2023,Final Monetary Consumption Expenditure,Average Household Monthly Final Monetary Consumption Expenditure for Individual,Number,Non-Saudi,,,,,,,,,Transport,127.1
2023,Final Monetary Consumption Expenditure,Average Household Monthly Final Monetary Consumption Expenditure for Individual,Number,Non-Saudi,,,,,,,,,Information and communication,109.2
2023,Final Monetary Consumption Expenditure,Average Household Monthly Final Monetary Consumption Expenditure for Individual,Number,Non-Saudi,,,,,,,,,"Recreation, sport and culture",26.0
2023,Final Monetary Consumption Expenditure,Average Household Monthly Final Monetary Consumption Expenditure for Individual,Number,Non-Saudi,,,,,,,,,"Personal care, social protection and miscellaneous goods and services",113.5
2023,Final Monetary Consumption Expenditure,Average Household Monthly Final Monetary Consumption Expenditure for Individual,Number,Total,,,,,,,,,Clothing and footwear,243.292
2023,Final Monetary Consumption Expenditure,Percentage of Household Monthly Final Monetary Consumption Expenditure for Individual,Percent,Saudi,,,,,,,,,Transport,11.799999999999999
2023,Final Monetary Consumption Expenditure,Percentage of Household Monthly Final Monetary Consumption Expenditure for Individual,Percent,Non-Saudi,,,,,,,,,"Housing, water, electricity, gas and other fuels",22.25
2023,Final Monetary Consumption Expenditure,Percentage of Household Monthly Final Monetary Consumption Expenditure for Individual,Percent,Non-Saudi,,,,,,,,,Transport,6.97
2023,Final Monetary Consumption Expenditure,Percentage of Household Monthly Final Monetary Consumption Expenditure for Individual,Percent,Non-Saudi,,,,,,,,,Restaurants and accommodation services,12.67
2023,Final Monetary Consumption Expenditure,Percentage of Household Monthly Final Monetary Consumption Expenditure for Individual,Percent,Total,,,,,,,,,Clothing and footwear,9.56
2023,Final Monetary Consumption Expenditure,Percentage of Household Monthly Final Monetary Consumption Expenditure for Individual,Percent,Total,,,,,,,,,"Recreation, sport and culture",3.5900000000000003
2023,Final Monetary Consumption Expenditure,Percentage of Household Monthly Final Monetary Consumption Expenditure for Individual,Percent,Total,,,,,,,,,Restaurants and accommodation services,11.66
2023,Disposable income,Median Household Monthly Disposable Income,Number,Saudi,,,,,,,,,,13655.0
2023,Disposable income,Average Per-capita Monthly Disposable Income,Number,Saudi,,,,,,,,,,3977.0
2023,Disposable income,Average Per-capita Monthly Disposable Income,Number,Non-Saudi,,,,,,,,,,1908.0
2023,Consumption Expenditure,Average Monthly Consumption Expenditure Per-capita,Number,Non-Saudi,,,,,,,,,,1961.0
2023,Final Monetary Consumption Expenditure,Median Monthly Final Monetary Consumption Expenditure Per-capita,Number,Total,,,,,,,,,,1952.0
2023,Disposable income,Average Household Monthly Disposable Income,Number,Saudi,,Eastern Province,,,,,,,,18661.0
2023,Disposable income,Average Household Monthly Disposable Income,Number,Saudi,,Tabuk,,,,,,,,14341.0
2023,Disposable income,Average Household Monthly Disposable Income,Number,Saudi,,Al-Jouf,,,,,,,,14712.0
2023,Disposable income,Average Household Monthly Disposable Income,Number,Non-Saudi,,Hail,,,,,,,,3075.0
2023,Disposable income,Average Household Monthly Disposable Income,Number,Non-Saudi,,Northern Border,,,,,,,,5398.0
2023,Disposable income,Average Household Monthly Disposable Income,Number,Total,,Riyadh,,,,,,,,14990.0
2023,Disposable income,Average Household Monthly Disposable Income,Number,Total,,Asir,,,,,,,,11264.0
2023,Disposable income,Average Household Monthly Disposable Income,Number,Total,,Tabuk,,,,,,,,11127.0
2023,Disposable income,Median Household Monthly Disposable Income,Number,Saudi,,Tabuk,,,,,,,,11999.0
2023,Disposable income,Median Household Monthly Disposable Income,Number,Saudi,,Hail,,,,,,,,11798.0
2023,Disposable income,Median Household Monthly Disposable Income,Number,Saudi,,Total,,,,,,,,13655.0
2023,Disposable income,Median Household Monthly Disposable Income,Number,Non-Saudi,,Madinah,,,,,,,,3781.0
2023,Disposable income,Median Household Monthly Disposable Income,Number,Non-Saudi,,Eastern Province,,,,,,,,3660.0
2023,Disposable income,Median Household Monthly Disposable Income,Number,Non-Saudi,,Hail,,,,,,,,2269.0
2023,Disposable income,Median Household Monthly Disposable Income,Number,Non-Saudi,,Jazan,,,,,,,,2905.0
2023,Disposable income,Median Household Monthly Disposable Income,Number,Non-Saudi,,Total,,,,,,,,3657.0
2023,Disposable income,Median Household Monthly Disposable Income,Number,Total,,Qassim,,,,,,,,7000.0
2023,Disposable income,Median Household Monthly Disposable Income,Number,Total,,Hail,,,,,,,,5948.0
2023,Disposable income,Median Household Monthly Disposable Income,Number,Total,,Northern Border,,,,,,,,9826.0
2023,Disposable income,Median Household Monthly Disposable Income,Number,Total,,Total,,,,,,,,7362.0
2023,Disposable income,Average Household Monthly Disposable Income,Number,Non-Saudi,20 - 24,,,,,,,,,3514.0
2023,Disposable income,Average Household Monthly Disposable Income,Number,Non-Saudi,30 - 34,,,,,,,,,4709.0
2023,Disposable income,Average Household Monthly Disposable Income,Number,Non-Saudi,40 - 44,,,,,,,,,5440.0
2023,Disposable income,Average Household Monthly Disposable Income,Number,Non-Saudi,45 - 49,,,,,,,,,5432.0
2023,Disposable income,Average Household Monthly Disposable Income,Number,Non-Saudi,65+,,,,,,,,,6242.0
2023,Disposable income,Average Household Monthly Disposable Income,Number,Total,15 - 19,,,,,,,,,4914.0
2023,Disposable income,Average Household Monthly Disposable Income,Number,Total,35 - 39,,,,,,,,,10675.0
2023,Disposable income,Average Household Monthly Disposable Income,Number,Total,50 - 54,,,,,,,,,14926.0
2023,Disposable income,Average Household Monthly Disposable Income,Number,Saudi,,,No schooling,,,,,,,7700.0
2023,Disposable income,Average Household Monthly Disposable Income,Number,Saudi,,,Early childhood education,,,,,,,9326.0
2023,Disposable income,Average Household Monthly Disposable Income,Number,Saudi,,,Doctoral or equivalent level,,,,,,,37355.0
2023,Disposable income,Average Household Monthly Disposable Income,Number,Saudi,,,Total,,,,,,,18056.0
2023,Disposable income,Average Household Monthly Disposable Income,Number,Non-Saudi,,,Bachelor’s or equivalent level,,,,,,,9449.0
2023,Disposable income,Average Household Monthly Disposable Income,Number,Non-Saudi,,,Higher diploma,,,,,,,9796.0
2023,Disposable income,Average Household Monthly Disposable Income,Number,Total,,,No schooling,,,,,,,5792.0
2023,Disposable income,Average Household Monthly Disposable Income,Number,Saudi,,,,Married,,,,,,19966.0
2023,Disposable income,Average Household Monthly Disposable Income,Number,Non-Saudi,,,,Never Married,,,,,,4585.0
2023,Disposable income,Average Household Monthly Disposable Income,Number,Non-Saudi,,,,Married,,,,,,5596.0
2023,Disposable income,Average Household Monthly Disposable Income,Number,Non-Saudi,,,,Divorced,,,,,,4882.0
2023,Disposable income,Average Household Monthly Disposable Income,Number,Total,,,,Divorced,,,,,,11061.0
2023,Disposable income,Average Household Monthly Disposable Income,Number,Non-Saudi,,,,,Other,,,,,2444.0
2023,Disposable income,Average Household Monthly Disposable Income,Number,Total,,,,,Traditional house,,,,,7448.0
2023,Disposable income,Average Household Monthly Disposable Income,Number,Total,,,,,Total,,,,,11839.0
2023,Disposable income,Average Household Monthly Disposable Income,Number,Saudi,,,,,,Owned without mortgage or loan,,,,21302.0
2023,Disposable income,Average Household Monthly Disposable Income,Number,Saudi,,,,,,Rented,,,,13202.0
2023,Disposable income,Average Household Monthly Disposable Income,Number,Non-Saudi,,,,,,Rented,,,,5599.0
2023,Disposable income,Average Household Monthly Disposable Income,Number,Total,,,,,,Provided for free by private employer,,,,4932.0
2023,Disposable income,Average Household Monthly Disposable Income,Number,Total,,,,,,Provided for free by a household  member,,,,11362.0
2023,Disposable income,Average Household Monthly Disposable Income,Number,Saudi,,,,,,,5+,,,22010.0
2023,Disposable income,Average Household Monthly Disposable Income,Number,Non-Saudi,,,,,,,1-2,,,3969.0
2023,Disposable income,Average Household Monthly Disposable Income,Number,Total,,,,,,,1-2,,,6013.0
2023,Disposable income,Average Household Monthly Disposable Income,Number,Total,,,,,,,3-4,,,11471.0
2023,Disposable income,Average Household Monthly Disposable Income,Number,Total,,,,,,,5+,,,19038.0
2023,Disposable income,Percentage of Household Monthly Disposable Income,Percent,Non-Saudi,,,,,,,,Transfer in,,1.22
2023,Disposable income,Percentage of Household Monthly Disposable Income,Percent,Total,,,,,,,,Transfer paid out,,-9.94
2023,Disposable income,Average Per-Capita Monthly Disposable Income,Number,Saudi,,Al-Jouf,,,,,,,,2660.0
2023,Disposable income,Average Per-Capita Monthly Disposable Income,Number,Non-Saudi,,Asir,,,,,,,,1342.0
2023,Disposable income,Average Per-Capita Monthly Disposable Income,Number,Non-Saudi,,Tabuk,,,,,,,,1937.0
2023,Disposable income,Average Per-Capita Monthly Disposable Income,Number,Non-Saudi,,Jazan,,,,,,,,1195.0
2023,Disposable income,Average Per-Capita Monthly Disposable Income,Number,Non-Saudi,,Najran,,,,,,,,1232.0
2023,Disposable income,Average Per-Capita Monthly Disposable Income,Number,Non-Saudi,,Total,,,,,,,,1908.0
2023,Disposable income,Average Per-Capita Monthly Disposable Income,Number,Total,,Riyadh,,,,,,,,4339.0
2023,Disposable income,Median Per-Capita Monthly Disposable Income,Number,Saudi,,Madinah,,,,,,,,2234.0
2023,Disposable income,Median Per-Capita Monthly Disposable Income,Number,Saudi,,Tabuk,,,,,,,,2374.0
2023,Disposable income,Median Per-Capita Monthly Disposable Income,Number,Saudi,,Northern Border,,,,,,,,2496.0
2023,Disposable income,Median Per-Capita Monthly Disposable Income,Number,Saudi,,Jazan,,,,,,,,2307.0
2023,Disposable income,Median Per-Capita Monthly Disposable Income,Number,Saudi,,Total,,,,,,,,2896.0
2023,Disposable income,Median Per-Capita Monthly Disposable Income,Number,Non-Saudi,,Makkah,,,,,,,,1333.0
2023,Disposable income,Median Per-Capita Monthly Disposable Income,Number,Non-Saudi,,Qassim,,,,,,,,1124.0
2023,Disposable income,Median Per-Capita Monthly Disposable Income,Number,Non-Saudi,,Tabuk,,,,,,,,1469.0
2023,Disposable income,Median Per-Capita Monthly Disposable Income,Number,Non-Saudi,,Hail,,,,,,,,1135.0
2023,Disposable income,Median Per-Capita Monthly Disposable Income,Number,Non-Saudi,,Najran,,,,,,,,844.0
2023,Disposable income,Median Per-Capita Monthly Disposable Income,Number,Total,,Makkah,,,,,,,,2100.0
2023,Disposable income,Median Per-Capita Monthly Disposable Income,Number,Total,,Asir,,,,,,,,2254.0
2023,Disposable income,Median Per-Capita Monthly Disposable Income,Number,Total,,Tabuk,,,,,,,,2141.0
2023,Disposable income,Percentage of Per-Capita Monthly Disposable Income,Percent,Saudi,,,,,,,,Property,,1.175
2023,Disposable income,Percentage of Per-Capita Monthly Disposable Income,Percent,Total,,,,,,,,Property,,0.76
2023,Disposable income,Percentage of Per-Capita Monthly Disposable Income,Percent,Total,,,,,,,,Imputed Rent,,8.302
2023,Consumption Expenditure,Average Household Monthly Consumption Expenditure,Number,Saudi,,Makkah,,,,,,,,12977.0
2023,Consumption Expenditure,Average Household Monthly Consumption Expenditure,Number,Non-Saudi,,Makkah,,,,,,,,5811.0
2023,Consumption Expenditure,Average Household Monthly Consumption Expenditure,Number,Non-Saudi,,Najran,,,,,,,,4205.0
2023,Consumption Expenditure,Average Household Monthly Consumption Expenditure,Number,Non-Saudi,,Total,,,,,,,,5574.0
2023,Consumption Expenditure,Average Household Monthly Consumption Expenditure,Number,Total,,Riyadh,,,,,,,,13000.0
2023,Consumption Expenditure,Average Household Monthly Consumption Expenditure,Number,Total,,Qassim,,,,,,,,9983.0
2023,Consumption Expenditure,Average Household Monthly Consumption Expenditure,Number,Total,,Eastern Province,,,,,,,,11509.0
2023,Consumption Expenditure,Average Household Monthly Consumption Expenditure,Number,Total,,Asir,,,,,,,,9701.0
2023,Consumption Expenditure,Average Household Monthly Consumption Expenditure,Number,Total,,Northern Border,,,,,,,,11310.0
2023,Consumption Expenditure,Average Household Monthly Consumption Expenditure,Number,Total,,Jazan,,,,,,,,13353.0
2023,Consumption Expenditure,Median Household Monthly Consumption Expenditure,Number,Saudi,,Jazan,,,,,,,,14113.0
2023,Consumption Expenditure,Median Household Monthly Consumption Expenditure,Number,Saudi,,Najran,,,,,,,,9188.0
2023,Consumption Expenditure,Median Household Monthly Consumption Expenditure,Number,Non-Saudi,,Riyadh,,,,,,,,4582.0
2023,Consumption Expenditure,Median Household Monthly Consumption Expenditure,Number,Non-Saudi,,Tabuk,,,,,,,,4389.0
2023,Consumption Expenditure,Median Household Monthly Consumption Expenditure,Number,Non-Saudi,,Najran,,,,,,,,3161.0
2023,Consumption Expenditure,Median Household Monthly Consumption Expenditure,Number,Total,,Northern Border,,,,,,,,9689.0
2023,Consumption Expenditure,Average Household Monthly Consumption Expenditure,Number,Saudi,15 - 19,,,,,,,,,6989.0
2023,Consumption Expenditure,Average Household Monthly Consumption Expenditure,Number,Saudi,25 - 29,,,,,,,,,10128.0
2023,Consumption Expenditure,Average Household Monthly Consumption Expenditure,Number,Saudi,30 - 34,,,,,,,,,12175.0
2023,Consumption Expenditure,Average Household Monthly Consumption Expenditure,Number,Saudi,35 - 39,,,,,,,,,15186.0
2023,Consumption Expenditure,Average Household Monthly Consumption Expenditure,Number,Saudi,50 - 54,,,,,,,,,20639.0
2023,Consumption Expenditure,Average Household Monthly Consumption Expenditure,Number,Non-Saudi,20 - 24,,,,,,,,,3910.0
2023,Consumption Expenditure,Average Household Monthly Consumption Expenditure,Number,Non-Saudi,35 - 39,,,,,,,,,5552.0
2023,Consumption Expenditure,Average Household Monthly Consumption Expenditure,Number,Non-Saudi,40 - 44,,,,,,,,,5482.0
2023,Consumption Expenditure,Average Household Monthly Consumption Expenditure,Number,Non-Saudi,45 - 49,,,,,,,,,5639.0
2023,Consumption Expenditure,Average Household Monthly Consumption Expenditure,Number,Total,15 - 19,,,,,,,,,6761.0
2023,Consumption Expenditure,Average Household Monthly Consumption Expenditure,Number,Saudi,,,No schooling,,,,,,,9042.0
2023,Consumption Expenditure,Average Household Monthly Consumption Expenditure,Number,Saudi,,,Early childhood education,,,,,,,11169.0
2023,Consumption Expenditure,Average Household Monthly Consumption Expenditure,Number,Saudi,,,Lower secondary education,,,,,,,15456.0
2023,Consumption Expenditure,Average Household Monthly Consumption Expenditure,Number,Saudi,,,Short-cycle tertiary education,,,,,,,16506.0
2023,Consumption Expenditure,Average Household Monthly Consumption Expenditure,Number,Saudi,,,Doctoral or equivalent level,,,,,,,29518.0
2023,Consumption Expenditure,Average Household Monthly Consumption Expenditure,Number,Non-Saudi,,,No schooling,,,,,,,4026.0
2023,Consumption Expenditure,Average Household Monthly Consumption Expenditure,Number,Non-Saudi,,,Master’s or equivalent level,,,,,,,10413.0
2023,Consumption Expenditure,Average Household Monthly Consumption Expenditure,Number,Total,,,Primary education,,,,,,,7551.0
2023,Consumption Expenditure,Average Household Monthly Consumption Expenditure,Number,Saudi,,,,Widowed,,,,,,11079.0
2023,Consumption Expenditure,Average Household Monthly Consumption Expenditure,Number,Non-Saudi,,,,Married,,,,,,5760.0
2023,Consumption Expenditure,Average Household Monthly Consumption Expenditure,Number,Non-Saudi,,,,Total,,,,,,5574.0
2023,Consumption Expenditure,Average Household Monthly Consumption Expenditure,Number,Total,,,,Widowed,,,,,,10823.0
2023,Consumption Expenditure,Average Household Monthly Consumption Expenditure,Number,Total,,,,Total,,,,,,10884.0
2023,Consumption Expenditure,Average Household Monthly Consumption Expenditure,Number,Saudi,,,,,Villa,,,,,25056.0
2023,Consumption Expenditure,Average Household Monthly Consumption Expenditure,Number,Saudi,,,,,Other,,,,,13539.0
2023,Consumption Expenditure,Average Household Monthly Consumption Expenditure,Number,Non-Saudi,,,,,Storey in Villa,,,,,12052.0
2023,Consumption Expenditure,Average Household Monthly Consumption Expenditure,Number,Non-Saudi,,,,,Apartment,,,,,5574.0
2023,Consumption Expenditure,Average Household Monthly Consumption Expenditure,Number,Non-Saudi,,,,,Other,,,,,2600.0
2023,Consumption Expenditure,Average Household Monthly Consumption Expenditure,Number,Saudi,,,,,,Provided for free by government employer,,,,17760.0
2023,Consumption Expenditure,Average Household Monthly Consumption Expenditure,Number,Saudi,,,,,,Provided for free by charities,,,,10012.0
2023,Consumption Expenditure,Average Household Monthly Consumption Expenditure,Number,Saudi,,,,,,Provided for free by a household  member,,,,12151.0
2023,Consumption Expenditure,Average Household Monthly Consumption Expenditure,Number,Non-Saudi,,,,,,Owned with mortgage or loan,,,,10755.0
2023,Consumption Expenditure,Average Household Monthly Consumption Expenditure,Number,Non-Saudi,,,,,,Rented,,,,6111.0
2023,Consumption Expenditure,Average Household Monthly Consumption Expenditure,Number,Total,,,,,,Rented,,,,8134.0
2023,Consumption Expenditure,Average Household Monthly Consumption Expenditure,Number,Total,,,,,,Provided for free by philanthropist,,,,7228.0
2023,Consumption Expenditure,Average Per-Capita Monthly Consumption Expenditure,Number,Saudi,,Madinah,,,,,,,,2703.0
2023,Consumption Expenditure,Average Per-Capita Monthly Consumption Expenditure,Number,Saudi,,Hail,,,,,,,,2360.0
2023,Consumption Expenditure,Average Per-Capita Monthly Consumption Expenditure,Number,Saudi,,Total,,,,,,,,3533.0
2023,Consumption Expenditure,Average Per-Capita Monthly Consumption Expenditure,Number,Non-Saudi,,Riyadh,,,,,,,,2204.0
2023,Consumption Expenditure,Average Per-Capita Monthly Consumption Expenditure,Number,Non-Saudi,,Najran,,,,,,,,1433.0
2023,Consumption Expenditure,Average Per-Capita Monthly Consumption Expenditure,Number,Total,,Total,,,,,,,,2939.0
2023,Consumption Expenditure,Median Per-Capita Monthly Consumption Expenditure,Number,Saudi,,Riyadh,,,,,,,,4053.0
2023,Consumption Expenditure,Median Per-Capita Monthly Consumption Expenditure,Number,Saudi,,Eastern Province,,,,,,,,3355.0
2023,Consumption Expenditure,Median Per-Capita Monthly Consumption Expenditure,Number,Saudi,,Asir,,,,,,,,2326.0
2023,Consumption Expenditure,Median Per-Capita Monthly Consumption Expenditure,Number,Non-Saudi,,Hail,,,,,,,,1610.0
2023,Consumption Expenditure,Median Per-Capita Monthly Consumption Expenditure,Number,Non-Saudi,,Najran,,,,,,,,1318.0
2023,Consumption Expenditure,Median Per-Capita Monthly Consumption Expenditure,Number,Non-Saudi,,Total,,,,,,,,1665.0
2023,Consumption Expenditure,Median Per-Capita Monthly Consumption Expenditure,Number,Total,,Makkah,,,,,,,,2057.0
2023,Consumption Expenditure,Median Per-Capita Monthly Consumption Expenditure,Number,Total,,Eastern Province,,,,,,,,2463.0
2023,Consumption Expenditure,Median Per-Capita Monthly Consumption Expenditure,Number,Total,,Jazan,,,,,,,,2613.0
2023,Consumption Expenditure,Median Per-Capita Monthly Consumption Expenditure,Number,Total,,Total,,,,,,,,2260.0
2023,Final Monetary Consumption Expenditure,Average Household Monthly Final Monetary Consumption Expenditure,Number,Non-Saudi,,Jazan,,,,,,,,6683.354783602464
2023,Final Monetary Consumption Expenditure,Average Household Monthly Final Monetary Consumption Expenditure,Number,Total,,Al-Baha,,,,,,,,10990.75507869814
2023,Final Monetary Consumption Expenditure,Median Household Monthly Final Monetary Consumption Expenditure,Number,Saudi,,Madinah,,,,,,,,9786.92660827964
2023,Final Monetary Consumption Expenditure,Median Household Monthly Final Monetary Consumption Expenditure,Number,Total,,Al-Baha,,,,,,,,8319.266553124655
2023,Final Monetary Consumption Expenditure,Average Household Monthly Final Monetary Consumption Expenditure,Number,Saudi,20 - 24,,,,,,,,,7788.0
2023,Final Monetary Consumption Expenditure,Average Household Monthly Final Monetary Consumption Expenditure,Number,Saudi,30 - 34,,,,,,,,,11156.0
2023,Final Monetary Consumption Expenditure,Average Household Monthly Final Monetary Consumption Expenditure,Number,Saudi,45 - 49,,,,,,,,,15736.0
2023,Final Monetary Consumption Expenditure,Average Household Monthly Final Monetary Consumption Expenditure,Number,Non-Saudi,20 - 24,,,,,,,,,3474.0
2023,Final Monetary Consumption Expenditure,Average Household Monthly Final Monetary Consumption Expenditure,Number,Non-Saudi,45 - 49,,,,,,,,,5266.0
2023,Final Monetary Consumption Expenditure,Average Household Monthly Final Monetary Consumption Expenditure,Number,Saudi,,,Lower secondary education,,,,,,,13065.0
2023,Final Monetary Consumption Expenditure,Average Household Monthly Final Monetary Consumption Expenditure,Number,Saudi,,,Bachelor’s or equivalent level,,,,,,,15003.0
2023,Final Monetary Consumption Expenditure,Average Household Monthly Final Monetary Consumption Expenditure,Number,Non-Saudi,,,Primary education,,,,,,,4198.0
2023,Final Monetary Consumption Expenditure,Average Household Monthly Final Monetary Consumption Expenditure,Number,Non-Saudi,,,Upper secondary education,,,,,,,4705.0
2023,Final Monetary Consumption Expenditure,Average Household Monthly Final Monetary Consumption Expenditure,Number,Non-Saudi,,,Bachelor’s or equivalent level,,,,,,,7546.0
2023,Final Monetary Consumption Expenditure,Average Household Monthly Final Monetary Consumption Expenditure,Number,Non-Saudi,,,Doctoral or equivalent level,,,,,,,10530.0
2023,Final Monetary Consumption Expenditure,Average Household Monthly Final Monetary Consumption Expenditure,Number,Non-Saudi,,,Total,,,,,,,5188.0
2023,Final Monetary Consumption Expenditure,Average Household Monthly Final Monetary Consumption Expenditure,Number,Total,,,Lower secondary education,,,,,,,6348.0
2023,Final Monetary Consumption Expenditure,Average Household Monthly Final Monetary Consumption Expenditure,Number,Total,,,Post-secondary non-tertiary education,,,,,,,9399.0
2023,Final Monetary Consumption Expenditure,Average Household Monthly Final Monetary Consumption Expenditure,Number,Total,,,Doctoral or equivalent level,,,,,,,16601.0
2023,Final Monetary Consumption Expenditure,Average Household Monthly Final Monetary Consumption Expenditure,Number,Saudi,,,,Married,,,,,,14750.0
2023,Final Monetary Consumption Expenditure,Average Household Monthly Final Monetary Consumption Expenditure,Number,Saudi,,,,Divorced,,,,,,10753.0
2023,Final Monetary Consumption Expenditure,Average Household Monthly Final Monetary Consumption Expenditure,Number,Total,,,,Widowed,,,,,,9020.0
2023,Final Monetary Consumption Expenditure,Average Household Monthly Final Monetary Consumption Expenditure,Number,Total,,,,Total,,,,,,9426.0
2023,Final Monetary Consumption Expenditure,Average Household Monthly Final Monetary Consumption Expenditure,Number,Saudi,,,,,Apartment,,,,,11123.0
2023,Final Monetary Consumption Expenditure,Average Household Monthly Final Monetary Consumption Expenditure,Number,Saudi,,,,,Traditional house,,,,,10150.0
2023,Final Monetary Consumption Expenditure,Average Household Monthly Final Monetary Consumption Expenditure,Number,Total,,,,,Storey in Villa,,,,,13088.0
2023,Final Monetary Consumption Expenditure,Average Household Monthly Final Monetary Consumption Expenditure,Number,Saudi,,,,,,Provided for free by philanthropist,,,,7008.0
2023,Final Monetary Consumption Expenditure,Average Household Monthly Final Monetary Consumption Expenditure,Number,Saudi,,,,,,Other,,,,15014.0
2023,Final Monetary Consumption Expenditure,Average Household Monthly Final Monetary Consumption Expenditure,Number,Non-Saudi,,,,,,Provided for free by government employer,,,,6222.0
2023,Final Monetary Consumption Expenditure,Average Household Monthly Final Monetary Consumption Expenditure,Number,Non-Saudi,,,,,,Provided for free by a household  member,,,,3907.0
2023,Final Monetary Consumption Expenditure,Average Household Monthly Final Monetary Consumption Expenditure,Number,Total,,,,,,Total,,,,9426.0
2023,Final Monetary Consumption Expenditure,Average Household Monthly Final Monetary Consumption Expenditure,Number,Saudi,,,,,,,1-2,,,8261.0
2023,Final Monetary Consumption Expenditure,Average Household Monthly Final Monetary Consumption Expenditure,Number,Non-Saudi,,,,,,,3-4,,,5826.0
2023,Final Monetary Consumption Expenditure,Average Household Monthly Final Monetary Consumption Expenditure,Number,Non-Saudi,,,,,,,Total,,,5188.0
2023,Final Monetary Consumption Expenditure,Average Household Monthly Final Monetary Consumption Expenditure,Number,Total,,,,,,,3-4,,,9090.0
2023,Final Monetary Consumption Expenditure,Average Per-Capita Monthly Final Monetary Consumption Expenditure,Number,Saudi,,Madinah,,,,,,,,2507.0
2023,Final Monetary Consumption Expenditure,Average Per-Capita Monthly Final Monetary Consumption Expenditure,Number,Saudi,,Qassim,,,,,,,,2365.0
2023,Final Monetary Consumption Expenditure,Average Per-Capita Monthly Final Monetary Consumption Expenditure,Number,Saudi,,Eastern Province,,,,,,,,3507.0
2023,Final Monetary Consumption Expenditure,Average Per-Capita Monthly Final Monetary Consumption Expenditure,Number,Saudi,,Asir,,,,,,,,2333.0
2023,Final Monetary Consumption Expenditure,Average Per-Capita Monthly Final Monetary Consumption Expenditure,Number,Saudi,,Hail,,,,,,,,1956.0
2023,Final Monetary Consumption Expenditure,Average Per-Capita Monthly Final Monetary Consumption Expenditure,Number,Saudi,,Al-Jouf,,,,,,,,1981.0
2023,Final Monetary Consumption Expenditure,Average Per-Capita Monthly Final Monetary Consumption Expenditure,Number,Non-Saudi,,Northern Border,,,,,,,,1709.0
2023,Final Monetary Consumption Expenditure,Average Per-Capita Monthly Final Monetary Consumption Expenditure,Number,Total,,Eastern Province,,,,,,,,2847.0
2023,Final Monetary Consumption Expenditure,Average Per-Capita Monthly Final Monetary Consumption Expenditure,Number,Total,,Jazan,,,,,,,,2869.0
2023,Final Monetary Consumption Expenditure,Average Per-Capita Monthly Final Monetary Consumption Expenditure,Number,Total,,Al-Jouf,,,,,,,,1956.0
2023,Final Monetary Consumption Expenditure,Median Per-Capita Monthly Final Monetary Consumption Expenditure,Number,Saudi,,Hail,,,,,,,,1494.0
2023,Final Monetary Consumption Expenditure,Median Per-Capita Monthly Final Monetary Consumption Expenditure,Number,Saudi,,Al-Baha,,,,,,,,2499.0
2023,Final Monetary Consumption Expenditure,Median Per-Capita Monthly Final Monetary Consumption Expenditure,Number,Non-Saudi,,Asir,,,,,,,,1437.0
2023,Final Monetary Consumption Expenditure,Median Per-Capita Monthly Final Monetary Consumption Expenditure,Number,Total,,Eastern Province,,,,,,,,2136.0
2023,Final Monetary Consumption Expenditure,Median Per-Capita Monthly Final Monetary Consumption Expenditure,Number,Total,,Tabuk,,,,,,,,1877.0
2023,Final Monetary Consumption Expenditure,Average Household Monthly Final Monetary Consumption Expenditure,Number,Saudi,,,,,,,,,Food and beverages,3741.5
2023,Final Monetary Consumption Expenditure,Average Household Monthly Final Monetary Consumption Expenditure,Number,Saudi,,,,,,,,,Tobacco,57.4
2023,Final Monetary Consumption Expenditure,Average Household Monthly Final Monetary Consumption Expenditure,Number,Saudi,,,,,,,,,Transport,1598.0
2023,Final Monetary Consumption Expenditure,Average Household Monthly Final Monetary Consumption Expenditure,Number,Saudi,,,,,,,,,Restaurants and accommodation services,1528.7
2023,Final Monetary Consumption Expenditure,Average Household Monthly Final Monetary Consumption Expenditure,Number,Non-Saudi,,,,,,,,,Food and beverages,1474.2
2023,Final Monetary Consumption Expenditure,Average Household Monthly Final Monetary Consumption Expenditure,Number,Non-Saudi,,,,,,,,,Clothing and footwear,350.9
2023,Final Monetary Consumption Expenditure,Average Household Monthly Final Monetary Consumption Expenditure,Number,Non-Saudi,,,,,,,,,Restaurants and accommodation services,657.0
2023,Final Monetary Consumption Expenditure,Average Household Monthly Final Monetary Consumption Expenditure,Number,Total,,,,,,,,,Tobacco,70.9
2023,Final Monetary Consumption Expenditure,Average Household Monthly Final Monetary Consumption Expenditure,Number,Total,,,,,,,,,"Housing, water, electricity, gas and other fuels",1332.0
2023,Final Monetary Consumption Expenditure,Average Household Monthly Final Monetary Consumption Expenditure,Number,Total,,,,,,,,,"Recreation, sport and culture",338.3
2023,Final Monetary Consumption Expenditure,Average Household Monthly Final Monetary Consumption Expenditure,Number,Total,,,,,,,,,Education services,120.9
2023,Final Monetary Consumption Expenditure,Average Household Monthly Final Monetary Consumption Expenditure,Number,Total,,,,,,,,,Insurance and financial services,101.0
2023,Final Monetary Consumption Expenditure,Average Household Monthly Final Monetary Consumption Expenditure,Number,Total,,,,,,,,,"Personal care, social protection and miscellaneous goods and services",530.4
2023,Final Monetary Consumption Expenditure,Percentage of Household Monthly Final Monetary Consumption Expenditure,Percent,Saudi,,,,,,,,,Health,1.96
2023,Final Monetary Consumption Expenditure,Percentage of Household Monthly Final Monetary Consumption Expenditure,Percent,Saudi,,,,,,,,,Insurance and financial services,0.91
2023,Final Monetary Consumption Expenditure,Percentage of Household Monthly Final Monetary Consumption Expenditure,Percent,Saudi,,,,,,,,,"Personal care, social protection and miscellaneous goods and services",5.41
2023,Final Monetary Consumption Expenditure,Percentage of Household Monthly Final Monetary Consumption Expenditure,Percent,Non-Saudi,,,,,,,,,Food and beverages,28.42
2023,Final Monetary Consumption Expenditure,Percentage of Household Monthly Final Monetary Consumption Expenditure,Percent,Non-Saudi,,,,,,,,,Tobacco,1.63
2023,Final Monetary Consumption Expenditure,Percentage of Household Monthly Final Monetary Consumption Expenditure,Percent,Non-Saudi,,,,,,,,,Clothing and footwear,6.76
2023,Final Monetary Consumption Expenditure,Percentage of Household Monthly Final Monetary Consumption Expenditure,Percent,Non-Saudi,,,,,,,,,"Furnishings, household equipment and routine household maintenance",3.3300000000000005
2023,Final Monetary Consumption Expenditure,Percentage of Household Monthly Final Monetary Consumption Expenditure,Percent,Non-Saudi,,,,,,,,,Health,1.6500000000000001
2023,Final Monetary Consumption Expenditure,Percentage of Household Monthly Final Monetary Consumption Expenditure,Percent,Non-Saudi,,,,,,,,,"Recreation, sport and culture",1.4200000000000002
2023,Final Monetary Consumption Expenditure,Percentage of Household Monthly Final Monetary Consumption Expenditure,Percent,Total,,,,,,,,,Food and beverages,27.85
2023,Final Monetary Consumption Expenditure,Percentage of Household Monthly Final Monetary Consumption Expenditure,Percent,Total,,,,,,,,,Information and communication,5.140000000000001
2023,Final Monetary Consumption Expenditure,Percentage of Household Monthly Final Monetary Consumption Expenditure,Percent,Total,,,,,,,,,"Recreation, sport and culture",3.5900000000000003
2023,Final Monetary Consumption Expenditure,Average Household Monthly Final Monetary Consumption Expenditure,Number,Total,,Riyadh,,,,,,,Food and beverages,2503.292857
2023,Final Monetary Consumption Expenditure,Average Household Monthly Final Monetary Consumption Expenditure,Number,Total,,Riyadh,,,,,,,Clothing and footwear,1028.668804
2023,Final Monetary Consumption Expenditure,Average Household Monthly Final Monetary Consumption Expenditure,Number,Total,,Riyadh,,,,,,,Information and communication,563.219732
2023,Final Monetary Consumption Expenditure,Average Household Monthly Final Monetary Consumption Expenditure,Number,Total,,Riyadh,,,,,,,Insurance and financial services,129.836452
2023,Final Monetary Consumption Expenditure,Average Household Monthly Final Monetary Consumption Expenditure,Number,Total,,Makkah,,,,,,,Clothing and footwear,741.130982
2023,Final Monetary Consumption Expenditure,Average Household Monthly Final Monetary Consumption Expenditure,Number,Total,,Makkah,,,,,,,Education services,36.32754
2023,Final Monetary Consumption Expenditure,Average Household Monthly Final Monetary Consumption Expenditure,Number,Total,,Makkah,,,,,,,Insurance and financial services,79.568325
2023,Final Monetary Consumption Expenditure,Average Household Monthly Final Monetary Consumption Expenditure,Number,Total,,Madinah,,,,,,,Clothing and footwear,806.732363
2023,Final Monetary Consumption Expenditure,Average Household Monthly Final Monetary Consumption Expenditure,Number,Total,,Madinah,,,,,,,Health,181.193534
2023,Final Monetary Consumption Expenditure,Average Household Monthly Final Monetary Consumption Expenditure,Number,Total,,Madinah,,,,,,,Education services,59.201283
2023,Final Monetary Consumption Expenditure,Average Household Monthly Final Monetary Consumption Expenditure,Number,Total,,Qassim,,,,,,,Education services,52.936857
2023,Final Monetary Consumption Expenditure,Average Household Monthly Final Monetary Consumption Expenditure,Number,Total,,Qassim,,,,,,,Insurance and financial services,102.517703
2023,Final Monetary Consumption Expenditure,Average Household Monthly Final Monetary Consumption Expenditure,Number,Total,,Qassim,,,,,,,"Personal care, social protection and miscellaneous goods and services",452.84197
2023,Final Monetary Consumption Expenditure,Average Household Monthly Final Monetary Consumption Expenditure,Number,Total,,Eastern Province,,,,,,,Information and communication,519.923542
2023,Final Monetary Consumption Expenditure,Average Household Monthly Final Monetary Consumption Expenditure,Number,Total,,Asir,,,,,,,Tobacco,35.88222
2023,Final Monetary Consumption Expenditure,Average Household Monthly Final Monetary Consumption Expenditure,Number,Total,,Asir,,,,,,,Clothing and footwear,731.940227
2023,Final Monetary Consumption Expenditure,Average Household Monthly Final Monetary Consumption Expenditure,Number,Total,,Asir,,,,,,,"Furnishings, household equipment and routine household maintenance",527.791135
2023,Final Monetary Consumption Expenditure,Average Household Monthly Final Monetary Consumption Expenditure,Number,Total,,Asir,,,,,,,Insurance and financial services,89.612707
2023,Final Monetary Consumption Expenditure,Average Household Monthly Final Monetary Consumption Expenditure,Number,Total,,Asir,,,,,,,"Personal care, social protection and miscellaneous goods and services",424.520886
2023,Final Monetary Consumption Expenditure,Average Household Monthly Final Monetary Consumption Expenditure,Number,Total,,Tabuk,,,,,,,Tobacco,108.384172
2023,Final Monetary Consumption Expenditure,Average Household Monthly Final Monetary Consumption Expenditure,Number,Total,,Tabuk,,,,,,,Information and communication,428.287044
2023,Final Monetary Consumption Expenditure,Average Household Monthly Final Monetary Consumption Expenditure,Number,Total,,Tabuk,,,,,,,"Personal care, social protection and miscellaneous goods and services",444.387729
2023,Final Monetary Consumption Expenditure,Average Household Monthly Final Monetary Consumption Expenditure,Number,Total,,Hail,,,,,,,"Furnishings, household equipment and routine household maintenance",340.545766
2023,Final Monetary Consumption Expenditure,Average Household Monthly Final Monetary Consumption Expenditure,Number,Total,,Hail,,,,,,,Information and communication,401.163605
2023,Final Monetary Consumption Expenditure,Average Household Monthly Final Monetary Consumption Expenditure,Number,Total,,Hail,,,,,,,Education services,15.31407
2023,Final Monetary Consumption Expenditure,Average Household Monthly Final Monetary Consumption Expenditure,Number,Total,,Northern Border,,,,,,,Tobacco,142.756893
2023,Final Monetary Consumption Expenditure,Average Household Monthly Final Monetary Consumption Expenditure,Number,Total,,Northern Border,,,,,,,Clothing and footwear,974.014823
2023,Final Monetary Consumption Expenditure,Average Household Monthly Final Monetary Consumption Expenditure,Number,Total,,Northern Border,,,,,,,"Furnishings, household equipment and routine household maintenance",621.939579
2023,Final Monetary Consumption Expenditure,Average Household Monthly Final Monetary Consumption Expenditure,Number,Total,,Jazan,,,,,,,Tobacco,62.402299
2023,Final Monetary Consumption Expenditure,Average Household Monthly Final Monetary Consumption Expenditure,Number,Total,,Jazan,,,,,,,Clothing and footwear,1190.5505
2023,Final Monetary Consumption Expenditure,Average Household Monthly Final Monetary Consumption Expenditure,Number,Total,,Jazan,,,,,,,"Furnishings, household equipment and routine household maintenance",952.608897
2023,Final Monetary Consumption Expenditure,Average Household Monthly Final Monetary Consumption Expenditure,Number,Total,,Jazan,,,,,,,Health,299.389126
2023,Final Monetary Consumption Expenditure,Average Household Monthly Final Monetary Consumption Expenditure,Number,Total,,Jazan,,,,,,,Education services,30.124366
2023,Final Monetary Consumption Expenditure,Average Household Monthly Final Monetary Consumption Expenditure,Number,Total,,Najran,,,,,,,Transport,629.447975
2023,Final Monetary Consumption Expenditure,Average Household Monthly Final Monetary Consumption Expenditure,Number,Total,,Najran,,,,,,,"Personal care, social protection and miscellaneous goods and services",256.984543
2023,Final Monetary Consumption Expenditure,Average Household Monthly Final Monetary Consumption Expenditure,Number,Total,,Al-Baha,,,,,,,"Furnishings, household equipment and routine household maintenance",603.752755
2023,Final Monetary Consumption Expenditure,Average Household Monthly Final Monetary Consumption Expenditure,Number,Total,,Al-Baha,,,,,,,Health,224.212753
2023,Final Monetary Consumption Expenditure,Average Household Monthly Final Monetary Consumption Expenditure,Number,Total,,Al-Baha,,,,,,,Education services,9.752105
2023,Final Monetary Consumption Expenditure,Average Household Monthly Final Monetary Consumption Expenditure,Number,Total,,Al-Jouf,,,,,,,Education services,31.106435
2023,Final Monetary Consumption Expenditure,Average Household Monthly Final Monetary Consumption Expenditure,Number,Total,,Al-Jouf,,,,,,,Insurance and financial services,130.924696
2023,Final Monetary Consumption Expenditure,Average Household Monthly Final Monetary Consumption Expenditure,Number,Total,,Al-Jouf,,,,,,,"Personal care, social protection and miscellaneous goods and services",381.095833
2023,Final Monetary Consumption Expenditure,Percentage of Household Monthly Final Monetary Consumption Expenditure,Percent,Total,,Riyadh,,,,,,,Clothing and footwear,9.65
2023,Final Monetary Consumption Expenditure,Percentage of Household Monthly Final Monetary Consumption Expenditure,Percent,Total,,Riyadh,,,,,,,"Personal care, social protection and miscellaneous goods and services",6.59
2023,Final Monetary Consumption Expenditure,Percentage of Household Monthly Final Monetary Consumption Expenditure,Percent,Total,,Makkah,,,,,,,Transport,8.59
2023,Final Monetary Consumption Expenditure,Percentage of Household Monthly Final Monetary Consumption Expenditure,Percent,Total,,Makkah,,,,,,,Restaurants and accommodation services,11.04
2023,Final Monetary Consumption Expenditure,Percentage of Household Monthly Final Monetary Consumption Expenditure,Percent,Total,,Qassim,,,,,,,Transport,14.729999999999999
2023,Final Monetary Consumption Expenditure,Percentage of Household Monthly Final Monetary Consumption Expenditure,Percent,Total,,Qassim,,,,,,,Education services,0.63
2023,Final Monetary Consumption Expenditure,Percentage of Household Monthly Final Monetary Consumption Expenditure,Percent,Total,,Eastern Province,,,,,,,Clothing and footwear,10.47
2023,Final Monetary Consumption Expenditure,Percentage of Household Monthly Final Monetary Consumption Expenditure,Percent,Total,,Eastern Province,,,,,,,Transport,10.54
2023,Final Monetary Consumption Expenditure,Percentage of Household Monthly Final Monetary Consumption Expenditure,Percent,Total,,Eastern Province,,,,,,,Education services,1.13
2023,Final Monetary Consumption Expenditure,Percentage of Household Monthly Final Monetary Consumption Expenditure,Percent,Total,,Asir,,,,,,,Tobacco,0.43
2023,Final Monetary Consumption Expenditure,Percentage of Household Monthly Final Monetary Consumption Expenditure,Percent,Total,,Asir,,,,,,,Clothing and footwear,8.68
2023,Final Monetary Consumption Expenditure,Percentage of Household Monthly Final Monetary Consumption Expenditure,Percent,Total,,Asir,,,,,,,Transport,13.059999999999999
2023,Final Monetary Consumption Expenditure,Percentage of Household Monthly Final Monetary Consumption Expenditure,Percent,Total,,Asir,,,,,,,Education services,0.45999999999999996
2023,Final Monetary Consumption Expenditure,Percentage of Household Monthly Final Monetary Consumption Expenditure,Percent,Total,,Asir,,,,,,,Insurance and financial services,1.06
2023,Final Monetary Consumption Expenditure,Percentage of Household Monthly Final Monetary Consumption Expenditure,Percent,Total,,Tabuk,,,,,,,Food and beverages,33.81
2023,Final Monetary Consumption Expenditure,Percentage of Household Monthly Final Monetary Consumption Expenditure,Percent,Total,,Tabuk,,,,,,,Transport,8.89
2023,Final Monetary Consumption Expenditure,Percentage of Household Monthly Final Monetary Consumption Expenditure,Percent,Total,,Hail,,,,,,,"Housing, water, electricity, gas and other fuels",13.489999999999998
2023,Final Monetary Consumption Expenditure,Percentage of Household Monthly Final Monetary Consumption Expenditure,Percent,Total,,Hail,,,,,,,"Furnishings, household equipment and routine household maintenance",4.68
2023,Final Monetary Consumption Expenditure,Percentage of Household Monthly Final Monetary Consumption Expenditure,Percent,Total,,Hail,,,,,,,"Personal care, social protection and miscellaneous goods and services",3.3000000000000003
2023,Final Monetary Consumption Expenditure,Percentage of Household Monthly Final Monetary Consumption Expenditure,Percent,Total,,Northern Border,,,,,,,Insurance and financial services,0.9299999999999999
2023,Final Monetary Consumption Expenditure,Percentage of Household Monthly Final Monetary Consumption Expenditure,Percent,Total,,Northern Border,,,,,,,"Personal care, social protection and miscellaneous goods and services",5.3100000000000005
2023,Final Monetary Consumption Expenditure,Percentage of Household Monthly Final Monetary Consumption Expenditure,Percent,Total,,Jazan,,,,,,,Food and beverages,30.680000000000003
2023,Final Monetary Consumption Expenditure,Percentage of Household Monthly Final Monetary Consumption Expenditure,Percent,Total,,Jazan,,,,,,,Education services,0.22999999999999998
2023,Final Monetary Consumption Expenditure,Percentage of Household Monthly Final Monetary Consumption Expenditure,Percent,Total,,Jazan,,,,,,,"Personal care, social protection and miscellaneous goods and services",5.489999999999999
2023,Final Monetary Consumption Expenditure,Percentage of Household Monthly Final Monetary Consumption Expenditure,Percent,Total,,Najran,,,,,,,Clothing and footwear,9.25
2023,Final Monetary Consumption Expenditure,Percentage of Household Monthly Final Monetary Consumption Expenditure,Percent,Total,,Najran,,,,,,,Health,1.26
2023,Final Monetary Consumption Expenditure,Percentage of Household Monthly Final Monetary Consumption Expenditure,Percent,Total,,Najran,,,,,,,"Personal care, social protection and miscellaneous goods and services",3.66
2023,Final Monetary Consumption Expenditure,Percentage of Household Monthly Final Monetary Consumption Expenditure,Percent,Total,,Al-Baha,,,,,,,Tobacco,0.67
2023,Final Monetary Consumption Expenditure,Percentage of Household Monthly Final Monetary Consumption Expenditure,Percent,Total,,Al-Baha,,,,,,,"Housing, water, electricity, gas and other fuels",8.35
2023,Final Monetary Consumption Expenditure,Percentage of Household Monthly Final Monetary Consumption Expenditure,Percent,Total,,Al-Baha,,,,,,,"Furnishings, household equipment and routine household maintenance",5.489999999999999
2023,Final Monetary Consumption Expenditure,Percentage of Household Monthly Final Monetary Consumption Expenditure,Percent,Total,,Al-Baha,,,,,,,Education services,0.09
2023,Final Monetary Consumption Expenditure,Percentage of Household Monthly Final Monetary Consumption Expenditure,Percent,Total,,Al-Baha,,,,,,,"Personal care, social protection and miscellaneous goods and services",4.21
2023,Final Monetary Consumption Expenditure,Percentage of Household Monthly Final Monetary Consumption Expenditure,Percent,Total,,Al-Jouf,,,,,,,Food and beverages,34.19
2023,Final Monetary Consumption Expenditure,Percentage of Household Monthly Final Monetary Consumption Expenditure,Percent,Total,,Al-Jouf,,,,,,,"Housing, water, electricity, gas and other fuels",13.5
2023,Final Monetary Consumption Expenditure,Percentage of Household Monthly Final Monetary Consumption Expenditure,Percent,Total,,Al-Jouf,,,,,,,Education services,0.36
2023,Final Monetary Consumption Expenditure,Average Household Monthly Final Monetary Consumption Expenditure for Houshold,Number,Saudi,,,,,,,,,Transport,1598.0
2023,Final Monetary Consumption Expenditure,Average Household Monthly Final Monetary Consumption Expenditure for Houshold,Number,Saudi,,,,,,,,,Information and communication,652.9
2023,Final Monetary Consumption Expenditure,Average Household Monthly Final Monetary Consumption Expenditure for Houshold,Number,Non-Saudi,,,,,,,,,Clothing and footwear,350.9
2023,Final Monetary Consumption Expenditure,Average Household Monthly Final Monetary Consumption Expenditure for Houshold,Number,Non-Saudi,,,,,,,,,"Furnishings, household equipment and routine household maintenance",172.8
2023,Final Monetary Consumption Expenditure,Average Household Monthly Final Monetary Consumption Expenditure for Houshold,Number,Non-Saudi,,,,,,,,,Restaurants and accommodation services,657.0
2023,Final Monetary Consumption Expenditure,Average Household Monthly Final Monetary Consumption Expenditure for Houshold,Number,Non-Saudi,,,,,,,,,"Personal care, social protection and miscellaneous goods and services",322.6
2023,Final Monetary Consumption Expenditure,Average Household Monthly Final Monetary Consumption Expenditure for Houshold,Number,Total,,,,,,,,,Transport,989.2
2023,Final Monetary Consumption Expenditure,Average Household Monthly Final Monetary Consumption Expenditure for Houshold,Number,Total,,,,,,,,,Information and communication,484.4
2023,Final Monetary Consumption Expenditure,Percentage of Household Monthly Final Monetary Consumption Expenditure for Houshold,Percent,Saudi,,,,,,,,,"Furnishings, household equipment and routine household maintenance",8.32
2023,Final Monetary Consumption Expenditure,Percentage of Household Monthly Final Monetary Consumption Expenditure for Houshold,Percent,Saudi,,,,,,,,,Health,1.96
2023,Final Monetary Consumption Expenditure,Percentage of Household Monthly Final Monetary Consumption Expenditure for Houshold,Percent,Non-Saudi,,,,,,,,,Education services,1.1900000000000002
2023,Final Monetary Consumption Expenditure,Percentage of Household Monthly Final Monetary Consumption Expenditure for Houshold,Percent,Non-Saudi,,,,,,,,,"Personal care, social protection and miscellaneous goods and services",6.22
2023,Final Monetary Consumption Expenditure,Percentage of Household Monthly Final Monetary Consumption Expenditure for Houshold,Percent,Total,,,,,,,,,"Furnishings, household equipment and routine household maintenance",6.959999999999999
2023,Final Monetary Consumption Expenditure,Percentage of Household Monthly Final Monetary Consumption Expenditure for Houshold,Percent,Total,,,,,,,,,"Recreation, sport and culture",3.5900000000000003
2023,Final Monetary Consumption Expenditure,Percentage of Household Monthly Final Monetary Consumption Expenditure for Houshold,Percent,Total,,,,,,,,,Restaurants and accommodation services,11.66
2023,Final Monetary Consumption Expenditure,Average Household Monthly Final Monetary Consumption Expenditure for Individual,Number,Saudi,,,,,,,,,Tobacco,12.7
2023,Final Monetary Consumption Expenditure,Average Household Monthly Final Monetary Consumption Expenditure for Individual,Number,Saudi,,,,,,,,,Health,58.4
2023,Final Monetary Consumption Expenditure,Average Household Monthly Final Monetary Consumption Expenditure for Individual,Number,Saudi,,,,,,,,,Education services,39.3
2023,Final Monetary Consumption Expenditure,Average Household Monthly Final Monetary Consumption Expenditure for Individual,Number,Saudi,,,,,,,,,Restaurants and accommodation services,337.0
2023,Final Monetary Consumption Expenditure,Average Household Monthly Final Monetary Consumption Expenditure for Individual,Number,Non-Saudi,,,,,,,,,Food and beverages,518.5
2023,Final Monetary Consumption Expenditure,Average Household Monthly Final Monetary Consumption Expenditure for Individual,Number,Non-Saudi,,,,,,,,,Tobacco,29.8
2023,Final Monetary Consumption Expenditure,Average Household Monthly Final Monetary Consumption Expenditure for Individual,Number,Total,,,,,,,,,"Housing, water, electricity, gas and other fuels",359.721
2023,Final Monetary Consumption Expenditure,Average Household Monthly Final Monetary Consumption Expenditure for Individual,Number,Total,,,,,,,,,Health,47.704
2023,Final Monetary Consumption Expenditure,Average Household Monthly Final Monetary Consumption Expenditure for Individual,Number,Total,,,,,,,,,"Personal care, social protection and miscellaneous goods and services",143.244
2023,Final Monetary Consumption Expenditure,Percentage of Household Monthly Final Monetary Consumption Expenditure for Individual,Percent,Saudi,,,,,,,,,Health,1.96
2023,Final Monetary Consumption Expenditure,Percentage of Household Monthly Final Monetary Consumption Expenditure for Individual,Percent,Saudi,,,,,,,,,Restaurants and accommodation services,11.29
2023,Final Monetary Consumption Expenditure,Percentage of Household Monthly Final Monetary Consumption Expenditure for Individual,Percent,Non-Saudi,,,,,,,,,Tobacco,1.63
2023,Final Monetary Consumption Expenditure,Percentage of Household Monthly Final Monetary Consumption Expenditure for Individual,Percent,Non-Saudi,,,,,,,,,Information and communication,5.9799999999999995
2023,Final Monetary Consumption Expenditure,Percentage of Household Monthly Final Monetary Consumption Expenditure for Individual,Percent,Non-Saudi,,,,,,,,,"Personal care, social protection and miscellaneous goods and services",6.22
