periodicity,year,quarter,month,indicator,value_in_different_units,date,date_object
Quarterly,2026,Q1,,Total POS :  Number of Transactions,2982576448.0,Q1 2026,2026-01-01
Quarterly,2026,Q1,,Total POS :  Number of Points of Sale Terminals,2403641.0,Q1 2026,2026-01-01
Quarterly,2026,Q1,,POS Transactions Using Near Field Communication Technology : Sales (In Thousand Riyals) :  Sales Using Mobile,99757547.4520412,Q1 2026,2026-01-01
Quarterly,2026,Q2,,E-Commerce Transactions Using Mada Cards : Sales (In Thousand Riyals),101464031.550785,Q2 2026,2026-04-01
Quarterly,2026,Q2,,E-Commerce Transactions Using Mada Cards : Number of Transactions,566460017.0,Q2 2026,2026-04-01
Monthly,2026,,JAN,Total POS :  Sales (In Thousand Riyals),63693618.20502,JAN 2026,2026-01-01
Monthly,2026,,JUL,Total POS :  Number of Points of Sale Terminals,2479520.0,JUL 2026,2026-07-01
Monthly,2026,,JAN,POS Transactions Using Near Field Communication Technology : Number of Transactions :  Mobile Transactions,574697110.0,JAN 2026,2026-01-01
Monthly,2026,,MAY,POS Transactions Using Near Field Communication Technology : Number of Transactions :  Mobile Transactions,626802331.0,MAY 2026,2026-05-01
Monthly,2026,,JUN,POS Transactions Using Near Field Communication Technology : Number of Transactions :  Mobile Transactions,573402240.0,JUN 2026,2026-06-01
Monthly,2026,,FEB,POS Transactions Using Near Field Communication Technology : Number of Transactions :  Cards Transactions,387617327.0,FEB 2026,2026-02-01
Monthly,2026,,MAY,POS Transactions Using Near Field Communication Technology : Number of Transactions :  Cards Transactions,439356205.0,MAY 2026,2026-05-01
Monthly,2026,,JUL,POS Transactions Using Near Field Communication Technology : Number of Transactions :  Cards Transactions,435452025.0,JUL 2026,2026-07-01
Monthly,2026,,FEB,POS Transactions Using Near Field Communication Technology : Sales (In Thousand Riyals) :  Sales Using Cards,25464835.1021931,FEB 2026,2026-02-01
Monthly,2026,,APR,POS Transactions Using Near Field Communication Technology : Sales (In Thousand Riyals) :  Sales Using Cards,24393216.7792841,APR 2026,2026-04-01
Monthly,2026,,JUN,E-Commerce Transactions Using Mada Cards : Sales (In Thousand Riyals),33633876.0607999,JUN 2026,2026-06-01
Monthly,2026,,FEB,E-Commerce Transactions Using Mada Cards : Number of Transactions,169673757.0,FEB 2026,2026-02-01
Monthly,2026,,JUN,E-Commerce Transactions Using Mada Cards : Number of Transactions,184775587.0,JUN 2026,2026-06-01
Quarterly,2026,Q1,,Total POS :  Sales (In Thousand Riyals),189713636.63957,Q1 2026,2026-01-01
Quarterly,2026,Q1,,POS Transactions Using Near Field Communication Technology : Number of Transactions :  Mobile Transactions,1654107380.0,Q1 2026,2026-01-01
Monthly,2026,,APR,Total POS :  Sales (In Thousand Riyals),58396034.53514,APR 2026,2026-04-01
Monthly,2026,,MAR,Total POS :  Number of Points of Sale Terminals,2403641.0,MAR 2026,2026-03-01
Monthly,2026,,MAR,POS Transactions Using Near Field Communication Technology : Number of Transactions :  Mobile Transactions,563041614.0,MAR 2026,2026-03-01
Monthly,2026,,APR,POS Transactions Using Near Field Communication Technology : Number of Transactions :  Mobile Transactions,591699023.0,APR 2026,2026-04-01
Monthly,2026,,JUL,POS Transactions Using Near Field Communication Technology : Number of Transactions :  Mobile Transactions,625448656.0,JUL 2026,2026-07-01
Monthly,2026,,JAN,POS Transactions Using Near Field Communication Technology : Number of Transactions :  Cards Transactions,432034475.0,JAN 2026,2026-01-01
Monthly,2026,,MAR,POS Transactions Using Near Field Communication Technology : Number of Transactions :  Cards Transactions,398211779.0,MAR 2026,2026-03-01
Monthly,2026,,APR,POS Transactions Using Near Field Communication Technology : Number of Transactions :  Cards Transactions,412924999.0,APR 2026,2026-04-01
Monthly,2026,,FEB,POS Transactions Using Near Field Communication Technology : Sales (In Thousand Riyals) :  Sales Using Mobile,30867007.571317,FEB 2026,2026-02-01
Monthly,2026,,APR,POS Transactions Using Near Field Communication Technology : Sales (In Thousand Riyals) :  Sales Using Mobile,30986146.3332659,APR 2026,2026-04-01
Monthly,2026,,JUL,POS Transactions Using Near Field Communication Technology : Sales (In Thousand Riyals) :  Sales Using Cards,25739174.9426039,JUL 2026,2026-07-01
Monthly,2026,,MAR,E-Commerce Transactions Using Mada Cards : Sales (In Thousand Riyals),35358124.6555501,MAR 2026,2026-03-01
Monthly,2026,,APR,E-Commerce Transactions Using Mada Cards : Sales (In Thousand Riyals),33168006.9259356,APR 2026,2026-04-01
Monthly,2026,,MAR,E-Commerce Transactions Using Mada Cards : Number of Transactions,200343463.0,MAR 2026,2026-03-01
Monthly,2026,,JUL,E-Commerce Transactions Using Mada Cards : Number of Transactions,197550348.0,JUL 2026,2026-07-01
Quarterly,2026,Q1,,POS Transactions Using Near Field Communication Technology : Number of Transactions :  Cards Transactions,1217863581.0,Q1 2026,2026-01-01
Quarterly,2026,Q2,,POS Transactions Using Near Field Communication Technology : Sales (In Thousand Riyals) :  Sales Using Mobile,95929934.2365615,Q2 2026,2026-04-01
Monthly,2026,,JUN,Total POS :  Sales (In Thousand Riyals),57484646.77834,JUN 2026,2026-06-01
Monthly,2026,,JUL,Total POS :  Number of Transactions,1096399055.0,JUL 2026,2026-07-01
Monthly,2026,,FEB,Total POS :  Number of Points of Sale Terminals,2381028.0,FEB 2026,2026-02-01
Monthly,2026,,MAY,Total POS :  Number of Points of Sale Terminals,2470101.0,MAY 2026,2026-05-01
Monthly,2026,,JUN,Total POS :  Number of Points of Sale Terminals,2459301.0,JUN 2026,2026-06-01
Monthly,2026,,FEB,POS Transactions Using Near Field Communication Technology : Number of Transactions :  Mobile Transactions,516368656.0,FEB 2026,2026-02-01
Monthly,2026,,JAN,POS Transactions Using Near Field Communication Technology : Sales (In Thousand Riyals) :  Sales Using Mobile,32913581.9165764,JAN 2026,2026-01-01
Monthly,2026,,MAY,POS Transactions Using Near Field Communication Technology : Sales (In Thousand Riyals) :  Sales Using Mobile,34127702.0203157,MAY 2026,2026-05-01
Monthly,2026,,JUL,POS Transactions Using Near Field Communication Technology : Sales (In Thousand Riyals) :  Sales Using Mobile,34056556.4090061,JUL 2026,2026-07-01
Monthly,2026,,MAY,POS Transactions Using Near Field Communication Technology : Sales (In Thousand Riyals) :  Sales Using Cards,25988672.2086242,MAY 2026,2026-05-01
Monthly,2026,,JUN,POS Transactions Using Near Field Communication Technology : Sales (In Thousand Riyals) :  Sales Using Cards,23815395.7032601,JUN 2026,2026-06-01
Monthly,2026,,FEB,E-Commerce Transactions Using Mada Cards : Sales (In Thousand Riyals),30419760.60515,FEB 2026,2026-02-01
Monthly,2026,,JAN,E-Commerce Transactions Using Mada Cards : Number of Transactions,177684816.0,JAN 2026,2026-01-01
Monthly,2026,,APR,E-Commerce Transactions Using Mada Cards : Number of Transactions,183402203.0,APR 2026,2026-04-01
Monthly,2026,,MAY,E-Commerce Transactions Using Mada Cards : Number of Transactions,198282227.0,MAY 2026,2026-05-01
Quarterly,2026,Q2,,Total POS :  Sales (In Thousand Riyals),178990955.45126,Q2 2026,2026-04-01
Quarterly,2026,Q2,,POS Transactions Using Near Field Communication Technology : Number of Transactions :  Mobile Transactions,1791903594.0,Q2 2026,2026-04-01
Quarterly,2026,Q1,,E-Commerce Transactions Using Mada Cards : Number of Transactions,547702036.0,Q1 2026,2026-01-01
Monthly,2026,,FEB,Total POS :  Sales (In Thousand Riyals),59880373.04817,FEB 2026,2026-02-01
Monthly,2026,,MAY,Total POS :  Sales (In Thousand Riyals),63110274.13778,MAY 2026,2026-05-01
Monthly,2026,,JAN,Total POS :  Number of Transactions,1046034005.0,JAN 2026,2026-01-01
Monthly,2026,,FEB,Total POS :  Number of Transactions,939323961.0,FEB 2026,2026-02-01
Monthly,2026,,APR,Total POS :  Number of Transactions,1040582722.0,APR 2026,2026-04-01
Monthly,2026,,MAY,Total POS :  Number of Transactions,1103895128.0,MAY 2026,2026-05-01
Monthly,2026,,JUN,Total POS :  Number of Transactions,1009241670.0,JUN 2026,2026-06-01
Monthly,2026,,JAN,Total POS :  Number of Points of Sale Terminals,2354641.0,JAN 2026,2026-01-01
Monthly,2026,,JUN,POS Transactions Using Near Field Communication Technology : Sales (In Thousand Riyals) :  Sales Using Mobile,30816085.8829799,JUN 2026,2026-06-01
Monthly,2026,,JAN,POS Transactions Using Near Field Communication Technology : Sales (In Thousand Riyals) :  Sales Using Cards,27060542.1478036,JAN 2026,2026-01-01
Monthly,2026,,MAR,POS Transactions Using Near Field Communication Technology : Sales (In Thousand Riyals) :  Sales Using Cards,26593871.3295523,MAR 2026,2026-03-01
Monthly,2026,,JUL,E-Commerce Transactions Using Mada Cards : Sales (In Thousand Riyals),37630279.5110412,JUL 2026,2026-07-01
Quarterly,2026,Q2,,Total POS :  Number of Transactions,3153719520.0,Q2 2026,2026-04-01
Quarterly,2026,Q2,,Total POS :  Number of Points of Sale Terminals,2459301.0,Q2 2026,2026-04-01
Quarterly,2026,Q2,,POS Transactions Using Near Field Communication Technology : Number of Transactions :  Cards Transactions,1254570937.0,Q2 2026,2026-04-01
Quarterly,2026,Q1,,POS Transactions Using Near Field Communication Technology : Sales (In Thousand Riyals) :  Sales Using Cards,79119248.579549,Q1 2026,2026-01-01
Quarterly,2026,Q2,,POS Transactions Using Near Field Communication Technology : Sales (In Thousand Riyals) :  Sales Using Cards,74197284.6911684,Q2 2026,2026-04-01
Quarterly,2026,Q1,,E-Commerce Transactions Using Mada Cards : Sales (In Thousand Riyals),98364032.9132201,Q1 2026,2026-01-01
Monthly,2026,,MAR,Total POS :  Sales (In Thousand Riyals),66139645.38638,MAR 2026,2026-03-01
Monthly,2026,,JUL,Total POS :  Sales (In Thousand Riyals),62852656.68972,JUL 2026,2026-07-01
Monthly,2026,,MAR,Total POS :  Number of Transactions,997218482.0,MAR 2026,2026-03-01
Monthly,2026,,APR,Total POS :  Number of Points of Sale Terminals,2458169.0,APR 2026,2026-04-01
Monthly,2026,,JUN,POS Transactions Using Near Field Communication Technology : Number of Transactions :  Cards Transactions,402289733.0,JUN 2026,2026-06-01
Monthly,2026,,MAR,POS Transactions Using Near Field Communication Technology : Sales (In Thousand Riyals) :  Sales Using Mobile,35976957.9641478,MAR 2026,2026-03-01
Monthly,2026,,JAN,E-Commerce Transactions Using Mada Cards : Sales (In Thousand Riyals),32586147.65252,JAN 2026,2026-01-01
Monthly,2026,,MAY,E-Commerce Transactions Using Mada Cards : Sales (In Thousand Riyals),34662148.5640498,MAY 2026,2026-05-01
Annually,2025,,,Total POS :  Number of Transactions,11546271820.0,2025,2025-01-01
Annually,2025,,,POS Transactions Using Near Field Communication Technology : Number of Transactions :  Mobile Transactions,6268893524.0,2025,2025-01-01
Annually,2025,,,POS Transactions Using Near Field Communication Technology : Number of Transactions :  Cards Transactions,4808972761.0,2025,2025-01-01
Annually,2025,,,E-Commerce Transactions Using Mada Cards : Number of Transactions,1770786311.0,2025,2025-01-01
Quarterly,2025,Q1,,Total POS :  Number of Transactions,2712998890.0,Q1 2025,2025-01-01
Quarterly,2025,Q3,,Total POS :  Number of Transactions,2975393736.0,Q3 2025,2025-07-01
Quarterly,2025,Q4,,POS Transactions Using Near Field Communication Technology : Number of Transactions :  Mobile Transactions,1679010515.0,Q4 2025,2025-10-01
Quarterly,2025,Q4,,POS Transactions Using Near Field Communication Technology : Sales (In Thousand Riyals) :  Sales Using Mobile,91922408.4812127,Q4 2025,2025-10-01
Quarterly,2025,Q1,,E-Commerce Transactions Using Mada Cards : Sales (In Thousand Riyals),69297943.8689801,Q1 2025,2025-01-01
Quarterly,2025,Q1,,E-Commerce Transactions Using Mada Cards : Number of Transactions,370904025.0,Q1 2025,2025-01-01
Quarterly,2025,Q4,,E-Commerce Transactions Using Mada Cards : Number of Transactions,513670661.0,Q4 2025,2025-10-01
Monthly,2025,,JAN,Total POS :  Sales (In Thousand Riyals),58208612.06207,JAN 2025,2025-01-01
Monthly,2025,,JUL,Total POS :  Sales (In Thousand Riyals),58885108.84523,JUL 2025,2025-07-01
Monthly,2025,,AUG,Total POS :  Sales (In Thousand Riyals),62571295.93813,AUG 2025,2025-08-01
Monthly,2025,,JAN,Total POS :  Number of Transactions,938496232.0,JAN 2025,2025-01-01
Monthly,2025,,DEC,Total POS :  Number of Transactions,1022360790.0,DEC 2025,2025-12-01
Monthly,2025,,FEB,Total POS :  Number of Points of Sale Terminals,2038684.0,FEB 2025,2025-02-01
Monthly,2025,,MAR,Total POS :  Number of Points of Sale Terminals,2082249.0,MAR 2025,2025-03-01
Monthly,2025,,APR,Total POS :  Number of Points of Sale Terminals,2089341.0,APR 2025,2025-04-01
Monthly,2025,,JUL,Total POS :  Number of Points of Sale Terminals,2117469.0,JUL 2025,2025-07-01
Monthly,2025,,NOV,Total POS :  Number of Points of Sale Terminals,2311183.0,NOV 2025,2025-11-01
Monthly,2025,,OCT,POS Transactions Using Near Field Communication Technology : Number of Transactions :  Mobile Transactions,570672546.0,OCT 2025,2025-10-01
Monthly,2025,,JUL,POS Transactions Using Near Field Communication Technology : Number of Transactions :  Cards Transactions,405489476.0,JUL 2025,2025-07-01
Monthly,2025,,SEP,POS Transactions Using Near Field Communication Technology : Number of Transactions :  Cards Transactions,407014186.0,SEP 2025,2025-09-01
Monthly,2025,,JAN,POS Transactions Using Near Field Communication Technology : Sales (In Thousand Riyals) :  Sales Using Mobile,28409755.4556754,JAN 2025,2025-01-01
Monthly,2025,,MAR,POS Transactions Using Near Field Communication Technology : Sales (In Thousand Riyals) :  Sales Using Mobile,33458197.4727569,MAR 2025,2025-03-01
Monthly,2025,,APR,POS Transactions Using Near Field Communication Technology : Sales (In Thousand Riyals) :  Sales Using Mobile,26020106.5608548,APR 2025,2025-04-01
Monthly,2025,,JUN,POS Transactions Using Near Field Communication Technology : Sales (In Thousand Riyals) :  Sales Using Mobile,27711987.4625752,JUN 2025,2025-06-01
Monthly,2025,,AUG,POS Transactions Using Near Field Communication Technology : Sales (In Thousand Riyals) :  Sales Using Mobile,32275645.5900365,AUG 2025,2025-08-01
Monthly,2025,,SEP,POS Transactions Using Near Field Communication Technology : Sales (In Thousand Riyals) :  Sales Using Mobile,29792057.4371864,SEP 2025,2025-09-01
Monthly,2025,,JAN,POS Transactions Using Near Field Communication Technology : Sales (In Thousand Riyals) :  Sales Using Cards,26281390.6313646,JAN 2025,2025-01-01
Monthly,2025,,FEB,POS Transactions Using Near Field Communication Technology : Sales (In Thousand Riyals) :  Sales Using Cards,26213344.9206148,FEB 2025,2025-02-01
Monthly,2025,,FEB,E-Commerce Transactions Using Mada Cards : Sales (In Thousand Riyals),20885626.1083001,FEB 2025,2025-02-01
Monthly,2025,,MAY,E-Commerce Transactions Using Mada Cards : Number of Transactions,147087438.0,MAY 2025,2025-05-01
Quarterly,2025,Q2,,Total POS :  Sales (In Thousand Riyals),165703631.732182,Q2 2025,2025-04-01
Quarterly,2025,Q1,,POS Transactions Using Near Field Communication Technology : Sales (In Thousand Riyals) :  Sales Using Mobile,90041971.7610575,Q1 2025,2025-01-01
Quarterly,2025,Q3,,POS Transactions Using Near Field Communication Technology : Sales (In Thousand Riyals) :  Sales Using Mobile,92352697.3951992,Q3 2025,2025-07-01
Quarterly,2025,Q2,,POS Transactions Using Near Field Communication Technology : Sales (In Thousand Riyals) :  Sales Using Cards,73274623.4623956,Q2 2025,2025-04-01
Quarterly,2025,Q3,,POS Transactions Using Near Field Communication Technology : Sales (In Thousand Riyals) :  Sales Using Cards,77838963.4075007,Q3 2025,2025-07-01
Quarterly,2025,Q2,,E-Commerce Transactions Using Mada Cards : Sales (In Thousand Riyals),76640063.5309795,Q2 2025,2025-04-01
Quarterly,2025,Q3,,E-Commerce Transactions Using Mada Cards : Sales (In Thousand Riyals),88289189.7159001,Q3 2025,2025-07-01
Monthly,2025,,SEP,Total POS :  Sales (In Thousand Riyals),58242906.95013,SEP 2025,2025-09-01
Monthly,2025,,OCT,Total POS :  Sales (In Thousand Riyals),59862413.96322,OCT 2025,2025-10-01
Monthly,2025,,FEB,Total POS :  Number of Transactions,882016976.0,FEB 2025,2025-02-01
Monthly,2025,,APR,Total POS :  Number of Transactions,891532746.0,APR 2025,2025-04-01
Monthly,2025,,MAY,Total POS :  Number of Transactions,988830225.0,MAY 2025,2025-05-01
Monthly,2025,,JUN,Total POS :  Number of Transactions,919313353.0,JUN 2025,2025-06-01
Monthly,2025,,JUL,Total POS :  Number of Transactions,984926414.0,JUL 2025,2025-07-01
Monthly,2025,,SEP,Total POS :  Number of Transactions,986371663.0,SEP 2025,2025-09-01
Monthly,2025,,SEP,Total POS :  Number of Points of Sale Terminals,2249852.0,SEP 2025,2025-09-01
Monthly,2025,,DEC,Total POS :  Number of Points of Sale Terminals,2330051.0,DEC 2025,2025-12-01
Monthly,2025,,MAY,POS Transactions Using Near Field Communication Technology : Number of Transactions :  Mobile Transactions,534836127.0,MAY 2025,2025-05-01
Monthly,2025,,DEC,POS Transactions Using Near Field Communication Technology : Number of Transactions :  Mobile Transactions,556707889.0,DEC 2025,2025-12-01
Monthly,2025,,JAN,POS Transactions Using Near Field Communication Technology : Number of Transactions :  Cards Transactions,397943692.0,JAN 2025,2025-01-01
Monthly,2025,,NOV,POS Transactions Using Near Field Communication Technology : Number of Transactions :  Cards Transactions,410421227.0,NOV 2025,2025-11-01
Monthly,2025,,OCT,POS Transactions Using Near Field Communication Technology : Sales (In Thousand Riyals) :  Sales Using Mobile,30385897.3077961,OCT 2025,2025-10-01
Monthly,2025,,NOV,POS Transactions Using Near Field Communication Technology : Sales (In Thousand Riyals) :  Sales Using Cards,25133277.4907534,NOV 2025,2025-11-01
Monthly,2025,,DEC,POS Transactions Using Near Field Communication Technology : Sales (In Thousand Riyals) :  Sales Using Cards,26295463.0,DEC 2025,2025-12-01
Monthly,2025,,MAR,E-Commerce Transactions Using Mada Cards : Sales (In Thousand Riyals),27545569.96881,MAR 2025,2025-03-01
Monthly,2025,,JUN,E-Commerce Transactions Using Mada Cards : Sales (In Thousand Riyals),25971479.8208801,JUN 2025,2025-06-01
Monthly,2025,,JUL,E-Commerce Transactions Using Mada Cards : Sales (In Thousand Riyals),29856109.5950101,JUL 2025,2025-07-01
Monthly,2025,,AUG,E-Commerce Transactions Using Mada Cards : Sales (In Thousand Riyals),29315909.7306199,AUG 2025,2025-08-01
Monthly,2025,,SEP,E-Commerce Transactions Using Mada Cards : Sales (In Thousand Riyals),29117170.3902701,SEP 2025,2025-09-01
Monthly,2025,,OCT,E-Commerce Transactions Using Mada Cards : Sales (In Thousand Riyals),30736289.1954,OCT 2025,2025-10-01
Monthly,2025,,MAR,E-Commerce Transactions Using Mada Cards : Number of Transactions,147613235.0,MAR 2025,2025-03-01
Monthly,2025,,OCT,E-Commerce Transactions Using Mada Cards : Number of Transactions,170849786.0,OCT 2025,2025-10-01
Annually,2025,,,Total POS :  Sales (In Thousand Riyals),707151169.312102,2025,2025-01-01
Quarterly,2025,Q1,,Total POS :  Number of Points of Sale Terminals,2082249.0,Q1 2025,2025-01-01
Quarterly,2025,Q4,,E-Commerce Transactions Using Mada Cards : Sales (In Thousand Riyals),90968697.59848,Q4 2025,2025-10-01
Quarterly,2025,Q2,,E-Commerce Transactions Using Mada Cards : Number of Transactions,420734656.0,Q2 2025,2025-04-01
Quarterly,2025,Q3,,E-Commerce Transactions Using Mada Cards : Number of Transactions,465476969.0,Q3 2025,2025-07-01
Monthly,2025,,FEB,Total POS :  Sales (In Thousand Riyals),57871765.99948,FEB 2025,2025-02-01
Monthly,2025,,JUN,Total POS :  Sales (In Thousand Riyals),53980536.22983,JUN 2025,2025-06-01
Monthly,2025,,DEC,Total POS :  Sales (In Thousand Riyals),61135041.78303,DEC 2025,2025-12-01
Monthly,2025,,OCT,Total POS :  Number of Transactions,1037514334.0,OCT 2025,2025-10-01
Monthly,2025,,JUN,Total POS :  Number of Points of Sale Terminals,2130219.0,JUN 2025,2025-06-01
Monthly,2025,,JAN,POS Transactions Using Near Field Communication Technology : Number of Transactions :  Mobile Transactions,494244288.0,JAN 2025,2025-01-01
Monthly,2025,,MAR,POS Transactions Using Near Field Communication Technology : Number of Transactions :  Mobile Transactions,472356511.0,MAR 2025,2025-03-01
Monthly,2025,,JUN,POS Transactions Using Near Field Communication Technology : Number of Transactions :  Mobile Transactions,500458920.0,JUN 2025,2025-06-01
Monthly,2025,,JUL,POS Transactions Using Near Field Communication Technology : Number of Transactions :  Mobile Transactions,541332191.0,JUL 2025,2025-07-01
Monthly,2025,,AUG,POS Transactions Using Near Field Communication Technology : Number of Transactions :  Mobile Transactions,552938642.0,AUG 2025,2025-08-01
Monthly,2025,,APR,POS Transactions Using Near Field Communication Technology : Number of Transactions :  Cards Transactions,370923553.0,APR 2025,2025-04-01
Monthly,2025,,MAY,POS Transactions Using Near Field Communication Technology : Number of Transactions :  Cards Transactions,413048775.0,MAY 2025,2025-05-01
Monthly,2025,,OCT,POS Transactions Using Near Field Communication Technology : Number of Transactions :  Cards Transactions,428967881.0,OCT 2025,2025-10-01
Monthly,2025,,FEB,POS Transactions Using Near Field Communication Technology : Sales (In Thousand Riyals) :  Sales Using Mobile,28174018.8326252,FEB 2025,2025-02-01
Monthly,2025,,NOV,POS Transactions Using Near Field Communication Technology : Sales (In Thousand Riyals) :  Sales Using Mobile,30365772.1734166,NOV 2025,2025-11-01
Monthly,2025,,APR,POS Transactions Using Near Field Communication Technology : Sales (In Thousand Riyals) :  Sales Using Cards,23249626.7272672,APR 2025,2025-04-01
Monthly,2025,,MAY,POS Transactions Using Near Field Communication Technology : Sales (In Thousand Riyals) :  Sales Using Cards,26416928.5469136,MAY 2025,2025-05-01
Monthly,2025,,SEP,POS Transactions Using Near Field Communication Technology : Sales (In Thousand Riyals) :  Sales Using Cards,25222836.6199536,SEP 2025,2025-09-01
Monthly,2025,,OCT,POS Transactions Using Near Field Communication Technology : Sales (In Thousand Riyals) :  Sales Using Cards,25943224.7596739,OCT 2025,2025-10-01
Monthly,2025,,APR,E-Commerce Transactions Using Mada Cards : Sales (In Thousand Riyals),23270071.6183193,APR 2025,2025-04-01
Monthly,2025,,APR,E-Commerce Transactions Using Mada Cards : Number of Transactions,132095811.0,APR 2025,2025-04-01
Monthly,2025,,JUN,E-Commerce Transactions Using Mada Cards : Number of Transactions,141551407.0,JUN 2025,2025-06-01
Annually,2025,,,Total POS :  Number of Points of Sale Terminals,2330051.0,2025,2025-01-01
Quarterly,2025,Q1,,Total POS :  Sales (In Thousand Riyals),181737947.558569,Q1 2025,2025-01-01
Quarterly,2025,Q3,,Total POS :  Sales (In Thousand Riyals),179699311.73349,Q3 2025,2025-07-01
Quarterly,2025,Q4,,Total POS :  Sales (In Thousand Riyals),180010278.287861,Q4 2025,2025-10-01
Quarterly,2025,Q2,,Total POS :  Number of Transactions,2799676324.0,Q2 2025,2025-04-01
Quarterly,2025,Q1,,POS Transactions Using Near Field Communication Technology : Number of Transactions :  Mobile Transactions,1433506515.0,Q1 2025,2025-01-01
Quarterly,2025,Q3,,POS Transactions Using Near Field Communication Technology : Number of Transactions :  Mobile Transactions,1638246567.0,Q3 2025,2025-07-01
Quarterly,2025,Q3,,POS Transactions Using Near Field Communication Technology : Number of Transactions :  Cards Transactions,1227238137.0,Q3 2025,2025-07-01
Quarterly,2025,Q4,,POS Transactions Using Near Field Communication Technology : Number of Transactions :  Cards Transactions,1266951575.0,Q4 2025,2025-10-01
Quarterly,2025,Q2,,POS Transactions Using Near Field Communication Technology : Sales (In Thousand Riyals) :  Sales Using Mobile,83767974.3647464,Q2 2025,2025-04-01
Quarterly,2025,Q1,,POS Transactions Using Near Field Communication Technology : Sales (In Thousand Riyals) :  Sales Using Cards,80931011.7662556,Q1 2025,2025-01-01
Quarterly,2025,Q4,,POS Transactions Using Near Field Communication Technology : Sales (In Thousand Riyals) :  Sales Using Cards,77371965.2504273,Q4 2025,2025-10-01
Monthly,2025,,APR,Total POS :  Sales (In Thousand Riyals),52223280.030512,APR 2025,2025-04-01
Monthly,2025,,AUG,Total POS :  Number of Transactions,1004095659.0,AUG 2025,2025-08-01
Monthly,2025,,AUG,Total POS :  Number of Points of Sale Terminals,2176742.0,AUG 2025,2025-08-01
Monthly,2025,,APR,POS Transactions Using Near Field Communication Technology : Number of Transactions :  Mobile Transactions,482834880.0,APR 2025,2025-04-01
Monthly,2025,,SEP,POS Transactions Using Near Field Communication Technology : Number of Transactions :  Mobile Transactions,543975734.0,SEP 2025,2025-09-01
Monthly,2025,,FEB,POS Transactions Using Near Field Communication Technology : Number of Transactions :  Cards Transactions,374621600.0,FEB 2025,2025-02-01
Monthly,2025,,DEC,POS Transactions Using Near Field Communication Technology : Number of Transactions :  Cards Transactions,427562467.0,DEC 2025,2025-12-01
Monthly,2025,,MAY,POS Transactions Using Near Field Communication Technology : Sales (In Thousand Riyals) :  Sales Using Mobile,30035880.3413164,MAY 2025,2025-05-01
Monthly,2025,,DEC,POS Transactions Using Near Field Communication Technology : Sales (In Thousand Riyals) :  Sales Using Mobile,31170739.0,DEC 2025,2025-12-01
Monthly,2025,,MAR,POS Transactions Using Near Field Communication Technology : Sales (In Thousand Riyals) :  Sales Using Cards,28436276.2142762,MAR 2025,2025-03-01
Monthly,2025,,AUG,POS Transactions Using Near Field Communication Technology : Sales (In Thousand Riyals) :  Sales Using Cards,26953540.2951135,AUG 2025,2025-08-01
Monthly,2025,,MAY,E-Commerce Transactions Using Mada Cards : Sales (In Thousand Riyals),27398512.0917801,MAY 2025,2025-05-01
Monthly,2025,,DEC,E-Commerce Transactions Using Mada Cards : Sales (In Thousand Riyals),31124856.0,DEC 2025,2025-12-01
Monthly,2025,,JAN,E-Commerce Transactions Using Mada Cards : Number of Transactions,111423618.0,JAN 2025,2025-01-01
Monthly,2025,,AUG,E-Commerce Transactions Using Mada Cards : Number of Transactions,154675843.0,AUG 2025,2025-08-01
Monthly,2025,,SEP,E-Commerce Transactions Using Mada Cards : Number of Transactions,161061543.0,SEP 2025,2025-09-01
Annually,2025,,,POS Transactions Using Near Field Communication Technology : Sales (In Thousand Riyals) :  Sales Using Mobile,358085052.002216,2025,2025-01-01
Annually,2025,,,POS Transactions Using Near Field Communication Technology : Sales (In Thousand Riyals) :  Sales Using Cards,309416563.886579,2025,2025-01-01
Annually,2025,,,E-Commerce Transactions Using Mada Cards : Sales (In Thousand Riyals),325195894.71434,2025,2025-01-01
Quarterly,2025,Q4,,Total POS :  Number of Transactions,3058202870.0,Q4 2025,2025-10-01
Quarterly,2025,Q2,,Total POS :  Number of Points of Sale Terminals,2130219.0,Q2 2025,2025-04-01
Quarterly,2025,Q3,,Total POS :  Number of Points of Sale Terminals,2249852.0,Q3 2025,2025-07-01
Quarterly,2025,Q4,,Total POS :  Number of Points of Sale Terminals,2330051.0,Q4 2025,2025-10-01
Quarterly,2025,Q2,,POS Transactions Using Near Field Communication Technology : Number of Transactions :  Mobile Transactions,1518129927.0,Q2 2025,2025-04-01
Quarterly,2025,Q1,,POS Transactions Using Near Field Communication Technology : Number of Transactions :  Cards Transactions,1151017148.0,Q1 2025,2025-01-01
Quarterly,2025,Q2,,POS Transactions Using Near Field Communication Technology : Number of Transactions :  Cards Transactions,1163765901.0,Q2 2025,2025-04-01
Monthly,2025,,MAR,Total POS :  Sales (In Thousand Riyals),65657569.4970186,MAR 2025,2025-03-01
Monthly,2025,,MAY,Total POS :  Sales (In Thousand Riyals),59499815.47184,MAY 2025,2025-05-01
Monthly,2025,,NOV,Total POS :  Sales (In Thousand Riyals),59012822.5416115,NOV 2025,2025-11-01
Monthly,2025,,MAR,Total POS :  Number of Transactions,892485682.0,MAR 2025,2025-03-01
Monthly,2025,,NOV,Total POS :  Number of Transactions,998327746.0,NOV 2025,2025-11-01
Monthly,2025,,JAN,Total POS :  Number of Points of Sale Terminals,2013597.0,JAN 2025,2025-01-01
Monthly,2025,,MAY,Total POS :  Number of Points of Sale Terminals,2136878.0,MAY 2025,2025-05-01
Monthly,2025,,OCT,Total POS :  Number of Points of Sale Terminals,2313312.0,OCT 2025,2025-10-01
Monthly,2025,,FEB,POS Transactions Using Near Field Communication Technology : Number of Transactions :  Mobile Transactions,466905716.0,FEB 2025,2025-02-01
Monthly,2025,,NOV,POS Transactions Using Near Field Communication Technology : Number of Transactions :  Mobile Transactions,551630080.0,NOV 2025,2025-11-01
Monthly,2025,,MAR,POS Transactions Using Near Field Communication Technology : Number of Transactions :  Cards Transactions,378451856.0,MAR 2025,2025-03-01
Monthly,2025,,JUN,POS Transactions Using Near Field Communication Technology : Number of Transactions :  Cards Transactions,379793573.0,JUN 2025,2025-06-01
Monthly,2025,,AUG,POS Transactions Using Near Field Communication Technology : Number of Transactions :  Cards Transactions,414734475.0,AUG 2025,2025-08-01
Monthly,2025,,JUL,POS Transactions Using Near Field Communication Technology : Sales (In Thousand Riyals) :  Sales Using Mobile,30284994.3679763,JUL 2025,2025-07-01
Monthly,2025,,JUN,POS Transactions Using Near Field Communication Technology : Sales (In Thousand Riyals) :  Sales Using Cards,23608068.1882148,JUN 2025,2025-06-01
Monthly,2025,,JUL,POS Transactions Using Near Field Communication Technology : Sales (In Thousand Riyals) :  Sales Using Cards,25662586.4924336,JUL 2025,2025-07-01
Monthly,2025,,JAN,E-Commerce Transactions Using Mada Cards : Sales (In Thousand Riyals),20866747.79187,JAN 2025,2025-01-01
Monthly,2025,,NOV,E-Commerce Transactions Using Mada Cards : Sales (In Thousand Riyals),29107552.40308,NOV 2025,2025-11-01
Monthly,2025,,FEB,E-Commerce Transactions Using Mada Cards : Number of Transactions,111867172.0,FEB 2025,2025-02-01
Monthly,2025,,JUL,E-Commerce Transactions Using Mada Cards : Number of Transactions,149739583.0,JUL 2025,2025-07-01
Monthly,2025,,NOV,E-Commerce Transactions Using Mada Cards : Number of Transactions,166713784.0,NOV 2025,2025-11-01
Monthly,2025,,DEC,E-Commerce Transactions Using Mada Cards : Number of Transactions,176107091.0,DEC 2025,2025-12-01
Annually,2024,,,Total POS :  Sales (In Thousand Riyals),668184480.829145,2024,2024-01-01
Quarterly,2024,Q2,,Total POS :  Number of Transactions,2519133585.0,Q2 2024,2024-04-01
Quarterly,2024,Q3,,Total POS :  Number of Transactions,2648554321.0,Q3 2024,2024-07-01
Quarterly,2024,Q3,,Total POS :  Number of Points of Sale Terminals,1895058.0,Q3 2024,2024-07-01
Quarterly,2024,Q3,,POS Transactions Using Near Field Communication Technology : Number of Transactions :  Cards Transactions,1154788551.0,Q3 2024,2024-07-01
Quarterly,2024,Q2,,POS Transactions Using Near Field Communication Technology : Sales (In Thousand Riyals) :  Sales Using Cards,75754351.637034,Q2 2024,2024-04-01
Quarterly,2024,Q4,,POS Transactions Using Near Field Communication Technology : Sales (In Thousand Riyals) :  Sales Using Cards,78205067.704676,Q4 2024,2024-10-01
Quarterly,2024,Q2,,E-Commerce Transactions Using Mada Cards : Number of Transactions,274504581.0,Q2 2024,2024-04-01
Monthly,2024,,MAY,Total POS :  Sales (In Thousand Riyals),56489793.87835,MAY 2024,2024-05-01
Monthly,2024,,JAN,Total POS :  Number of Transactions,829777005.0,JAN 2024,2024-01-01
Monthly,2024,,JAN,Total POS :  Number of Points of Sale Terminals,1762621.0,JAN 2024,2024-01-01
Monthly,2024,,MAR,Total POS :  Number of Points of Sale Terminals,1780710.0,MAR 2024,2024-03-01
Monthly,2024,,JAN,POS Transactions Using Near Field Communication Technology : Number of Transactions :  Mobile Transactions,422241605.0,JAN 2024,2024-01-01
Monthly,2024,,FEB,POS Transactions Using Near Field Communication Technology : Number of Transactions :  Mobile Transactions,410426018.0,FEB 2024,2024-02-01
Monthly,2024,,FEB,POS Transactions Using Near Field Communication Technology : Number of Transactions :  Cards Transactions,363431028.0,FEB 2024,2024-02-01
Monthly,2024,,JUN,POS Transactions Using Near Field Communication Technology : Number of Transactions :  Cards Transactions,363335472.0,JUN 2024,2024-06-01
Monthly,2024,,AUG,POS Transactions Using Near Field Communication Technology : Number of Transactions :  Cards Transactions,394094583.0,AUG 2024,2024-08-01
Monthly,2024,,NOV,POS Transactions Using Near Field Communication Technology : Number of Transactions :  Cards Transactions,388774718.0,NOV 2024,2024-11-01
Monthly,2024,,DEC,POS Transactions Using Near Field Communication Technology : Number of Transactions :  Cards Transactions,400254647.0,DEC 2024,2024-12-01
Monthly,2024,,APR,POS Transactions Using Near Field Communication Technology : Sales (In Thousand Riyals) :  Sales Using Mobile,25118441.6336157,APR 2024,2024-04-01
Monthly,2024,,MAY,POS Transactions Using Near Field Communication Technology : Sales (In Thousand Riyals) :  Sales Using Mobile,26349016.7797853,MAY 2024,2024-05-01
Monthly,2024,,SEP,POS Transactions Using Near Field Communication Technology : Sales (In Thousand Riyals) :  Sales Using Mobile,26093166.7010559,SEP 2024,2024-09-01
Monthly,2024,,NOV,POS Transactions Using Near Field Communication Technology : Sales (In Thousand Riyals) :  Sales Using Mobile,27341092.3310799,NOV 2024,2024-11-01
Monthly,2024,,MAR,POS Transactions Using Near Field Communication Technology : Sales (In Thousand Riyals) :  Sales Using Cards,28136797.9563136,MAR 2024,2024-03-01
Monthly,2024,,DEC,POS Transactions Using Near Field Communication Technology : Sales (In Thousand Riyals) :  Sales Using Cards,26801133.0469644,DEC 2024,2024-12-01
Monthly,2024,,JAN,E-Commerce Transactions Using Mada Cards : Sales (In Thousand Riyals),14426485.73744,JAN 2024,2024-01-01
Monthly,2024,,MAR,E-Commerce Transactions Using Mada Cards : Sales (In Thousand Riyals),15889111.1362,MAR 2024,2024-03-01
Monthly,2024,,JUL,E-Commerce Transactions Using Mada Cards : Sales (In Thousand Riyals),16637715.10298,JUL 2024,2024-07-01
Monthly,2024,,SEP,E-Commerce Transactions Using Mada Cards : Sales (In Thousand Riyals),17461812.5970699,SEP 2024,2024-09-01
Monthly,2024,,MAR,E-Commerce Transactions Using Mada Cards : Number of Transactions,95544345.0,MAR 2024,2024-03-01
Monthly,2024,,SEP,E-Commerce Transactions Using Mada Cards : Number of Transactions,98246733.0,SEP 2024,2024-09-01
Monthly,2024,,NOV,E-Commerce Transactions Using Mada Cards : Number of Transactions,98777889.0,NOV 2024,2024-11-01
Annually,2024,,,Total POS :  Number of Transactions,10373398062.0,2024,2024-01-01
Annually,2024,,,E-Commerce Transactions Using Mada Cards : Sales (In Thousand Riyals),197417278.92221,2024,2024-01-01
Quarterly,2024,Q1,,Total POS :  Number of Transactions,2445398282.0,Q1 2024,2024-01-01
Quarterly,2024,Q4,,Total POS :  Number of Transactions,2760311874.0,Q4 2024,2024-10-01
Quarterly,2024,Q4,,E-Commerce Transactions Using Mada Cards : Sales (In Thousand Riyals),55152848.8470601,Q4 2024,2024-10-01
Monthly,2024,,MAR,Total POS :  Sales (In Thousand Riyals),59678851.04707,MAR 2024,2024-03-01
Monthly,2024,,SEP,Total POS :  Sales (In Thousand Riyals),54858236.42589,SEP 2024,2024-09-01
Monthly,2024,,JUL,Total POS :  Number of Points of Sale Terminals,1822134.0,JUL 2024,2024-07-01
Monthly,2024,,SEP,Total POS :  Number of Points of Sale Terminals,1895058.0,SEP 2024,2024-09-01
Monthly,2024,,APR,POS Transactions Using Near Field Communication Technology : Number of Transactions :  Mobile Transactions,413758117.0,APR 2024,2024-04-01
Monthly,2024,,MAY,POS Transactions Using Near Field Communication Technology : Number of Transactions :  Mobile Transactions,463689439.0,MAY 2024,2024-05-01
Monthly,2024,,JUL,POS Transactions Using Near Field Communication Technology : Number of Transactions :  Mobile Transactions,450668493.0,JUL 2024,2024-07-01
Monthly,2024,,AUG,POS Transactions Using Near Field Communication Technology : Number of Transactions :  Mobile Transactions,468080988.0,AUG 2024,2024-08-01
Monthly,2024,,MAR,POS Transactions Using Near Field Communication Technology : Number of Transactions :  Cards Transactions,365768116.0,MAR 2024,2024-03-01
Monthly,2024,,DEC,POS Transactions Using Near Field Communication Technology : Sales (In Thousand Riyals) :  Sales Using Mobile,28699576.8602156,DEC 2024,2024-12-01
Monthly,2024,,AUG,E-Commerce Transactions Using Mada Cards : Number of Transactions,94140147.0,AUG 2024,2024-08-01
Monthly,2024,,OCT,E-Commerce Transactions Using Mada Cards : Number of Transactions,100892554.0,OCT 2024,2024-10-01
Monthly,2024,,DEC,E-Commerce Transactions Using Mada Cards : Number of Transactions,105725639.0,DEC 2024,2024-12-01
Annually,2024,,,POS Transactions Using Near Field Communication Technology : Number of Transactions :  Mobile Transactions,5384440627.0,2024,2024-01-01
Annually,2024,,,POS Transactions Using Near Field Communication Technology : Number of Transactions :  Cards Transactions,4556095965.0,2024,2024-01-01
Quarterly,2024,Q3,,Total POS :  Sales (In Thousand Riyals),167491231.777158,Q3 2024,2024-07-01
Quarterly,2024,Q4,,Total POS :  Number of Points of Sale Terminals,1981111.0,Q4 2024,2024-10-01
Quarterly,2024,Q1,,POS Transactions Using Near Field Communication Technology : Number of Transactions :  Mobile Transactions,1242705108.0,Q1 2024,2024-01-01
Quarterly,2024,Q2,,POS Transactions Using Near Field Communication Technology : Number of Transactions :  Mobile Transactions,1306405601.0,Q2 2024,2024-04-01
Quarterly,2024,Q3,,POS Transactions Using Near Field Communication Technology : Number of Transactions :  Mobile Transactions,1383425637.0,Q3 2024,2024-07-01
Quarterly,2024,Q4,,POS Transactions Using Near Field Communication Technology : Number of Transactions :  Cards Transactions,1187334948.0,Q4 2024,2024-10-01
Quarterly,2024,Q1,,POS Transactions Using Near Field Communication Technology : Sales (In Thousand Riyals) :  Sales Using Cards,79660166.2628924,Q1 2024,2024-01-01
Quarterly,2024,Q3,,POS Transactions Using Near Field Communication Technology : Sales (In Thousand Riyals) :  Sales Using Cards,77643860.9946136,Q3 2024,2024-07-01
Quarterly,2024,Q1,,E-Commerce Transactions Using Mada Cards : Number of Transactions,263242173.0,Q1 2024,2024-01-01
Monthly,2024,,JUL,Total POS :  Sales (In Thousand Riyals),54123020.86116,JUL 2024,2024-07-01
Monthly,2024,,OCT,Total POS :  Sales (In Thousand Riyals),55740894.69522,OCT 2024,2024-10-01
Monthly,2024,,MAR,Total POS :  Number of Transactions,809436464.0,MAR 2024,2024-03-01
Monthly,2024,,MAY,Total POS :  Number of Transactions,894485833.0,MAY 2024,2024-05-01
Monthly,2024,,AUG,Total POS :  Number of Transactions,899230567.0,AUG 2024,2024-08-01
Monthly,2024,,OCT,Total POS :  Number of Transactions,923068452.0,OCT 2024,2024-10-01
Monthly,2024,,FEB,Total POS :  Number of Points of Sale Terminals,1774526.0,FEB 2024,2024-02-01
Monthly,2024,,APR,Total POS :  Number of Points of Sale Terminals,1795381.0,APR 2024,2024-04-01
Monthly,2024,,AUG,Total POS :  Number of Points of Sale Terminals,1857008.0,AUG 2024,2024-08-01
Monthly,2024,,OCT,Total POS :  Number of Points of Sale Terminals,1926451.0,OCT 2024,2024-10-01
Monthly,2024,,NOV,Total POS :  Number of Points of Sale Terminals,1953091.0,NOV 2024,2024-11-01
Monthly,2024,,OCT,POS Transactions Using Near Field Communication Technology : Number of Transactions :  Mobile Transactions,485752083.0,OCT 2024,2024-10-01
Monthly,2024,,NOV,POS Transactions Using Near Field Communication Technology : Number of Transactions :  Mobile Transactions,474453464.0,NOV 2024,2024-11-01
Monthly,2024,,JAN,POS Transactions Using Near Field Communication Technology : Number of Transactions :  Cards Transactions,374696799.0,JAN 2024,2024-01-01
Monthly,2024,,JUL,POS Transactions Using Near Field Communication Technology : Number of Transactions :  Cards Transactions,378340576.0,JUL 2024,2024-07-01
Monthly,2024,,FEB,POS Transactions Using Near Field Communication Technology : Sales (In Thousand Riyals) :  Sales Using Mobile,24380951.1346755,FEB 2024,2024-02-01
Monthly,2024,,MAR,POS Transactions Using Near Field Communication Technology : Sales (In Thousand Riyals) :  Sales Using Mobile,27604458.2942264,MAR 2024,2024-03-01
Monthly,2024,,JAN,POS Transactions Using Near Field Communication Technology : Sales (In Thousand Riyals) :  Sales Using Cards,25803566.1204744,JAN 2024,2024-01-01
Monthly,2024,,JUL,POS Transactions Using Near Field Communication Technology : Sales (In Thousand Riyals) :  Sales Using Cards,25158006.4948045,JUL 2024,2024-07-01
Monthly,2024,,AUG,POS Transactions Using Near Field Communication Technology : Sales (In Thousand Riyals) :  Sales Using Cards,27186039.7919049,AUG 2024,2024-08-01
Monthly,2024,,NOV,POS Transactions Using Near Field Communication Technology : Sales (In Thousand Riyals) :  Sales Using Cards,25694533.6509171,NOV 2024,2024-11-01
Monthly,2024,,FEB,E-Commerce Transactions Using Mada Cards : Sales (In Thousand Riyals),14106978.47953,FEB 2024,2024-02-01
Monthly,2024,,MAY,E-Commerce Transactions Using Mada Cards : Sales (In Thousand Riyals),16216348.7808799,MAY 2024,2024-05-01
Monthly,2024,,DEC,E-Commerce Transactions Using Mada Cards : Sales (In Thousand Riyals),19368523.6549001,DEC 2024,2024-12-01
Monthly,2024,,JAN,E-Commerce Transactions Using Mada Cards : Number of Transactions,83371400.0,JAN 2024,2024-01-01
Annually,2024,,,Total POS :  Number of Points of Sale Terminals,1981111.0,2024,2024-01-01
Annually,2024,,,POS Transactions Using Near Field Communication Technology : Sales (In Thousand Riyals) :  Sales Using Mobile,314771680.929331,2024,2024-01-01
Annually,2024,,,POS Transactions Using Near Field Communication Technology : Sales (In Thousand Riyals) :  Sales Using Cards,311263446.599216,2024,2024-01-01
Annually,2024,,,E-Commerce Transactions Using Mada Cards : Number of Transactions,1125931637.0,2024,2024-01-01
Quarterly,2024,Q1,,Total POS :  Sales (In Thousand Riyals),167198884.50394,Q1 2024,2024-01-01
Quarterly,2024,Q2,,Total POS :  Sales (In Thousand Riyals),162205009.66115,Q2 2024,2024-04-01
Quarterly,2024,Q4,,Total POS :  Sales (In Thousand Riyals),171289354.886897,Q4 2024,2024-10-01
Quarterly,2024,Q1,,Total POS :  Number of Points of Sale Terminals,1780710.0,Q1 2024,2024-01-01
Quarterly,2024,Q2,,Total POS :  Number of Points of Sale Terminals,1802069.0,Q2 2024,2024-04-01
Quarterly,2024,Q4,,POS Transactions Using Near Field Communication Technology : Number of Transactions :  Mobile Transactions,1451904281.0,Q4 2024,2024-10-01
Quarterly,2024,Q1,,POS Transactions Using Near Field Communication Technology : Sales (In Thousand Riyals) :  Sales Using Mobile,76447236.3804275,Q1 2024,2024-01-01
Quarterly,2024,Q4,,POS Transactions Using Near Field Communication Technology : Sales (In Thousand Riyals) :  Sales Using Mobile,82601852.681951,Q4 2024,2024-10-01
Quarterly,2024,Q2,,E-Commerce Transactions Using Mada Cards : Sales (In Thousand Riyals),46204016.1650198,Q2 2024,2024-04-01
Quarterly,2024,Q3,,E-Commerce Transactions Using Mada Cards : Sales (In Thousand Riyals),51637838.5569599,Q3 2024,2024-07-01
Quarterly,2024,Q4,,E-Commerce Transactions Using Mada Cards : Number of Transactions,305396082.0,Q4 2024,2024-10-01
Monthly,2024,,APR,Total POS :  Sales (In Thousand Riyals),52953272.74496,APR 2024,2024-04-01
Monthly,2024,,AUG,Total POS :  Sales (In Thousand Riyals),58509974.490108,AUG 2024,2024-08-01
Monthly,2024,,NOV,Total POS :  Sales (In Thousand Riyals),56453977.614627,NOV 2024,2024-11-01
Monthly,2024,,DEC,Total POS :  Sales (In Thousand Riyals),59094482.57705,DEC 2024,2024-12-01
Monthly,2024,,FEB,Total POS :  Number of Transactions,806184813.0,FEB 2024,2024-02-01
Monthly,2024,,APR,Total POS :  Number of Transactions,798807299.0,APR 2024,2024-04-01
Monthly,2024,,SEP,Total POS :  Number of Transactions,885554800.0,SEP 2024,2024-09-01
Monthly,2024,,MAR,POS Transactions Using Near Field Communication Technology : Number of Transactions :  Mobile Transactions,410037485.0,MAR 2024,2024-03-01
Monthly,2024,,JUN,POS Transactions Using Near Field Communication Technology : Number of Transactions :  Mobile Transactions,428958045.0,JUN 2024,2024-06-01
Monthly,2024,,SEP,POS Transactions Using Near Field Communication Technology : Number of Transactions :  Mobile Transactions,464676156.0,SEP 2024,2024-09-01
Monthly,2024,,DEC,POS Transactions Using Near Field Communication Technology : Number of Transactions :  Mobile Transactions,491698734.0,DEC 2024,2024-12-01
Monthly,2024,,MAY,POS Transactions Using Near Field Communication Technology : Number of Transactions :  Cards Transactions,394851274.0,MAY 2024,2024-05-01
Monthly,2024,,OCT,POS Transactions Using Near Field Communication Technology : Number of Transactions :  Cards Transactions,398305583.0,OCT 2024,2024-10-01
Monthly,2024,,JAN,POS Transactions Using Near Field Communication Technology : Sales (In Thousand Riyals) :  Sales Using Mobile,24461826.9515256,JAN 2024,2024-01-01
Monthly,2024,,AUG,POS Transactions Using Near Field Communication Technology : Sales (In Thousand Riyals) :  Sales Using Mobile,27626799.9507351,AUG 2024,2024-08-01
Monthly,2024,,OCT,POS Transactions Using Near Field Communication Technology : Sales (In Thousand Riyals) :  Sales Using Mobile,26561183.4906555,OCT 2024,2024-10-01
Monthly,2024,,MAY,POS Transactions Using Near Field Communication Technology : Sales (In Thousand Riyals) :  Sales Using Cards,26647060.4891747,MAY 2024,2024-05-01
Monthly,2024,,OCT,POS Transactions Using Near Field Communication Technology : Sales (In Thousand Riyals) :  Sales Using Cards,25709401.0067945,OCT 2024,2024-10-01
Monthly,2024,,APR,E-Commerce Transactions Using Mada Cards : Sales (In Thousand Riyals),14849922.5844699,APR 2024,2024-04-01
Monthly,2024,,AUG,E-Commerce Transactions Using Mada Cards : Sales (In Thousand Riyals),17538310.85691,AUG 2024,2024-08-01
Monthly,2024,,OCT,E-Commerce Transactions Using Mada Cards : Sales (In Thousand Riyals),18342031.50056,OCT 2024,2024-10-01
Monthly,2024,,NOV,E-Commerce Transactions Using Mada Cards : Sales (In Thousand Riyals),17442293.6916,NOV 2024,2024-11-01
Monthly,2024,,FEB,E-Commerce Transactions Using Mada Cards : Number of Transactions,84326428.0,FEB 2024,2024-02-01
Monthly,2024,,APR,E-Commerce Transactions Using Mada Cards : Number of Transactions,93853704.0,APR 2024,2024-04-01
Monthly,2024,,MAY,E-Commerce Transactions Using Mada Cards : Number of Transactions,91868518.0,MAY 2024,2024-05-01
Monthly,2024,,JUL,E-Commerce Transactions Using Mada Cards : Number of Transactions,90401921.0,JUL 2024,2024-07-01
Quarterly,2024,Q1,,POS Transactions Using Near Field Communication Technology : Number of Transactions :  Cards Transactions,1103895943.0,Q1 2024,2024-01-01
Quarterly,2024,Q2,,POS Transactions Using Near Field Communication Technology : Number of Transactions :  Cards Transactions,1110076523.0,Q2 2024,2024-04-01
Quarterly,2024,Q2,,POS Transactions Using Near Field Communication Technology : Sales (In Thousand Riyals) :  Sales Using Mobile,76383152.2261059,Q2 2024,2024-04-01
Quarterly,2024,Q3,,POS Transactions Using Near Field Communication Technology : Sales (In Thousand Riyals) :  Sales Using Mobile,79339439.6408465,Q3 2024,2024-07-01
Quarterly,2024,Q1,,E-Commerce Transactions Using Mada Cards : Sales (In Thousand Riyals),44422575.35317,Q1 2024,2024-01-01
Quarterly,2024,Q3,,E-Commerce Transactions Using Mada Cards : Number of Transactions,282788801.0,Q3 2024,2024-07-01
Monthly,2024,,JAN,Total POS :  Sales (In Thousand Riyals),53800569.00389,JAN 2024,2024-01-01
Monthly,2024,,FEB,Total POS :  Sales (In Thousand Riyals),53719464.45298,FEB 2024,2024-02-01
Monthly,2024,,JUN,Total POS :  Sales (In Thousand Riyals),52761943.03784,JUN 2024,2024-06-01
Monthly,2024,,JUN,Total POS :  Number of Transactions,825840453.0,JUN 2024,2024-06-01
Monthly,2024,,JUL,Total POS :  Number of Transactions,863768954.0,JUL 2024,2024-07-01
Monthly,2024,,NOV,Total POS :  Number of Transactions,901823971.0,NOV 2024,2024-11-01
Monthly,2024,,DEC,Total POS :  Number of Transactions,935419451.0,DEC 2024,2024-12-01
Monthly,2024,,MAY,Total POS :  Number of Points of Sale Terminals,1805939.0,MAY 2024,2024-05-01
Monthly,2024,,JUN,Total POS :  Number of Points of Sale Terminals,1802069.0,JUN 2024,2024-06-01
Monthly,2024,,DEC,Total POS :  Number of Points of Sale Terminals,1981111.0,DEC 2024,2024-12-01
Monthly,2024,,APR,POS Transactions Using Near Field Communication Technology : Number of Transactions :  Cards Transactions,351889777.0,APR 2024,2024-04-01
Monthly,2024,,SEP,POS Transactions Using Near Field Communication Technology : Number of Transactions :  Cards Transactions,382353392.0,SEP 2024,2024-09-01
Monthly,2024,,JUN,POS Transactions Using Near Field Communication Technology : Sales (In Thousand Riyals) :  Sales Using Mobile,24915693.8127049,JUN 2024,2024-06-01
Monthly,2024,,JUL,POS Transactions Using Near Field Communication Technology : Sales (In Thousand Riyals) :  Sales Using Mobile,25619472.9890555,JUL 2024,2024-07-01
Monthly,2024,,FEB,POS Transactions Using Near Field Communication Technology : Sales (In Thousand Riyals) :  Sales Using Cards,25719802.1861044,FEB 2024,2024-02-01
Monthly,2024,,APR,POS Transactions Using Near Field Communication Technology : Sales (In Thousand Riyals) :  Sales Using Cards,24498593.3590442,APR 2024,2024-04-01
Monthly,2024,,JUN,POS Transactions Using Near Field Communication Technology : Sales (In Thousand Riyals) :  Sales Using Cards,24608697.7888151,JUN 2024,2024-06-01
Monthly,2024,,SEP,POS Transactions Using Near Field Communication Technology : Sales (In Thousand Riyals) :  Sales Using Cards,25299814.7079042,SEP 2024,2024-09-01
Monthly,2024,,JUN,E-Commerce Transactions Using Mada Cards : Sales (In Thousand Riyals),15137744.79967,JUN 2024,2024-06-01
Monthly,2024,,JUN,E-Commerce Transactions Using Mada Cards : Number of Transactions,88782359.0,JUN 2024,2024-06-01
Annually,2023,,,POS Transactions Using Near Field Communication Technology : Sales (In Thousand Riyals) :  Sales Using Mobile,222558099.933329,2023,2023-01-01
Annually,2023,,,E-Commerce Transactions Using Mada Cards : Number of Transactions,873742893.0,2023,2023-01-01
Quarterly,2023,Q3,,Total POS :  Number of Points of Sale Terminals,1691163.0,Q3 2023,2023-07-01
Quarterly,2023,Q1,,POS Transactions Using Near Field Communication Technology : Number of Transactions :  Cards Transactions,1065974876.0,Q1 2023,2023-01-01
Quarterly,2023,Q3,,POS Transactions Using Near Field Communication Technology : Number of Transactions :  Cards Transactions,1172405085.0,Q3 2023,2023-07-01
Quarterly,2023,Q3,,POS Transactions Using Near Field Communication Technology : Sales (In Thousand Riyals) :  Sales Using Mobile,56058793.3225304,Q3 2023,2023-07-01
Quarterly,2023,Q3,,E-Commerce Transactions Using Mada Cards : Sales (In Thousand Riyals),41127735.92518,Q3 2023,2023-07-01
Quarterly,2023,Q4,,E-Commerce Transactions Using Mada Cards : Sales (In Thousand Riyals),40529175.1159998,Q4 2023,2023-10-01
Monthly,2023,,JAN,Total POS :  Sales (In Thousand Riyals),48326933.7758396,JAN 2023,2023-01-01
Monthly,2023,,MAR,Total POS :  Sales (In Thousand Riyals),55412673.6074909,MAR 2023,2023-03-01
Monthly,2023,,JUL,Total POS :  Sales (In Thousand Riyals),49350190.5936486,JUL 2023,2023-07-01
Monthly,2023,,AUG,Total POS :  Sales (In Thousand Riyals),54643386.3466997,AUG 2023,2023-08-01
Monthly,2023,,MAR,Total POS :  Number of Transactions,720219673.0,MAR 2023,2023-03-01
Monthly,2023,,SEP,Total POS :  Number of Transactions,780737495.0,SEP 2023,2023-09-01
Monthly,2023,,DEC,Total POS :  Number of Transactions,828539267.0,DEC 2023,2023-12-01
Monthly,2023,,JAN,Total POS :  Number of Points of Sale Terminals,1473945.0,JAN 2023,2023-01-01
Monthly,2023,,MAR,Total POS :  Number of Points of Sale Terminals,1576180.0,MAR 2023,2023-03-01
Monthly,2023,,JAN,POS Transactions Using Near Field Communication Technology : Number of Transactions :  Mobile Transactions,305140924.0,JAN 2023,2023-01-01
Monthly,2023,,MAR,POS Transactions Using Near Field Communication Technology : Number of Transactions :  Mobile Transactions,319212469.0,MAR 2023,2023-03-01
Monthly,2023,,MAY,POS Transactions Using Near Field Communication Technology : Number of Transactions :  Mobile Transactions,340449407.0,MAY 2023,2023-05-01
Monthly,2023,,FEB,POS Transactions Using Near Field Communication Technology : Number of Transactions :  Cards Transactions,331725815.0,FEB 2023,2023-02-01
Monthly,2023,,MAR,POS Transactions Using Near Field Communication Technology : Number of Transactions :  Cards Transactions,374094781.0,MAR 2023,2023-03-01
Monthly,2023,,JUL,POS Transactions Using Near Field Communication Technology : Number of Transactions :  Cards Transactions,380096697.0,JUL 2023,2023-07-01
Monthly,2023,,AUG,POS Transactions Using Near Field Communication Technology : Number of Transactions :  Cards Transactions,402721878.0,AUG 2023,2023-08-01
Monthly,2023,,DEC,POS Transactions Using Near Field Communication Technology : Number of Transactions :  Cards Transactions,411150514.0,DEC 2023,2023-12-01
Monthly,2023,,JAN,POS Transactions Using Near Field Communication Technology : Sales (In Thousand Riyals) :  Sales Using Mobile,17077257.5790489,JAN 2023,2023-01-01
Monthly,2023,,APR,POS Transactions Using Near Field Communication Technology : Sales (In Thousand Riyals) :  Sales Using Mobile,18894812.7863747,APR 2023,2023-04-01
Monthly,2023,,OCT,POS Transactions Using Near Field Communication Technology : Sales (In Thousand Riyals) :  Sales Using Mobile,18844076.7409848,OCT 2023,2023-10-01
Monthly,2023,,JUN,POS Transactions Using Near Field Communication Technology : Sales (In Thousand Riyals) :  Sales Using Cards,29863961.8884161,JUN 2023,2023-06-01
Monthly,2023,,NOV,POS Transactions Using Near Field Communication Technology : Sales (In Thousand Riyals) :  Sales Using Cards,29685626.9065249,NOV 2023,2023-11-01
Monthly,2023,,JUL,E-Commerce Transactions Using Mada Cards : Sales (In Thousand Riyals),12899048.428,JUL 2023,2023-07-01
Monthly,2023,,SEP,E-Commerce Transactions Using Mada Cards : Sales (In Thousand Riyals),13849693.09504,SEP 2023,2023-09-01
Monthly,2023,,JAN,E-Commerce Transactions Using Mada Cards : Number of Transactions,62916449.0,JAN 2023,2023-01-01
Monthly,2023,,MAY,E-Commerce Transactions Using Mada Cards : Number of Transactions,70769674.0,MAY 2023,2023-05-01
Monthly,2023,,JUN,E-Commerce Transactions Using Mada Cards : Number of Transactions,74804285.0,JUN 2023,2023-06-01
Monthly,2023,,JUL,E-Commerce Transactions Using Mada Cards : Number of Transactions,70966420.0,JUL 2023,2023-07-01
Monthly,2023,,AUG,E-Commerce Transactions Using Mada Cards : Number of Transactions,76290290.0,AUG 2023,2023-08-01
Monthly,2023,,DEC,E-Commerce Transactions Using Mada Cards : Number of Transactions,81033027.0,DEC 2023,2023-12-01
Annually,2023,,,Total POS :  Number of Transactions,8971739435.0,2023,2023-01-01
Annually,2023,,,Total POS :  Number of Points of Sale Terminals,1739070.0,2023,2023-01-01
Annually,2023,,,POS Transactions Using Near Field Communication Technology : Number of Transactions :  Mobile Transactions,4070407726.0,2023,2023-01-01
Annually,2023,,,POS Transactions Using Near Field Communication Technology : Number of Transactions :  Cards Transactions,4566090331.0,2023,2023-01-01
Annually,2023,,,POS Transactions Using Near Field Communication Technology : Sales (In Thousand Riyals) :  Sales Using Cards,353074412.144491,2023,2023-01-01
Quarterly,2023,Q2,,Total POS :  Number of Transactions,2174009305.0,Q2 2023,2023-04-01
Quarterly,2023,Q2,,Total POS :  Number of Points of Sale Terminals,1603344.0,Q2 2023,2023-04-01
Quarterly,2023,Q1,,POS Transactions Using Near Field Communication Technology : Number of Transactions :  Mobile Transactions,904769380.0,Q1 2023,2023-01-01
Quarterly,2023,Q4,,POS Transactions Using Near Field Communication Technology : Number of Transactions :  Cards Transactions,1209760343.0,Q4 2023,2023-10-01
Quarterly,2023,Q2,,POS Transactions Using Near Field Communication Technology : Sales (In Thousand Riyals) :  Sales Using Cards,88097138.6619065,Q2 2023,2023-04-01
Quarterly,2023,Q3,,POS Transactions Using Near Field Communication Technology : Sales (In Thousand Riyals) :  Sales Using Cards,89021449.5016096,Q3 2023,2023-07-01
Quarterly,2023,Q2,,E-Commerce Transactions Using Mada Cards : Sales (In Thousand Riyals),38719317.07659,Q2 2023,2023-04-01
Quarterly,2023,Q3,,E-Commerce Transactions Using Mada Cards : Number of Transactions,224452748.0,Q3 2023,2023-07-01
Monthly,2023,,FEB,Total POS :  Sales (In Thousand Riyals),44799136.5905073,FEB 2023,2023-02-01
Monthly,2023,,APR,Total POS :  Sales (In Thousand Riyals),51573332.1853981,APR 2023,2023-04-01
Monthly,2023,,JUN,Total POS :  Sales (In Thousand Riyals),51852727.1941982,JUN 2023,2023-06-01
Monthly,2023,,OCT,Total POS :  Sales (In Thousand Riyals),51103900.277679,OCT 2023,2023-10-01
Monthly,2023,,NOV,Total POS :  Sales (In Thousand Riyals),52370867.9748811,NOV 2023,2023-11-01
Monthly,2023,,APR,Total POS :  Number of Transactions,665430187.0,APR 2023,2023-04-01
Monthly,2023,,JUL,Total POS :  Number of Transactions,745901591.0,JUL 2023,2023-07-01
Monthly,2023,,NOV,Total POS :  Number of Transactions,798660763.0,NOV 2023,2023-11-01
Monthly,2023,,MAY,Total POS :  Number of Points of Sale Terminals,1568697.0,MAY 2023,2023-05-01
Monthly,2023,,DEC,Total POS :  Number of Points of Sale Terminals,1739070.0,DEC 2023,2023-12-01
Monthly,2023,,APR,POS Transactions Using Near Field Communication Technology : Number of Transactions :  Mobile Transactions,295989249.0,APR 2023,2023-04-01
Monthly,2023,,JUL,POS Transactions Using Near Field Communication Technology : Number of Transactions :  Mobile Transactions,337562180.0,JUL 2023,2023-07-01
Monthly,2023,,SEP,POS Transactions Using Near Field Communication Technology : Number of Transactions :  Mobile Transactions,359729658.0,SEP 2023,2023-09-01
Monthly,2023,,OCT,POS Transactions Using Near Field Communication Technology : Number of Transactions :  Mobile Transactions,377425626.0,OCT 2023,2023-10-01
Monthly,2023,,DEC,POS Transactions Using Near Field Communication Technology : Number of Transactions :  Mobile Transactions,385683173.0,DEC 2023,2023-12-01
Monthly,2023,,OCT,POS Transactions Using Near Field Communication Technology : Number of Transactions :  Cards Transactions,401917129.0,OCT 2023,2023-10-01
Monthly,2023,,NOV,POS Transactions Using Near Field Communication Technology : Sales (In Thousand Riyals) :  Sales Using Mobile,19426880.4036651,NOV 2023,2023-11-01
Monthly,2023,,AUG,POS Transactions Using Near Field Communication Technology : Sales (In Thousand Riyals) :  Sales Using Cards,31713939.7380147,AUG 2023,2023-08-01
Monthly,2023,,SEP,POS Transactions Using Near Field Communication Technology : Sales (In Thousand Riyals) :  Sales Using Cards,28937084.3275949,SEP 2023,2023-09-01
Monthly,2023,,OCT,POS Transactions Using Near Field Communication Technology : Sales (In Thousand Riyals) :  Sales Using Cards,29042414.6537452,OCT 2023,2023-10-01
Monthly,2023,,MAY,E-Commerce Transactions Using Mada Cards : Sales (In Thousand Riyals),12706708.42978,MAY 2023,2023-05-01
Monthly,2023,,AUG,E-Commerce Transactions Using Mada Cards : Sales (In Thousand Riyals),14378994.40214,AUG 2023,2023-08-01
Monthly,2023,,NOV,E-Commerce Transactions Using Mada Cards : Sales (In Thousand Riyals),13479240.2711499,NOV 2023,2023-11-01
Monthly,2023,,DEC,E-Commerce Transactions Using Mada Cards : Sales (In Thousand Riyals),13634005.6422199,DEC 2023,2023-12-01
Monthly,2023,,FEB,E-Commerce Transactions Using Mada Cards : Number of Transactions,58587841.0,FEB 2023,2023-02-01
Annually,2023,,,E-Commerce Transactions Using Mada Cards : Sales (In Thousand Riyals),156908391.86769,2023,2023-01-01
Quarterly,2023,Q2,,POS Transactions Using Near Field Communication Technology : Number of Transactions :  Mobile Transactions,976255419.0,Q2 2023,2023-04-01
Quarterly,2023,Q1,,POS Transactions Using Near Field Communication Technology : Sales (In Thousand Riyals) :  Sales Using Mobile,52358296.3897302,Q1 2023,2023-01-01
Quarterly,2023,Q2,,POS Transactions Using Near Field Communication Technology : Sales (In Thousand Riyals) :  Sales Using Mobile,55797141.6119235,Q2 2023,2023-04-01
Quarterly,2023,Q2,,E-Commerce Transactions Using Mada Cards : Number of Transactions,218704870.0,Q2 2023,2023-04-01
Quarterly,2023,Q4,,E-Commerce Transactions Using Mada Cards : Number of Transactions,237134052.0,Q4 2023,2023-10-01
Monthly,2023,,DEC,Total POS :  Sales (In Thousand Riyals),54228803.1133406,DEC 2023,2023-12-01
Monthly,2023,,FEB,Total POS :  Number of Points of Sale Terminals,1513763.0,FEB 2023,2023-02-01
Monthly,2023,,APR,Total POS :  Number of Points of Sale Terminals,1591125.0,APR 2023,2023-04-01
Monthly,2023,,SEP,Total POS :  Number of Points of Sale Terminals,1691163.0,SEP 2023,2023-09-01
Monthly,2023,,NOV,Total POS :  Number of Points of Sale Terminals,1736909.0,NOV 2023,2023-11-01
Monthly,2023,,FEB,POS Transactions Using Near Field Communication Technology : Number of Transactions :  Mobile Transactions,280415987.0,FEB 2023,2023-02-01
Monthly,2023,,AUG,POS Transactions Using Near Field Communication Technology : Number of Transactions :  Mobile Transactions,357711546.0,AUG 2023,2023-08-01
Monthly,2023,,MAY,POS Transactions Using Near Field Communication Technology : Number of Transactions :  Cards Transactions,384069948.0,MAY 2023,2023-05-01
Monthly,2023,,JUL,POS Transactions Using Near Field Communication Technology : Sales (In Thousand Riyals) :  Sales Using Mobile,17987588.997,JUL 2023,2023-07-01
Monthly,2023,,JUL,POS Transactions Using Near Field Communication Technology : Sales (In Thousand Riyals) :  Sales Using Cards,28370425.436,JUL 2023,2023-07-01
Monthly,2023,,JUN,E-Commerce Transactions Using Mada Cards : Sales (In Thousand Riyals),13386388.59986,JUN 2023,2023-06-01
Annually,2023,,,Total POS :  Sales (In Thousand Riyals),613956933.324021,2023,2023-01-01
Quarterly,2023,Q2,,Total POS :  Sales (In Thousand Riyals),153222545.725605,Q2 2023,2023-04-01
Quarterly,2023,Q3,,Total POS :  Sales (In Thousand Riyals),154492072.258677,Q3 2023,2023-07-01
Quarterly,2023,Q4,,Total POS :  Sales (In Thousand Riyals),157703571.365901,Q4 2023,2023-10-01
Quarterly,2023,Q1,,Total POS :  Number of Transactions,2041747796.0,Q1 2023,2023-01-01
Quarterly,2023,Q3,,Total POS :  Number of Transactions,2318367827.0,Q3 2023,2023-07-01
Quarterly,2023,Q4,,Total POS :  Number of Transactions,2437614507.0,Q4 2023,2023-10-01
Quarterly,2023,Q1,,Total POS :  Number of Points of Sale Terminals,1576180.0,Q1 2023,2023-01-01
Quarterly,2023,Q4,,Total POS :  Number of Points of Sale Terminals,1739070.0,Q4 2023,2023-10-01
Quarterly,2023,Q2,,POS Transactions Using Near Field Communication Technology : Number of Transactions :  Cards Transactions,1117950027.0,Q2 2023,2023-04-01
Quarterly,2023,Q1,,E-Commerce Transactions Using Mada Cards : Sales (In Thousand Riyals),36532163.74992,Q1 2023,2023-01-01
Quarterly,2023,Q1,,E-Commerce Transactions Using Mada Cards : Number of Transactions,193451223.0,Q1 2023,2023-01-01
Monthly,2023,,MAY,Total POS :  Sales (In Thousand Riyals),49796486.3460086,MAY 2023,2023-05-01
Monthly,2023,,SEP,Total POS :  Sales (In Thousand Riyals),50498495.3183291,SEP 2023,2023-09-01
Monthly,2023,,MAY,Total POS :  Number of Transactions,752157291.0,MAY 2023,2023-05-01
Monthly,2023,,AUG,Total POS :  Number of Transactions,791728741.0,AUG 2023,2023-08-01
Monthly,2023,,OCT,Total POS :  Number of Transactions,810414477.0,OCT 2023,2023-10-01
Monthly,2023,,OCT,Total POS :  Number of Points of Sale Terminals,1714740.0,OCT 2023,2023-10-01
Monthly,2023,,APR,POS Transactions Using Near Field Communication Technology : Number of Transactions :  Cards Transactions,345183031.0,APR 2023,2023-04-01
Monthly,2023,,JUN,POS Transactions Using Near Field Communication Technology : Number of Transactions :  Cards Transactions,388697048.0,JUN 2023,2023-06-01
Monthly,2023,,FEB,POS Transactions Using Near Field Communication Technology : Sales (In Thousand Riyals) :  Sales Using Mobile,15667058.7379344,FEB 2023,2023-02-01
Monthly,2023,,MAR,POS Transactions Using Near Field Communication Technology : Sales (In Thousand Riyals) :  Sales Using Mobile,19613980.0727469,MAR 2023,2023-03-01
Monthly,2023,,MAY,POS Transactions Using Near Field Communication Technology : Sales (In Thousand Riyals) :  Sales Using Mobile,17903150.7164249,MAY 2023,2023-05-01
Monthly,2023,,JUN,POS Transactions Using Near Field Communication Technology : Sales (In Thousand Riyals) :  Sales Using Mobile,18999178.1091239,JUN 2023,2023-06-01
Monthly,2023,,AUG,POS Transactions Using Near Field Communication Technology : Sales (In Thousand Riyals) :  Sales Using Mobile,19575775.3388253,AUG 2023,2023-08-01
Monthly,2023,,DEC,POS Transactions Using Near Field Communication Technology : Sales (In Thousand Riyals) :  Sales Using Mobile,20072911.4644954,DEC 2023,2023-12-01
Monthly,2023,,JAN,POS Transactions Using Near Field Communication Technology : Sales (In Thousand Riyals) :  Sales Using Cards,28134911.3568011,JAN 2023,2023-01-01
Monthly,2023,,FEB,POS Transactions Using Near Field Communication Technology : Sales (In Thousand Riyals) :  Sales Using Cards,26190388.2291456,FEB 2023,2023-02-01
Monthly,2023,,APR,POS Transactions Using Near Field Communication Technology : Sales (In Thousand Riyals) :  Sales Using Cards,29403576.9247653,APR 2023,2023-04-01
Monthly,2023,,MAY,POS Transactions Using Near Field Communication Technology : Sales (In Thousand Riyals) :  Sales Using Cards,28829599.8487251,MAY 2023,2023-05-01
Monthly,2023,,DEC,POS Transactions Using Near Field Communication Technology : Sales (In Thousand Riyals) :  Sales Using Cards,30660737.8573746,DEC 2023,2023-12-01
Monthly,2023,,FEB,E-Commerce Transactions Using Mada Cards : Sales (In Thousand Riyals),11318985.46329,FEB 2023,2023-02-01
Monthly,2023,,MAR,E-Commerce Transactions Using Mada Cards : Sales (In Thousand Riyals),13502843.86575,MAR 2023,2023-03-01
Monthly,2023,,OCT,E-Commerce Transactions Using Mada Cards : Sales (In Thousand Riyals),13415929.20263,OCT 2023,2023-10-01
Monthly,2023,,MAR,E-Commerce Transactions Using Mada Cards : Number of Transactions,71946933.0,MAR 2023,2023-03-01
Monthly,2023,,APR,E-Commerce Transactions Using Mada Cards : Number of Transactions,73130911.0,APR 2023,2023-04-01
Monthly,2023,,SEP,E-Commerce Transactions Using Mada Cards : Number of Transactions,77196038.0,SEP 2023,2023-09-01
Monthly,2023,,NOV,E-Commerce Transactions Using Mada Cards : Number of Transactions,78091923.0,NOV 2023,2023-11-01
Quarterly,2023,Q1,,Total POS :  Sales (In Thousand Riyals),148538743.973838,Q1 2023,2023-01-01
Quarterly,2023,Q3,,POS Transactions Using Near Field Communication Technology : Number of Transactions :  Mobile Transactions,1055003384.0,Q3 2023,2023-07-01
Quarterly,2023,Q4,,POS Transactions Using Near Field Communication Technology : Number of Transactions :  Mobile Transactions,1134379543.0,Q4 2023,2023-10-01
Quarterly,2023,Q4,,POS Transactions Using Near Field Communication Technology : Sales (In Thousand Riyals) :  Sales Using Mobile,58343868.6091453,Q4 2023,2023-10-01
Quarterly,2023,Q1,,POS Transactions Using Near Field Communication Technology : Sales (In Thousand Riyals) :  Sales Using Cards,86567044.5633298,Q1 2023,2023-01-01
Quarterly,2023,Q4,,POS Transactions Using Near Field Communication Technology : Sales (In Thousand Riyals) :  Sales Using Cards,89388779.4176447,Q4 2023,2023-10-01
Monthly,2023,,JAN,Total POS :  Number of Transactions,688367844.0,JAN 2023,2023-01-01
Monthly,2023,,FEB,Total POS :  Number of Transactions,633160279.0,FEB 2023,2023-02-01
Monthly,2023,,JUN,Total POS :  Number of Transactions,756421827.0,JUN 2023,2023-06-01
Monthly,2023,,JUN,Total POS :  Number of Points of Sale Terminals,1603344.0,JUN 2023,2023-06-01
Monthly,2023,,JUL,Total POS :  Number of Points of Sale Terminals,1636500.0,JUL 2023,2023-07-01
Monthly,2023,,AUG,Total POS :  Number of Points of Sale Terminals,1685509.0,AUG 2023,2023-08-01
Monthly,2023,,JUN,POS Transactions Using Near Field Communication Technology : Number of Transactions :  Mobile Transactions,339816763.0,JUN 2023,2023-06-01
Monthly,2023,,NOV,POS Transactions Using Near Field Communication Technology : Number of Transactions :  Mobile Transactions,371270744.0,NOV 2023,2023-11-01
Monthly,2023,,JAN,POS Transactions Using Near Field Communication Technology : Number of Transactions :  Cards Transactions,360154280.0,JAN 2023,2023-01-01
Monthly,2023,,SEP,POS Transactions Using Near Field Communication Technology : Number of Transactions :  Cards Transactions,389586510.0,SEP 2023,2023-09-01
Monthly,2023,,NOV,POS Transactions Using Near Field Communication Technology : Number of Transactions :  Cards Transactions,396692700.0,NOV 2023,2023-11-01
Monthly,2023,,SEP,POS Transactions Using Near Field Communication Technology : Sales (In Thousand Riyals) :  Sales Using Mobile,18495428.9867051,SEP 2023,2023-09-01
Monthly,2023,,MAR,POS Transactions Using Near Field Communication Technology : Sales (In Thousand Riyals) :  Sales Using Cards,32241744.9773831,MAR 2023,2023-03-01
Monthly,2023,,JAN,E-Commerce Transactions Using Mada Cards : Sales (In Thousand Riyals),11710334.42088,JAN 2023,2023-01-01
Monthly,2023,,APR,E-Commerce Transactions Using Mada Cards : Sales (In Thousand Riyals),12626220.04695,APR 2023,2023-04-01
Monthly,2023,,OCT,E-Commerce Transactions Using Mada Cards : Number of Transactions,78009102.0,OCT 2023,2023-10-01
Annually,2022,,,Total POS :  Number of Transactions,7261504522.0,2022,2022-01-01
Annually,2022,,,Total POS :  Number of Points of Sale Terminals,1438121.0,2022,2022-01-01
Annually,2022,,,POS Transactions Using Near Field Communication Technology : Number of Transactions :  Cards Transactions,3946904340.0,2022,2022-01-01
Annually,2022,,,POS Transactions Using Near Field Communication Technology : Sales (In Thousand Riyals) :  Sales Using Mobile,186421698.816164,2022,2022-01-01
Quarterly,2022,Q2,,Total POS :  Sales (In Thousand Riyals),137785786.342659,Q2 2022,2022-04-01
Quarterly,2022,Q4,,Total POS :  Sales (In Thousand Riyals),145040170.925552,Q4 2022,2022-10-01
Quarterly,2022,Q2,,Total POS :  Number of Transactions,1709226854.0,Q2 2022,2022-04-01
Quarterly,2022,Q3,,Total POS :  Number of Points of Sale Terminals,1323560.0,Q3 2022,2022-07-01
Quarterly,2022,Q2,,POS Transactions Using Near Field Communication Technology : Number of Transactions :  Mobile Transactions,706148420.0,Q2 2022,2022-04-01
Quarterly,2022,Q2,,E-Commerce Transactions Using Mada Cards : Sales (In Thousand Riyals),29787047.60084,Q2 2022,2022-04-01
Quarterly,2022,Q4,,E-Commerce Transactions Using Mada Cards : Sales (In Thousand Riyals),33979077.5758997,Q4 2022,2022-10-01
Monthly,2022,,JAN,Total POS :  Sales (In Thousand Riyals),43558930.6504967,JAN 2022,2022-01-01
Monthly,2022,,MAY,Total POS :  Sales (In Thousand Riyals),42376281.7116664,MAY 2022,2022-05-01
Monthly,2022,,AUG,Total POS :  Sales (In Thousand Riyals),49672052.1498673,AUG 2022,2022-08-01
Monthly,2022,,OCT,Total POS :  Sales (In Thousand Riyals),47655167.4889779,OCT 2022,2022-10-01
Monthly,2022,,DEC,Total POS :  Sales (In Thousand Riyals),50511863.6517125,DEC 2022,2022-12-01
Monthly,2022,,OCT,Total POS :  Number of Transactions,669108839.0,OCT 2022,2022-10-01
Monthly,2022,,FEB,Total POS :  Number of Points of Sale Terminals,1086834.0,FEB 2022,2022-02-01
Monthly,2022,,JUN,Total POS :  Number of Points of Sale Terminals,1205169.0,JUN 2022,2022-06-01
Monthly,2022,,AUG,Total POS :  Number of Points of Sale Terminals,1267048.0,AUG 2022,2022-08-01
Monthly,2022,,JAN,POS Transactions Using Near Field Communication Technology : Number of Transactions :  Mobile Transactions,211838288.0,JAN 2022,2022-01-01
Monthly,2022,,FEB,POS Transactions Using Near Field Communication Technology : Number of Transactions :  Mobile Transactions,201220911.0,FEB 2022,2022-02-01
Monthly,2022,,JUN,POS Transactions Using Near Field Communication Technology : Number of Transactions :  Mobile Transactions,252258171.0,JUN 2022,2022-06-01
Monthly,2022,,SEP,POS Transactions Using Near Field Communication Technology : Number of Transactions :  Mobile Transactions,278982388.0,SEP 2022,2022-09-01
Monthly,2022,,NOV,POS Transactions Using Near Field Communication Technology : Number of Transactions :  Mobile Transactions,286641200.0,NOV 2022,2022-11-01
Monthly,2022,,DEC,POS Transactions Using Near Field Communication Technology : Number of Transactions :  Mobile Transactions,304543575.0,DEC 2022,2022-12-01
Monthly,2022,,MAY,POS Transactions Using Near Field Communication Technology : Number of Transactions :  Cards Transactions,312550414.0,MAY 2022,2022-05-01
Monthly,2022,,JAN,POS Transactions Using Near Field Communication Technology : Sales (In Thousand Riyals) :  Sales Using Mobile,13730595.034043,JAN 2022,2022-01-01
Monthly,2022,,SEP,POS Transactions Using Near Field Communication Technology : Sales (In Thousand Riyals) :  Sales Using Mobile,16127733.3561039,SEP 2022,2022-09-01
Monthly,2022,,JUL,POS Transactions Using Near Field Communication Technology : Sales (In Thousand Riyals) :  Sales Using Cards,27296164.5724365,JUL 2022,2022-07-01
Monthly,2022,,NOV,POS Transactions Using Near Field Communication Technology : Sales (In Thousand Riyals) :  Sales Using Cards,27651431.3115231,NOV 2022,2022-11-01
Monthly,2022,,APR,E-Commerce Transactions Using Mada Cards : Sales (In Thousand Riyals),10264007.96507,APR 2022,2022-04-01
Monthly,2022,,MAY,E-Commerce Transactions Using Mada Cards : Sales (In Thousand Riyals),9119466.87663,MAY 2022,2022-05-01
Monthly,2022,,JUL,E-Commerce Transactions Using Mada Cards : Sales (In Thousand Riyals),10227355.6572,JUL 2022,2022-07-01
Monthly,2022,,OCT,E-Commerce Transactions Using Mada Cards : Sales (In Thousand Riyals),10897258.9874799,OCT 2022,2022-10-01
Monthly,2022,,NOV,E-Commerce Transactions Using Mada Cards : Sales (In Thousand Riyals),11222357.2916699,NOV 2022,2022-11-01
Monthly,2022,,JAN,E-Commerce Transactions Using Mada Cards : Number of Transactions,40858081.0,JAN 2022,2022-01-01
Monthly,2022,,FEB,E-Commerce Transactions Using Mada Cards : Number of Transactions,38858112.0,FEB 2022,2022-02-01
Monthly,2022,,NOV,E-Commerce Transactions Using Mada Cards : Number of Transactions,60725709.0,NOV 2022,2022-11-01
Annually,2022,,,E-Commerce Transactions Using Mada Cards : Sales (In Thousand Riyals),122673465.6764,2022,2022-01-01
Quarterly,2022,Q3,,Total POS :  Sales (In Thousand Riyals),142870781.74678,Q3 2022,2022-07-01
Quarterly,2022,Q4,,Total POS :  Number of Points of Sale Terminals,1438121.0,Q4 2022,2022-10-01
Quarterly,2022,Q1,,POS Transactions Using Near Field Communication Technology : Sales (In Thousand Riyals) :  Sales Using Mobile,42556859.6409755,Q1 2022,2022-01-01
Quarterly,2022,Q2,,POS Transactions Using Near Field Communication Technology : Sales (In Thousand Riyals) :  Sales Using Mobile,45163531.2273007,Q2 2022,2022-04-01
Quarterly,2022,Q1,,POS Transactions Using Near Field Communication Technology : Sales (In Thousand Riyals) :  Sales Using Cards,81693307.4608701,Q1 2022,2022-01-01
Monthly,2022,,APR,Total POS :  Sales (In Thousand Riyals),49443844.5752981,APR 2022,2022-04-01
Monthly,2022,,JUL,Total POS :  Sales (In Thousand Riyals),45749334.6188664,JUL 2022,2022-07-01
Monthly,2022,,SEP,Total POS :  Number of Transactions,644414261.0,SEP 2022,2022-09-01
Monthly,2022,,NOV,Total POS :  Number of Transactions,656246635.0,NOV 2022,2022-11-01
Monthly,2022,,DEC,Total POS :  Number of Transactions,691923897.0,DEC 2022,2022-12-01
Monthly,2022,,JAN,Total POS :  Number of Points of Sale Terminals,1050987.0,JAN 2022,2022-01-01
Monthly,2022,,OCT,Total POS :  Number of Points of Sale Terminals,1385847.0,OCT 2022,2022-10-01
Monthly,2022,,NOV,Total POS :  Number of Points of Sale Terminals,1438163.0,NOV 2022,2022-11-01
Monthly,2022,,DEC,Total POS :  Number of Points of Sale Terminals,1438121.0,DEC 2022,2022-12-01
Monthly,2022,,AUG,POS Transactions Using Near Field Communication Technology : Number of Transactions :  Mobile Transactions,274212227.0,AUG 2022,2022-08-01
Monthly,2022,,JAN,POS Transactions Using Near Field Communication Technology : Number of Transactions :  Cards Transactions,302845700.0,JAN 2022,2022-01-01
Monthly,2022,,NOV,POS Transactions Using Near Field Communication Technology : Number of Transactions :  Cards Transactions,347758878.0,NOV 2022,2022-11-01
Monthly,2022,,MAR,POS Transactions Using Near Field Communication Technology : Sales (In Thousand Riyals) :  Sales Using Mobile,16331966.6,MAR 2022,2022-03-01
Monthly,2022,,MAY,POS Transactions Using Near Field Communication Technology : Sales (In Thousand Riyals) :  Sales Using Mobile,14072058.4242832,MAY 2022,2022-05-01
Monthly,2022,,DEC,POS Transactions Using Near Field Communication Technology : Sales (In Thousand Riyals) :  Sales Using Mobile,17615621.7381446,DEC 2022,2022-12-01
Monthly,2022,,APR,POS Transactions Using Near Field Communication Technology : Sales (In Thousand Riyals) :  Sales Using Cards,29755611.0429474,APR 2022,2022-04-01
Monthly,2022,,JUN,POS Transactions Using Near Field Communication Technology : Sales (In Thousand Riyals) :  Sales Using Cards,27987150.9457562,JUN 2022,2022-06-01
Monthly,2022,,SEP,POS Transactions Using Near Field Communication Technology : Sales (In Thousand Riyals) :  Sales Using Cards,28366281.930696,SEP 2022,2022-09-01
Monthly,2022,,OCT,POS Transactions Using Near Field Communication Technology : Sales (In Thousand Riyals) :  Sales Using Cards,28287211.6201553,OCT 2022,2022-10-01
Monthly,2022,,DEC,POS Transactions Using Near Field Communication Technology : Sales (In Thousand Riyals) :  Sales Using Cards,29588092.4798954,DEC 2022,2022-12-01
Monthly,2022,,AUG,E-Commerce Transactions Using Mada Cards : Sales (In Thousand Riyals),11282520.438,AUG 2022,2022-08-01
Monthly,2022,,DEC,E-Commerce Transactions Using Mada Cards : Sales (In Thousand Riyals),11859461.2967499,DEC 2022,2022-12-01
Monthly,2022,,APR,E-Commerce Transactions Using Mada Cards : Number of Transactions,51777337.0,APR 2022,2022-04-01
Monthly,2022,,JUL,E-Commerce Transactions Using Mada Cards : Number of Transactions,50124592.0,JUL 2022,2022-07-01
Annually,2022,,,Total POS :  Sales (In Thousand Riyals),559134945.356944,2022,2022-01-01
Annually,2022,,,POS Transactions Using Near Field Communication Technology : Sales (In Thousand Riyals) :  Sales Using Cards,335984586.927019,2022,2022-01-01
Quarterly,2022,Q2,,Total POS :  Number of Points of Sale Terminals,1205169.0,Q2 2022,2022-04-01
Quarterly,2022,Q1,,POS Transactions Using Near Field Communication Technology : Number of Transactions :  Mobile Transactions,660182726.0,Q1 2022,2022-01-01
Quarterly,2022,Q3,,POS Transactions Using Near Field Communication Technology : Number of Transactions :  Mobile Transactions,813310143.0,Q3 2022,2022-07-01
Quarterly,2022,Q2,,POS Transactions Using Near Field Communication Technology : Number of Transactions :  Cards Transactions,943415608.0,Q2 2022,2022-04-01
Quarterly,2022,Q3,,POS Transactions Using Near Field Communication Technology : Sales (In Thousand Riyals) :  Sales Using Cards,85535181.3383685,Q3 2022,2022-07-01
Quarterly,2022,Q4,,POS Transactions Using Near Field Communication Technology : Sales (In Thousand Riyals) :  Sales Using Cards,85526735.4115738,Q4 2022,2022-10-01
Quarterly,2022,Q1,,E-Commerce Transactions Using Mada Cards : Sales (In Thousand Riyals),26233911.46879,Q1 2022,2022-01-01
Quarterly,2022,Q3,,E-Commerce Transactions Using Mada Cards : Number of Transactions,155935317.0,Q3 2022,2022-07-01
Monthly,2022,,FEB,Total POS :  Sales (In Thousand Riyals),38882211.3124561,FEB 2022,2022-02-01
Monthly,2022,,MAR,Total POS :  Sales (In Thousand Riyals),50997064.379,MAR 2022,2022-03-01
Monthly,2022,,MAY,Total POS :  Number of Transactions,572909598.0,MAY 2022,2022-05-01
Monthly,2022,,JUL,Total POS :  Number of Transactions,611498426.0,JUL 2022,2022-07-01
Monthly,2022,,MAR,Total POS :  Number of Points of Sale Terminals,1136469.0,MAR 2022,2022-03-01
Monthly,2022,,APR,Total POS :  Number of Points of Sale Terminals,1163579.0,APR 2022,2022-04-01
Monthly,2022,,APR,POS Transactions Using Near Field Communication Technology : Number of Transactions :  Mobile Transactions,213259300.0,APR 2022,2022-04-01
Monthly,2022,,FEB,POS Transactions Using Near Field Communication Technology : Number of Transactions :  Cards Transactions,276626969.0,FEB 2022,2022-02-01
Monthly,2022,,APR,POS Transactions Using Near Field Communication Technology : Number of Transactions :  Cards Transactions,298658598.0,APR 2022,2022-04-01
Monthly,2022,,JUN,POS Transactions Using Near Field Communication Technology : Number of Transactions :  Cards Transactions,332206596.0,JUN 2022,2022-06-01
Monthly,2022,,SEP,POS Transactions Using Near Field Communication Technology : Number of Transactions :  Cards Transactions,344092872.0,SEP 2022,2022-09-01
Monthly,2022,,FEB,POS Transactions Using Near Field Communication Technology : Sales (In Thousand Riyals) :  Sales Using Mobile,12494298.0069325,FEB 2022,2022-02-01
Monthly,2022,,JUN,POS Transactions Using Near Field Communication Technology : Sales (In Thousand Riyals) :  Sales Using Mobile,15069956.5393838,JUN 2022,2022-06-01
Monthly,2022,,NOV,POS Transactions Using Near Field Communication Technology : Sales (In Thousand Riyals) :  Sales Using Mobile,16238396.9358669,NOV 2022,2022-11-01
Monthly,2022,,JAN,E-Commerce Transactions Using Mada Cards : Sales (In Thousand Riyals),8228908.19897999,JAN 2022,2022-01-01
Monthly,2022,,FEB,E-Commerce Transactions Using Mada Cards : Sales (In Thousand Riyals),8020187.26981,FEB 2022,2022-02-01
Monthly,2022,,AUG,E-Commerce Transactions Using Mada Cards : Number of Transactions,51775436.0,AUG 2022,2022-08-01
Monthly,2022,,DEC,E-Commerce Transactions Using Mada Cards : Number of Transactions,64387871.0,DEC 2022,2022-12-01
Annually,2022,,,POS Transactions Using Near Field Communication Technology : Number of Transactions :  Mobile Transactions,3063616170.0,2022,2022-01-01
Quarterly,2022,Q1,,Total POS :  Number of Transactions,1634182021.0,Q1 2022,2022-01-01
Quarterly,2022,Q3,,Total POS :  Number of Transactions,1900816276.0,Q3 2022,2022-07-01
Quarterly,2022,Q4,,Total POS :  Number of Transactions,2017279371.0,Q4 2022,2022-10-01
Quarterly,2022,Q1,,Total POS :  Number of Points of Sale Terminals,1136469.0,Q1 2022,2022-01-01
Quarterly,2022,Q1,,POS Transactions Using Near Field Communication Technology : Number of Transactions :  Cards Transactions,913095753.0,Q1 2022,2022-01-01
Quarterly,2022,Q3,,POS Transactions Using Near Field Communication Technology : Number of Transactions :  Cards Transactions,1023924639.0,Q3 2022,2022-07-01
Quarterly,2022,Q4,,POS Transactions Using Near Field Communication Technology : Number of Transactions :  Cards Transactions,1066468340.0,Q4 2022,2022-10-01
Quarterly,2022,Q3,,E-Commerce Transactions Using Mada Cards : Sales (In Thousand Riyals),32673429.03087,Q3 2022,2022-07-01
Quarterly,2022,Q2,,E-Commerce Transactions Using Mada Cards : Number of Transactions,146057977.0,Q2 2022,2022-04-01
Monthly,2022,,NOV,Total POS :  Sales (In Thousand Riyals),46873139.7848611,NOV 2022,2022-11-01
Monthly,2022,,FEB,Total POS :  Number of Transactions,496263284.0,FEB 2022,2022-02-01
Monthly,2022,,MAY,Total POS :  Number of Points of Sale Terminals,1189410.0,MAY 2022,2022-05-01
Monthly,2022,,JUL,Total POS :  Number of Points of Sale Terminals,1227521.0,JUL 2022,2022-07-01
Monthly,2022,,SEP,Total POS :  Number of Points of Sale Terminals,1323560.0,SEP 2022,2022-09-01
Monthly,2022,,MAR,POS Transactions Using Near Field Communication Technology : Number of Transactions :  Mobile Transactions,247123527.0,MAR 2022,2022-03-01
Monthly,2022,,MAY,POS Transactions Using Near Field Communication Technology : Number of Transactions :  Mobile Transactions,240630949.0,MAY 2022,2022-05-01
Monthly,2022,,JUL,POS Transactions Using Near Field Communication Technology : Number of Transactions :  Mobile Transactions,260115528.0,JUL 2022,2022-07-01
Monthly,2022,,AUG,POS Transactions Using Near Field Communication Technology : Number of Transactions :  Cards Transactions,348794658.0,AUG 2022,2022-08-01
Monthly,2022,,OCT,POS Transactions Using Near Field Communication Technology : Number of Transactions :  Cards Transactions,354362049.0,OCT 2022,2022-10-01
Monthly,2022,,DEC,POS Transactions Using Near Field Communication Technology : Number of Transactions :  Cards Transactions,364347413.0,DEC 2022,2022-12-01
Monthly,2022,,APR,POS Transactions Using Near Field Communication Technology : Sales (In Thousand Riyals) :  Sales Using Mobile,16021516.2636337,APR 2022,2022-04-01
Monthly,2022,,JUL,POS Transactions Using Near Field Communication Technology : Sales (In Thousand Riyals) :  Sales Using Mobile,15723411.1166035,JUL 2022,2022-07-01
Monthly,2022,,AUG,POS Transactions Using Near Field Communication Technology : Sales (In Thousand Riyals) :  Sales Using Mobile,16626440.565234,AUG 2022,2022-08-01
Monthly,2022,,JAN,POS Transactions Using Near Field Communication Technology : Sales (In Thousand Riyals) :  Sales Using Cards,26807182.0409097,JAN 2022,2022-01-01
Monthly,2022,,AUG,POS Transactions Using Near Field Communication Technology : Sales (In Thousand Riyals) :  Sales Using Cards,29872734.835236,AUG 2022,2022-08-01
Monthly,2022,,MAR,E-Commerce Transactions Using Mada Cards : Sales (In Thousand Riyals),9984816.0,MAR 2022,2022-03-01
Monthly,2022,,SEP,E-Commerce Transactions Using Mada Cards : Sales (In Thousand Riyals),11163552.93567,SEP 2022,2022-09-01
Monthly,2022,,MAR,E-Commerce Transactions Using Mada Cards : Number of Transactions,47628344.0,MAR 2022,2022-03-01
Monthly,2022,,JUN,E-Commerce Transactions Using Mada Cards : Number of Transactions,48646236.0,JUN 2022,2022-06-01
Monthly,2022,,OCT,E-Commerce Transactions Using Mada Cards : Number of Transactions,56126081.0,OCT 2022,2022-10-01
Annually,2022,,,E-Commerce Transactions Using Mada Cards : Number of Transactions,610577492.0,2022,2022-01-01
Quarterly,2022,Q1,,Total POS :  Sales (In Thousand Riyals),133438206.341953,Q1 2022,2022-01-01
Quarterly,2022,Q4,,POS Transactions Using Near Field Communication Technology : Number of Transactions :  Mobile Transactions,883974881.0,Q4 2022,2022-10-01
Quarterly,2022,Q3,,POS Transactions Using Near Field Communication Technology : Sales (In Thousand Riyals) :  Sales Using Mobile,48477585.0379414,Q3 2022,2022-07-01
Quarterly,2022,Q4,,POS Transactions Using Near Field Communication Technology : Sales (In Thousand Riyals) :  Sales Using Mobile,50223722.9099462,Q4 2022,2022-10-01
Quarterly,2022,Q2,,POS Transactions Using Near Field Communication Technology : Sales (In Thousand Riyals) :  Sales Using Cards,83229362.7162064,Q2 2022,2022-04-01
Quarterly,2022,Q1,,E-Commerce Transactions Using Mada Cards : Number of Transactions,127344537.0,Q1 2022,2022-01-01
Quarterly,2022,Q4,,E-Commerce Transactions Using Mada Cards : Number of Transactions,181239661.0,Q4 2022,2022-10-01
Monthly,2022,,JUN,Total POS :  Sales (In Thousand Riyals),45965660.0556947,JUN 2022,2022-06-01
Monthly,2022,,SEP,Total POS :  Sales (In Thousand Riyals),47449394.9780465,SEP 2022,2022-09-01
Monthly,2022,,JAN,Total POS :  Number of Transactions,535675817.0,JAN 2022,2022-01-01
Monthly,2022,,MAR,Total POS :  Number of Transactions,602242920.0,MAR 2022,2022-03-01
Monthly,2022,,APR,Total POS :  Number of Transactions,531299278.0,APR 2022,2022-04-01
Monthly,2022,,JUN,Total POS :  Number of Transactions,605017978.0,JUN 2022,2022-06-01
Monthly,2022,,AUG,Total POS :  Number of Transactions,644903589.0,AUG 2022,2022-08-01
Monthly,2022,,OCT,POS Transactions Using Near Field Communication Technology : Number of Transactions :  Mobile Transactions,292790106.0,OCT 2022,2022-10-01
Monthly,2022,,MAR,POS Transactions Using Near Field Communication Technology : Number of Transactions :  Cards Transactions,333623084.0,MAR 2022,2022-03-01
Monthly,2022,,JUL,POS Transactions Using Near Field Communication Technology : Number of Transactions :  Cards Transactions,331037109.0,JUL 2022,2022-07-01
Monthly,2022,,OCT,POS Transactions Using Near Field Communication Technology : Sales (In Thousand Riyals) :  Sales Using Mobile,16369704.2359347,OCT 2022,2022-10-01
Monthly,2022,,FEB,POS Transactions Using Near Field Communication Technology : Sales (In Thousand Riyals) :  Sales Using Cards,23745869.0199604,FEB 2022,2022-02-01
Monthly,2022,,MAR,POS Transactions Using Near Field Communication Technology : Sales (In Thousand Riyals) :  Sales Using Cards,31140256.4,MAR 2022,2022-03-01
Monthly,2022,,MAY,POS Transactions Using Near Field Communication Technology : Sales (In Thousand Riyals) :  Sales Using Cards,25486600.7275028,MAY 2022,2022-05-01
Monthly,2022,,JUN,E-Commerce Transactions Using Mada Cards : Sales (In Thousand Riyals),10403572.75914,JUN 2022,2022-06-01
Monthly,2022,,MAY,E-Commerce Transactions Using Mada Cards : Number of Transactions,45634404.0,MAY 2022,2022-05-01
Monthly,2022,,SEP,E-Commerce Transactions Using Mada Cards : Number of Transactions,54035289.0,SEP 2022,2022-09-01
Annually,2021,,,Total POS :  Sales (In Thousand Riyals),473258165.579639,2021,2021-01-01
Annually,2021,,,Total POS :  Number of Transactions,5171154926.0,2021,2021-01-01
Quarterly,2021,Q4,,Total POS :  Sales (In Thousand Riyals),126123010.680319,Q4 2021,2021-10-01
Quarterly,2021,Q2,,Total POS :  Number of Transactions,1205841390.0,Q2 2021,2021-04-01
Quarterly,2021,Q2,,Total POS :  Number of Points of Sale Terminals,848358.0,Q2 2021,2021-04-01
Quarterly,2021,Q4,,Total POS :  Number of Points of Sale Terminals,1013233.0,Q4 2021,2021-10-01
Quarterly,2021,Q2,,POS Transactions Using Near Field Communication Technology : Number of Transactions :  Mobile Transactions,400154012.0,Q2 2021,2021-04-01
Quarterly,2021,Q2,,POS Transactions Using Near Field Communication Technology : Number of Transactions :  Cards Transactions,741486823.0,Q2 2021,2021-04-01
Quarterly,2021,Q4,,POS Transactions Using Near Field Communication Technology : Number of Transactions :  Cards Transactions,876324440.0,Q4 2021,2021-10-01
Quarterly,2021,Q3,,POS Transactions Using Near Field Communication Technology : Sales (In Thousand Riyals) :  Sales Using Mobile,34429302.9102744,Q3 2021,2021-07-01
Quarterly,2021,Q3,,E-Commerce Transactions Using Mada Cards : Sales (In Thousand Riyals),20222689.5428698,Q3 2021,2021-07-01
Quarterly,2021,Q3,,E-Commerce Transactions Using Mada Cards : Number of Transactions,90918993.0,Q3 2021,2021-07-01
Monthly,2021,,APR,Total POS :  Sales (In Thousand Riyals),39172987.077,APR 2021,2021-04-01
Monthly,2021,,MAY,Total POS :  Sales (In Thousand Riyals),40270914.1082581,MAY 2021,2021-05-01
Monthly,2021,,JUN,Total POS :  Sales (In Thousand Riyals),38704370.3552553,JUN 2021,2021-06-01
Monthly,2021,,DEC,Total POS :  Sales (In Thousand Riyals),44373136.3948383,DEC 2021,2021-12-01
Monthly,2021,,JAN,Total POS :  Number of Transactions,355954432.0,JAN 2021,2021-01-01
Monthly,2021,,NOV,Total POS :  Number of Transactions,495093756.0,NOV 2021,2021-11-01
Monthly,2021,,FEB,Total POS :  Number of Points of Sale Terminals,762595.0,FEB 2021,2021-02-01
Monthly,2021,,FEB,POS Transactions Using Near Field Communication Technology : Number of Transactions :  Mobile Transactions,94982428.0,FEB 2021,2021-02-01
Monthly,2021,,JUL,POS Transactions Using Near Field Communication Technology : Number of Transactions :  Mobile Transactions,158546517.0,JUL 2021,2021-07-01
Monthly,2021,,OCT,POS Transactions Using Near Field Communication Technology : Number of Transactions :  Mobile Transactions,178917578.0,OCT 2021,2021-10-01
Monthly,2021,,DEC,POS Transactions Using Near Field Communication Technology : Number of Transactions :  Mobile Transactions,205892315.0,DEC 2021,2021-12-01
Monthly,2021,,DEC,POS Transactions Using Near Field Communication Technology : Number of Transactions :  Cards Transactions,298237236.0,DEC 2021,2021-12-01
Monthly,2021,,JAN,POS Transactions Using Near Field Communication Technology : Sales (In Thousand Riyals) :  Sales Using Mobile,8418867.96635,JAN 2021,2021-01-01
Monthly,2021,,JUL,POS Transactions Using Near Field Communication Technology : Sales (In Thousand Riyals) :  Sales Using Mobile,10983950.4847112,JUL 2021,2021-07-01
Monthly,2021,,MAY,POS Transactions Using Near Field Communication Technology : Sales (In Thousand Riyals) :  Sales Using Cards,25780391.9289287,MAY 2021,2021-05-01
Monthly,2021,,JUL,POS Transactions Using Near Field Communication Technology : Sales (In Thousand Riyals) :  Sales Using Cards,24632782.0267586,JUL 2021,2021-07-01
Monthly,2021,,AUG,POS Transactions Using Near Field Communication Technology : Sales (In Thousand Riyals) :  Sales Using Cards,25766088.5212286,AUG 2021,2021-08-01
Monthly,2021,,NOV,POS Transactions Using Near Field Communication Technology : Sales (In Thousand Riyals) :  Sales Using Cards,25771913.533,NOV 2021,2021-11-01
Monthly,2021,,JUN,E-Commerce Transactions Using Mada Cards : Sales (In Thousand Riyals),5887856.87202002,JUN 2021,2021-06-01
Monthly,2021,,OCT,E-Commerce Transactions Using Mada Cards : Number of Transactions,33775529.0,OCT 2021,2021-10-01
Annually,2021,,,POS Transactions Using Near Field Communication Technology : Number of Transactions :  Mobile Transactions,1803246591.0,2021,2021-01-01
Annually,2021,,,E-Commerce Transactions Using Mada Cards : Sales (In Thousand Riyals),74324926.0405895,2021,2021-01-01
Quarterly,2021,Q1,,Total POS :  Number of Transactions,1065644781.0,Q1 2021,2021-01-01
Quarterly,2021,Q4,,Total POS :  Number of Transactions,1516108485.0,Q4 2021,2021-10-01
Quarterly,2021,Q1,,POS Transactions Using Near Field Communication Technology : Number of Transactions :  Mobile Transactions,324742211.0,Q1 2021,2021-01-01
Quarterly,2021,Q3,,POS Transactions Using Near Field Communication Technology : Number of Transactions :  Cards Transactions,812263844.0,Q3 2021,2021-07-01
Quarterly,2021,Q1,,POS Transactions Using Near Field Communication Technology : Sales (In Thousand Riyals) :  Sales Using Cards,71028334.3179191,Q1 2021,2021-01-01
Quarterly,2021,Q4,,POS Transactions Using Near Field Communication Technology : Sales (In Thousand Riyals) :  Sales Using Cards,78875412.8305664,Q4 2021,2021-10-01
Quarterly,2021,Q1,,E-Commerce Transactions Using Mada Cards : Number of Transactions,66170035.0,Q1 2021,2021-01-01
Monthly,2021,,JAN,Total POS :  Sales (In Thousand Riyals),37274404.5765424,JAN 2021,2021-01-01
Monthly,2021,,AUG,Total POS :  Sales (In Thousand Riyals),40972616.8566571,AUG 2021,2021-08-01
Monthly,2021,,NOV,Total POS :  Sales (In Thousand Riyals),41282904.1314327,NOV 2021,2021-11-01
Monthly,2021,,FEB,Total POS :  Number of Transactions,313768653.0,FEB 2021,2021-02-01
Monthly,2021,,APR,Total POS :  Number of Transactions,371342901.0,APR 2021,2021-04-01
Monthly,2021,,JUN,Total POS :  Number of Transactions,427322282.0,JUN 2021,2021-06-01
Monthly,2021,,DEC,Total POS :  Number of Transactions,525937084.0,DEC 2021,2021-12-01
Monthly,2021,,JAN,Total POS :  Number of Points of Sale Terminals,739464.0,JAN 2021,2021-01-01
Monthly,2021,,MAR,Total POS :  Number of Points of Sale Terminals,792842.0,MAR 2021,2021-03-01
Monthly,2021,,JUL,Total POS :  Number of Points of Sale Terminals,859336.0,JUL 2021,2021-07-01
Monthly,2021,,OCT,Total POS :  Number of Points of Sale Terminals,936130.0,OCT 2021,2021-10-01
Monthly,2021,,NOV,Total POS :  Number of Points of Sale Terminals,968772.0,NOV 2021,2021-11-01
Monthly,2021,,DEC,Total POS :  Number of Points of Sale Terminals,1013233.0,DEC 2021,2021-12-01
Monthly,2021,,MAR,POS Transactions Using Near Field Communication Technology : Number of Transactions :  Mobile Transactions,124438752.0,MAR 2021,2021-03-01
Monthly,2021,,NOV,POS Transactions Using Near Field Communication Technology : Number of Transactions :  Mobile Transactions,189130310.0,NOV 2021,2021-11-01
Monthly,2021,,FEB,POS Transactions Using Near Field Communication Technology : Number of Transactions :  Cards Transactions,198805905.0,FEB 2021,2021-02-01
Monthly,2021,,JUL,POS Transactions Using Near Field Communication Technology : Number of Transactions :  Cards Transactions,268116244.0,JUL 2021,2021-07-01
Monthly,2021,,NOV,POS Transactions Using Near Field Communication Technology : Number of Transactions :  Cards Transactions,284674799.0,NOV 2021,2021-11-01
Monthly,2021,,NOV,POS Transactions Using Near Field Communication Technology : Sales (In Thousand Riyals) :  Sales Using Mobile,12291942.817,NOV 2021,2021-11-01
Monthly,2021,,JAN,POS Transactions Using Near Field Communication Technology : Sales (In Thousand Riyals) :  Sales Using Cards,24129747.8907601,JAN 2021,2021-01-01
Monthly,2021,,JUN,POS Transactions Using Near Field Communication Technology : Sales (In Thousand Riyals) :  Sales Using Cards,24877879.623559,JUN 2021,2021-06-01
Monthly,2021,,OCT,POS Transactions Using Near Field Communication Technology : Sales (In Thousand Riyals) :  Sales Using Cards,25746691.7375664,OCT 2021,2021-10-01
Monthly,2021,,JAN,E-Commerce Transactions Using Mada Cards : Sales (In Thousand Riyals),4378662.31881001,JAN 2021,2021-01-01
Monthly,2021,,APR,E-Commerce Transactions Using Mada Cards : Sales (In Thousand Riyals),5555181.99654998,APR 2021,2021-04-01
Monthly,2021,,MAY,E-Commerce Transactions Using Mada Cards : Sales (In Thousand Riyals),5742231.16369001,MAY 2021,2021-05-01
Monthly,2021,,OCT,E-Commerce Transactions Using Mada Cards : Sales (In Thousand Riyals),7171523.24883978,OCT 2021,2021-10-01
Monthly,2021,,APR,E-Commerce Transactions Using Mada Cards : Number of Transactions,25565302.0,APR 2021,2021-04-01
Monthly,2021,,MAY,E-Commerce Transactions Using Mada Cards : Number of Transactions,27926205.0,MAY 2021,2021-05-01
Monthly,2021,,JUL,E-Commerce Transactions Using Mada Cards : Number of Transactions,29284827.0,JUL 2021,2021-07-01
Monthly,2021,,AUG,E-Commerce Transactions Using Mada Cards : Number of Transactions,29862223.0,AUG 2021,2021-08-01
Monthly,2021,,DEC,E-Commerce Transactions Using Mada Cards : Number of Transactions,39827417.0,DEC 2021,2021-12-01
Annually,2021,,,POS Transactions Using Near Field Communication Technology : Number of Transactions :  Cards Transactions,3103486371.0,2021,2021-01-01
Annually,2021,,,POS Transactions Using Near Field Communication Technology : Sales (In Thousand Riyals) :  Sales Using Mobile,128146797.216003,2021,2021-01-01
Quarterly,2021,Q2,,Total POS :  Sales (In Thousand Riyals),118148271.540513,Q2 2021,2021-04-01
Quarterly,2021,Q3,,Total POS :  Number of Transactions,1383560270.0,Q3 2021,2021-07-01
Quarterly,2021,Q4,,POS Transactions Using Near Field Communication Technology : Number of Transactions :  Mobile Transactions,573940203.0,Q4 2021,2021-10-01
Quarterly,2021,Q1,,POS Transactions Using Near Field Communication Technology : Number of Transactions :  Cards Transactions,673411264.0,Q1 2021,2021-01-01
Quarterly,2021,Q2,,POS Transactions Using Near Field Communication Technology : Sales (In Thousand Riyals) :  Sales Using Mobile,30855794.9471132,Q2 2021,2021-04-01
Quarterly,2021,Q1,,E-Commerce Transactions Using Mada Cards : Sales (In Thousand Riyals),13860761.29562,Q1 2021,2021-01-01
Quarterly,2021,Q2,,E-Commerce Transactions Using Mada Cards : Sales (In Thousand Riyals),17185270.03226,Q2 2021,2021-04-01
Quarterly,2021,Q4,,E-Commerce Transactions Using Mada Cards : Sales (In Thousand Riyals),23056205.1698398,Q4 2021,2021-10-01
Monthly,2021,,FEB,Total POS :  Sales (In Thousand Riyals),31051354.4345456,FEB 2021,2021-02-01
Monthly,2021,,MAR,Total POS :  Sales (In Thousand Riyals),40839506.8250921,MAR 2021,2021-03-01
Monthly,2021,,SEP,Total POS :  Number of Transactions,468901582.0,SEP 2021,2021-09-01
Monthly,2021,,OCT,Total POS :  Number of Transactions,495077645.0,OCT 2021,2021-10-01
Monthly,2021,,AUG,Total POS :  Number of Points of Sale Terminals,879522.0,AUG 2021,2021-08-01
Monthly,2021,,APR,POS Transactions Using Near Field Communication Technology : Number of Transactions :  Mobile Transactions,116887606.0,APR 2021,2021-04-01
Monthly,2021,,MAY,POS Transactions Using Near Field Communication Technology : Number of Transactions :  Mobile Transactions,135773390.0,MAY 2021,2021-05-01
Monthly,2021,,JUN,POS Transactions Using Near Field Communication Technology : Number of Transactions :  Cards Transactions,258251108.0,JUN 2021,2021-06-01
Monthly,2021,,AUG,POS Transactions Using Near Field Communication Technology : Number of Transactions :  Cards Transactions,272970493.0,AUG 2021,2021-08-01
Monthly,2021,,SEP,POS Transactions Using Near Field Communication Technology : Number of Transactions :  Cards Transactions,271177107.0,SEP 2021,2021-09-01
Monthly,2021,,MAR,POS Transactions Using Near Field Communication Technology : Sales (In Thousand Riyals) :  Sales Using Mobile,9852309.08931095,MAR 2021,2021-03-01
Monthly,2021,,DEC,POS Transactions Using Near Field Communication Technology : Sales (In Thousand Riyals) :  Sales Using Mobile,13685121.799223,DEC 2021,2021-12-01
Monthly,2021,,MAR,POS Transactions Using Near Field Communication Technology : Sales (In Thousand Riyals) :  Sales Using Cards,26647181.879299,MAR 2021,2021-03-01
Monthly,2021,,SEP,POS Transactions Using Near Field Communication Technology : Sales (In Thousand Riyals) :  Sales Using Cards,24950545.3365584,SEP 2021,2021-09-01
Monthly,2021,,JUL,E-Commerce Transactions Using Mada Cards : Sales (In Thousand Riyals),6328298.95200999,JUL 2021,2021-07-01
Monthly,2021,,NOV,E-Commerce Transactions Using Mada Cards : Number of Transactions,37075459.0,NOV 2021,2021-11-01
Annually,2021,,,Total POS :  Number of Points of Sale Terminals,1013233.0,2021,2021-01-01
Quarterly,2021,Q1,,Total POS :  Sales (In Thousand Riyals),109165265.83618,Q1 2021,2021-01-01
Quarterly,2021,Q1,,POS Transactions Using Near Field Communication Technology : Sales (In Thousand Riyals) :  Sales Using Mobile,25393495.243471,Q1 2021,2021-01-01
Quarterly,2021,Q2,,E-Commerce Transactions Using Mada Cards : Number of Transactions,79893247.0,Q2 2021,2021-04-01
Monthly,2021,,JUL,Total POS :  Sales (In Thousand Riyals),38853243.9979692,JUL 2021,2021-07-01
Monthly,2021,,SEP,Total POS :  Sales (In Thousand Riyals),39995756.668,SEP 2021,2021-09-01
Monthly,2021,,OCT,Total POS :  Sales (In Thousand Riyals),40466970.1540478,OCT 2021,2021-10-01
Monthly,2021,,MAY,Total POS :  Number of Transactions,407176207.0,MAY 2021,2021-05-01
Monthly,2021,,APR,Total POS :  Number of Points of Sale Terminals,823659.0,APR 2021,2021-04-01
Monthly,2021,,MAY,Total POS :  Number of Points of Sale Terminals,837347.0,MAY 2021,2021-05-01
Monthly,2021,,SEP,Total POS :  Number of Points of Sale Terminals,899751.0,SEP 2021,2021-09-01
Monthly,2021,,JAN,POS Transactions Using Near Field Communication Technology : Number of Transactions :  Mobile Transactions,105321031.0,JAN 2021,2021-01-01
Monthly,2021,,SEP,POS Transactions Using Near Field Communication Technology : Number of Transactions :  Mobile Transactions,175660628.0,SEP 2021,2021-09-01
Monthly,2021,,JAN,POS Transactions Using Near Field Communication Technology : Number of Transactions :  Cards Transactions,227056237.0,JAN 2021,2021-01-01
Monthly,2021,,MAY,POS Transactions Using Near Field Communication Technology : Number of Transactions :  Cards Transactions,249880993.0,MAY 2021,2021-05-01
Monthly,2021,,OCT,POS Transactions Using Near Field Communication Technology : Number of Transactions :  Cards Transactions,293412405.0,OCT 2021,2021-10-01
Monthly,2021,,FEB,POS Transactions Using Near Field Communication Technology : Sales (In Thousand Riyals) :  Sales Using Mobile,7122318.18781,FEB 2021,2021-02-01
Monthly,2021,,MAY,POS Transactions Using Near Field Communication Technology : Sales (In Thousand Riyals) :  Sales Using Mobile,10794679.3040712,MAY 2021,2021-05-01
Monthly,2021,,AUG,POS Transactions Using Near Field Communication Technology : Sales (In Thousand Riyals) :  Sales Using Mobile,11662047.3302016,AUG 2021,2021-08-01
Monthly,2021,,SEP,POS Transactions Using Near Field Communication Technology : Sales (In Thousand Riyals) :  Sales Using Mobile,11783305.0953616,SEP 2021,2021-09-01
Monthly,2021,,FEB,POS Transactions Using Near Field Communication Technology : Sales (In Thousand Riyals) :  Sales Using Cards,20251404.54786,FEB 2021,2021-02-01
Monthly,2021,,MAR,E-Commerce Transactions Using Mada Cards : Sales (In Thousand Riyals),5308685.78674001,MAR 2021,2021-03-01
Monthly,2021,,AUG,E-Commerce Transactions Using Mada Cards : Sales (In Thousand Riyals),6870228.82666978,AUG 2021,2021-08-01
Monthly,2021,,SEP,E-Commerce Transactions Using Mada Cards : Sales (In Thousand Riyals),7024161.76418998,SEP 2021,2021-09-01
Monthly,2021,,FEB,E-Commerce Transactions Using Mada Cards : Number of Transactions,20424520.0,FEB 2021,2021-02-01
Monthly,2021,,JUN,E-Commerce Transactions Using Mada Cards : Number of Transactions,26401740.0,JUN 2021,2021-06-01
Monthly,2021,,SEP,E-Commerce Transactions Using Mada Cards : Number of Transactions,31771943.0,SEP 2021,2021-09-01
Annually,2021,,,POS Transactions Using Near Field Communication Technology : Sales (In Thousand Riyals) :  Sales Using Cards,301575138.977508,2021,2021-01-01
Annually,2021,,,E-Commerce Transactions Using Mada Cards : Number of Transactions,347660680.0,2021,2021-01-01
Quarterly,2021,Q3,,Total POS :  Sales (In Thousand Riyals),119821617.522626,Q3 2021,2021-07-01
Quarterly,2021,Q1,,Total POS :  Number of Points of Sale Terminals,792842.0,Q1 2021,2021-01-01
Quarterly,2021,Q3,,Total POS :  Number of Points of Sale Terminals,899751.0,Q3 2021,2021-07-01
Quarterly,2021,Q3,,POS Transactions Using Near Field Communication Technology : Number of Transactions :  Mobile Transactions,504410165.0,Q3 2021,2021-07-01
Quarterly,2021,Q4,,POS Transactions Using Near Field Communication Technology : Sales (In Thousand Riyals) :  Sales Using Mobile,37468204.1151446,Q4 2021,2021-10-01
Quarterly,2021,Q2,,POS Transactions Using Near Field Communication Technology : Sales (In Thousand Riyals) :  Sales Using Cards,76321975.9444766,Q2 2021,2021-04-01
Quarterly,2021,Q3,,POS Transactions Using Near Field Communication Technology : Sales (In Thousand Riyals) :  Sales Using Cards,75349415.8845456,Q3 2021,2021-07-01
Quarterly,2021,Q4,,E-Commerce Transactions Using Mada Cards : Number of Transactions,110678405.0,Q4 2021,2021-10-01
Monthly,2021,,MAR,Total POS :  Number of Transactions,395921696.0,MAR 2021,2021-03-01
Monthly,2021,,JUL,Total POS :  Number of Transactions,448847985.0,JUL 2021,2021-07-01
Monthly,2021,,AUG,Total POS :  Number of Transactions,465810703.0,AUG 2021,2021-08-01
Monthly,2021,,JUN,Total POS :  Number of Points of Sale Terminals,848358.0,JUN 2021,2021-06-01
Monthly,2021,,JUN,POS Transactions Using Near Field Communication Technology : Number of Transactions :  Mobile Transactions,147493016.0,JUN 2021,2021-06-01
Monthly,2021,,AUG,POS Transactions Using Near Field Communication Technology : Number of Transactions :  Mobile Transactions,170203020.0,AUG 2021,2021-08-01
Monthly,2021,,MAR,POS Transactions Using Near Field Communication Technology : Number of Transactions :  Cards Transactions,247549122.0,MAR 2021,2021-03-01
Monthly,2021,,APR,POS Transactions Using Near Field Communication Technology : Number of Transactions :  Cards Transactions,233354722.0,APR 2021,2021-04-01
Monthly,2021,,APR,POS Transactions Using Near Field Communication Technology : Sales (In Thousand Riyals) :  Sales Using Mobile,9614895.2786509,APR 2021,2021-04-01
Monthly,2021,,JUN,POS Transactions Using Near Field Communication Technology : Sales (In Thousand Riyals) :  Sales Using Mobile,10446220.3643911,JUN 2021,2021-06-01
Monthly,2021,,OCT,POS Transactions Using Near Field Communication Technology : Sales (In Thousand Riyals) :  Sales Using Mobile,11491139.4989216,OCT 2021,2021-10-01
Monthly,2021,,APR,POS Transactions Using Near Field Communication Technology : Sales (In Thousand Riyals) :  Sales Using Cards,25663704.3919889,APR 2021,2021-04-01
Monthly,2021,,DEC,POS Transactions Using Near Field Communication Technology : Sales (In Thousand Riyals) :  Sales Using Cards,27356807.56,DEC 2021,2021-12-01
Monthly,2021,,FEB,E-Commerce Transactions Using Mada Cards : Sales (In Thousand Riyals),4173413.19006993,FEB 2021,2021-02-01
Monthly,2021,,NOV,E-Commerce Transactions Using Mada Cards : Sales (In Thousand Riyals),7724813.772,NOV 2021,2021-11-01
Monthly,2021,,DEC,E-Commerce Transactions Using Mada Cards : Sales (In Thousand Riyals),8159868.149,DEC 2021,2021-12-01
Monthly,2021,,JAN,E-Commerce Transactions Using Mada Cards : Number of Transactions,19909057.0,JAN 2021,2021-01-01
Monthly,2021,,MAR,E-Commerce Transactions Using Mada Cards : Number of Transactions,25836458.0,MAR 2021,2021-03-01
Quarterly,2020,Q1,,Total POS :  Sales (In Thousand Riyals),79256484.6184264,Q1 2020,2020-01-01
Quarterly,2020,Q1,,POS Transactions Using Near Field Communication Technology : Number of Transactions :  Mobile Transactions,83616069.0,Q1 2020,2020-01-01
Quarterly,2020,Q2,,POS Transactions Using Near Field Communication Technology : Number of Transactions :  Mobile Transactions,93228348.0,Q2 2020,2020-04-01
Quarterly,2020,Q1,,POS Transactions Using Near Field Communication Technology : Number of Transactions :  Cards Transactions,346178770.0,Q1 2020,2020-01-01
Quarterly,2020,Q3,,POS Transactions Using Near Field Communication Technology : Sales (In Thousand Riyals) :  Sales Using Cards,61695115.916,Q3 2020,2020-07-01
Quarterly,2020,Q1,,E-Commerce Transactions Using Mada Cards : Number of Transactions,20795320.0,Q1 2020,2020-01-01
Monthly,2020,,FEB,Total POS :  Sales (In Thousand Riyals),25932325.38575,FEB 2020,2020-02-01
Monthly,2020,,JUL,Total POS :  Sales (In Thousand Riyals),31512580.00372,JUL 2020,2020-07-01
Monthly,2020,,MAY,Total POS :  Number of Transactions,159386224.0,MAY 2020,2020-05-01
Monthly,2020,,JAN,Total POS :  Number of Points of Sale Terminals,452322.0,JAN 2020,2020-01-01
Monthly,2020,,OCT,Total POS :  Number of Points of Sale Terminals,657040.0,OCT 2020,2020-10-01
Monthly,2020,,NOV,Total POS :  Number of Points of Sale Terminals,693306.0,NOV 2020,2020-11-01
Monthly,2020,,DEC,Total POS :  Number of Points of Sale Terminals,721060.0,DEC 2020,2020-12-01
Monthly,2020,,FEB,POS Transactions Using Near Field Communication Technology : Number of Transactions :  Mobile Transactions,28740980.0,FEB 2020,2020-02-01
Monthly,2020,,MAY,POS Transactions Using Near Field Communication Technology : Number of Transactions :  Mobile Transactions,27657050.0,MAY 2020,2020-05-01
Monthly,2020,,AUG,POS Transactions Using Near Field Communication Technology : Number of Transactions :  Mobile Transactions,64186621.0,AUG 2020,2020-08-01
Monthly,2020,,MAR,POS Transactions Using Near Field Communication Technology : Number of Transactions :  Cards Transactions,113794477.0,MAR 2020,2020-03-01
Monthly,2020,,JUL,POS Transactions Using Near Field Communication Technology : Number of Transactions :  Cards Transactions,179905353.0,JUL 2020,2020-07-01
Monthly,2020,,AUG,POS Transactions Using Near Field Communication Technology : Number of Transactions :  Cards Transactions,179006597.0,AUG 2020,2020-08-01
Monthly,2020,,OCT,POS Transactions Using Near Field Communication Technology : Sales (In Thousand Riyals) :  Sales Using Mobile,6491950.548,OCT 2020,2020-10-01
Monthly,2020,,MAR,POS Transactions Using Near Field Communication Technology : Sales (In Thousand Riyals) :  Sales Using Cards,13830592.243,MAR 2020,2020-03-01
Monthly,2020,,MAY,POS Transactions Using Near Field Communication Technology : Sales (In Thousand Riyals) :  Sales Using Cards,14638843.099,MAY 2020,2020-05-01
Monthly,2020,,JUN,POS Transactions Using Near Field Communication Technology : Sales (In Thousand Riyals) :  Sales Using Cards,22812388.771,JUN 2020,2020-06-01
Monthly,2020,,OCT,POS Transactions Using Near Field Communication Technology : Sales (In Thousand Riyals) :  Sales Using Cards,21852136.102,OCT 2020,2020-10-01
Monthly,2020,,MAY,E-Commerce Transactions Using Mada Cards : Sales (In Thousand Riyals),3723878.45946,MAY 2020,2020-05-01
Monthly,2020,,FEB,E-Commerce Transactions Using Mada Cards : Number of Transactions,6635305.0,FEB 2020,2020-02-01
Monthly,2020,,MAY,E-Commerce Transactions Using Mada Cards : Number of Transactions,18161276.0,MAY 2020,2020-05-01
Monthly,2020,,SEP,E-Commerce Transactions Using Mada Cards : Number of Transactions,16187429.0,SEP 2020,2020-09-01
Annually,2020,,,POS Transactions Using Near Field Communication Technology : Sales (In Thousand Riyals) :  Sales Using Cards,218832355.41,2020,2020-01-01
Annually,2020,,,E-Commerce Transactions Using Mada Cards : Sales (In Thousand Riyals),38822193.5368,2020,2020-01-01
Quarterly,2020,Q1,,Total POS :  Number of Transactions,543981191.0,Q1 2020,2020-01-01
Quarterly,2020,Q3,,POS Transactions Using Near Field Communication Technology : Number of Transactions :  Mobile Transactions,196712743.0,Q3 2020,2020-07-01
Quarterly,2020,Q4,,POS Transactions Using Near Field Communication Technology : Number of Transactions :  Mobile Transactions,265465777.0,Q4 2020,2020-10-01
Quarterly,2020,Q2,,POS Transactions Using Near Field Communication Technology : Number of Transactions :  Cards Transactions,342932986.0,Q2 2020,2020-04-01
Quarterly,2020,Q3,,POS Transactions Using Near Field Communication Technology : Sales (In Thousand Riyals) :  Sales Using Mobile,16512252.859,Q3 2020,2020-07-01
Quarterly,2020,Q2,,POS Transactions Using Near Field Communication Technology : Sales (In Thousand Riyals) :  Sales Using Cards,47722576.284,Q2 2020,2020-04-01
Quarterly,2020,Q4,,E-Commerce Transactions Using Mada Cards : Sales (In Thousand Riyals),12555375.47592,Q4 2020,2020-10-01
Quarterly,2020,Q3,,E-Commerce Transactions Using Mada Cards : Number of Transactions,46344959.0,Q3 2020,2020-07-01
Monthly,2020,,APR,Total POS :  Sales (In Thousand Riyals),16177319.16343,APR 2020,2020-04-01
Monthly,2020,,MAY,Total POS :  Sales (In Thousand Riyals),23451812.68346,MAY 2020,2020-05-01
Monthly,2020,,OCT,Total POS :  Sales (In Thousand Riyals),33637906.569,OCT 2020,2020-10-01
Monthly,2020,,JAN,Total POS :  Number of Transactions,186144169.0,JAN 2020,2020-01-01
Monthly,2020,,FEB,Total POS :  Number of Transactions,183334456.0,FEB 2020,2020-02-01
Monthly,2020,,APR,Total POS :  Number of Transactions,121834258.0,APR 2020,2020-04-01
Monthly,2020,,JUL,Total POS :  Number of Transactions,268319674.0,JUL 2020,2020-07-01
Monthly,2020,,SEP,Total POS :  Number of Transactions,291969968.0,SEP 2020,2020-09-01
Monthly,2020,,DEC,Total POS :  Number of Transactions,346595474.0,DEC 2020,2020-12-01
Monthly,2020,,APR,Total POS :  Number of Points of Sale Terminals,486151.0,APR 2020,2020-04-01
Monthly,2020,,JUL,Total POS :  Number of Points of Sale Terminals,558762.0,JUL 2020,2020-07-01
Monthly,2020,,AUG,Total POS :  Number of Points of Sale Terminals,579942.0,AUG 2020,2020-08-01
Monthly,2020,,SEP,Total POS :  Number of Points of Sale Terminals,614285.0,SEP 2020,2020-09-01
Monthly,2020,,MAR,POS Transactions Using Near Field Communication Technology : Number of Transactions :  Mobile Transactions,29280666.0,MAR 2020,2020-03-01
Monthly,2020,,JUL,POS Transactions Using Near Field Communication Technology : Number of Transactions :  Mobile Transactions,60313895.0,JUL 2020,2020-07-01
Monthly,2020,,OCT,POS Transactions Using Near Field Communication Technology : Number of Transactions :  Mobile Transactions,81531234.0,OCT 2020,2020-10-01
Monthly,2020,,OCT,POS Transactions Using Near Field Communication Technology : Number of Transactions :  Cards Transactions,206292625.0,OCT 2020,2020-10-01
Monthly,2020,,FEB,POS Transactions Using Near Field Communication Technology : Sales (In Thousand Riyals) :  Sales Using Mobile,2345490.019,FEB 2020,2020-02-01
Monthly,2020,,JUL,POS Transactions Using Near Field Communication Technology : Sales (In Thousand Riyals) :  Sales Using Mobile,5166028.609,JUL 2020,2020-07-01
Monthly,2020,,SEP,POS Transactions Using Near Field Communication Technology : Sales (In Thousand Riyals) :  Sales Using Mobile,6011555.011,SEP 2020,2020-09-01
Monthly,2020,,FEB,POS Transactions Using Near Field Communication Technology : Sales (In Thousand Riyals) :  Sales Using Cards,13076678.621,FEB 2020,2020-02-01
Monthly,2020,,APR,POS Transactions Using Near Field Communication Technology : Sales (In Thousand Riyals) :  Sales Using Cards,10271344.414,APR 2020,2020-04-01
Monthly,2020,,DEC,POS Transactions Using Near Field Communication Technology : Sales (In Thousand Riyals) :  Sales Using Cards,24439589.466,DEC 2020,2020-12-01
Monthly,2020,,JAN,E-Commerce Transactions Using Mada Cards : Sales (In Thousand Riyals),1716816.63529,JAN 2020,2020-01-01
Monthly,2020,,FEB,E-Commerce Transactions Using Mada Cards : Sales (In Thousand Riyals),1625845.83015,FEB 2020,2020-02-01
Monthly,2020,,APR,E-Commerce Transactions Using Mada Cards : Sales (In Thousand Riyals),2995378.89586,APR 2020,2020-04-01
Monthly,2020,,MAR,E-Commerce Transactions Using Mada Cards : Number of Transactions,7287150.0,MAR 2020,2020-03-01
Monthly,2020,,OCT,E-Commerce Transactions Using Mada Cards : Number of Transactions,16963723.0,OCT 2020,2020-10-01
Monthly,2020,,DEC,E-Commerce Transactions Using Mada Cards : Number of Transactions,20175762.0,DEC 2020,2020-12-01
Annually,2020,,,POS Transactions Using Near Field Communication Technology : Number of Transactions :  Cards Transactions,1879900276.0,2020,2020-01-01
Quarterly,2020,Q4,,Total POS :  Sales (In Thousand Riyals),105521601.202,Q4 2020,2020-10-01
Quarterly,2020,Q1,,Total POS :  Number of Points of Sale Terminals,472163.0,Q1 2020,2020-01-01
Quarterly,2020,Q4,,POS Transactions Using Near Field Communication Technology : Sales (In Thousand Riyals) :  Sales Using Cards,68611585.246,Q4 2020,2020-10-01
Quarterly,2020,Q1,,E-Commerce Transactions Using Mada Cards : Sales (In Thousand Riyals),5137430.34833,Q1 2020,2020-01-01
Quarterly,2020,Q2,,E-Commerce Transactions Using Mada Cards : Sales (In Thousand Riyals),10452677.6702,Q2 2020,2020-04-01
Monthly,2020,,SEP,Total POS :  Sales (In Thousand Riyals),33214672.62,SEP 2020,2020-09-01
Monthly,2020,,NOV,Total POS :  Sales (In Thousand Riyals),34263994.192,NOV 2020,2020-11-01
Monthly,2020,,MAY,Total POS :  Number of Points of Sale Terminals,505093.0,MAY 2020,2020-05-01
Monthly,2020,,JUN,POS Transactions Using Near Field Communication Technology : Number of Transactions :  Mobile Transactions,45847062.0,JUN 2020,2020-06-01
Monthly,2020,,SEP,POS Transactions Using Near Field Communication Technology : Number of Transactions :  Mobile Transactions,72212227.0,SEP 2020,2020-09-01
Monthly,2020,,DEC,POS Transactions Using Near Field Communication Technology : Number of Transactions :  Mobile Transactions,97787488.0,DEC 2020,2020-12-01
Monthly,2020,,JAN,POS Transactions Using Near Field Communication Technology : Number of Transactions :  Cards Transactions,116599656.0,JAN 2020,2020-01-01
Monthly,2020,,FEB,POS Transactions Using Near Field Communication Technology : Number of Transactions :  Cards Transactions,115784637.0,FEB 2020,2020-02-01
Monthly,2020,,MAY,POS Transactions Using Near Field Communication Technology : Number of Transactions :  Cards Transactions,109784079.0,MAY 2020,2020-05-01
Monthly,2020,,MAR,POS Transactions Using Near Field Communication Technology : Sales (In Thousand Riyals) :  Sales Using Mobile,2581251.486,MAR 2020,2020-03-01
Monthly,2020,,AUG,POS Transactions Using Near Field Communication Technology : Sales (In Thousand Riyals) :  Sales Using Mobile,5334669.239,AUG 2020,2020-08-01
Monthly,2020,,NOV,POS Transactions Using Near Field Communication Technology : Sales (In Thousand Riyals) :  Sales Using Mobile,6938454.22838,NOV 2020,2020-11-01
Monthly,2020,,DEC,POS Transactions Using Near Field Communication Technology : Sales (In Thousand Riyals) :  Sales Using Mobile,8027175.851,DEC 2020,2020-12-01
Monthly,2020,,JUL,POS Transactions Using Near Field Communication Technology : Sales (In Thousand Riyals) :  Sales Using Cards,20227731.805,JUL 2020,2020-07-01
Monthly,2020,,AUG,POS Transactions Using Near Field Communication Technology : Sales (In Thousand Riyals) :  Sales Using Cards,19972589.218,AUG 2020,2020-08-01
Monthly,2020,,NOV,POS Transactions Using Near Field Communication Technology : Sales (In Thousand Riyals) :  Sales Using Cards,22319859.678,NOV 2020,2020-11-01
Monthly,2020,,JUN,E-Commerce Transactions Using Mada Cards : Sales (In Thousand Riyals),3733420.31488,JUN 2020,2020-06-01
Monthly,2020,,SEP,E-Commerce Transactions Using Mada Cards : Sales (In Thousand Riyals),3721733.12712,SEP 2020,2020-09-01
Monthly,2020,,OCT,E-Commerce Transactions Using Mada Cards : Sales (In Thousand Riyals),3848355.34534,OCT 2020,2020-10-01
Monthly,2020,,JUN,E-Commerce Transactions Using Mada Cards : Number of Transactions,17239315.0,JUN 2020,2020-06-01
Monthly,2020,,NOV,E-Commerce Transactions Using Mada Cards : Number of Transactions,17960198.0,NOV 2020,2020-11-01
Annually,2020,,,Total POS :  Sales (In Thousand Riyals),357297966.48674,2020,2020-01-01
Annually,2020,,,Total POS :  Number of Transactions,2852864282.0,2020,2020-01-01
Annually,2020,,,Total POS :  Number of Points of Sale Terminals,721060.0,2020,2020-01-01
Annually,2020,,,POS Transactions Using Near Field Communication Technology : Sales (In Thousand Riyals) :  Sales Using Mobile,54869660.89738,2020,2020-01-01
Annually,2020,,,E-Commerce Transactions Using Mada Cards : Number of Transactions,170308987.0,2020,2020-01-01
Quarterly,2020,Q2,,Total POS :  Sales (In Thousand Riyals),76645526.7525937,Q2 2020,2020-04-01
Quarterly,2020,Q3,,Total POS :  Sales (In Thousand Riyals),95874353.91372,Q3 2020,2020-07-01
Quarterly,2020,Q2,,Total POS :  Number of Transactions,502021137.0,Q2 2020,2020-04-01
Quarterly,2020,Q3,,Total POS :  Number of Transactions,828794836.0,Q3 2020,2020-07-01
Quarterly,2020,Q2,,Total POS :  Number of Points of Sale Terminals,531705.0,Q2 2020,2020-04-01
Quarterly,2020,Q3,,POS Transactions Using Near Field Communication Technology : Number of Transactions :  Cards Transactions,552799484.0,Q3 2020,2020-07-01
Quarterly,2020,Q4,,POS Transactions Using Near Field Communication Technology : Number of Transactions :  Cards Transactions,637989036.0,Q4 2020,2020-10-01
Quarterly,2020,Q1,,POS Transactions Using Near Field Communication Technology : Sales (In Thousand Riyals) :  Sales Using Mobile,7184123.514,Q1 2020,2020-01-01
Quarterly,2020,Q1,,POS Transactions Using Near Field Communication Technology : Sales (In Thousand Riyals) :  Sales Using Cards,40803077.964,Q1 2020,2020-01-01
Quarterly,2020,Q4,,E-Commerce Transactions Using Mada Cards : Number of Transactions,55099683.0,Q4 2020,2020-10-01
Monthly,2020,,MAR,Total POS :  Sales (In Thousand Riyals),24792558.97603,MAR 2020,2020-03-01
Monthly,2020,,AUG,Total POS :  Sales (In Thousand Riyals),31147101.29,AUG 2020,2020-08-01
Monthly,2020,,DEC,Total POS :  Sales (In Thousand Riyals),37619700.441,DEC 2020,2020-12-01
Monthly,2020,,MAR,Total POS :  Number of Transactions,174502566.0,MAR 2020,2020-03-01
Monthly,2020,,JUN,Total POS :  Number of Transactions,220800655.0,JUN 2020,2020-06-01
Monthly,2020,,OCT,Total POS :  Number of Transactions,313552990.0,OCT 2020,2020-10-01
Monthly,2020,,FEB,Total POS :  Number of Points of Sale Terminals,462939.0,FEB 2020,2020-02-01
Monthly,2020,,MAR,Total POS :  Number of Points of Sale Terminals,472163.0,MAR 2020,2020-03-01
Monthly,2020,,JUN,Total POS :  Number of Points of Sale Terminals,531705.0,JUN 2020,2020-06-01
Monthly,2020,,APR,POS Transactions Using Near Field Communication Technology : Number of Transactions :  Mobile Transactions,19724236.0,APR 2020,2020-04-01
Monthly,2020,,NOV,POS Transactions Using Near Field Communication Technology : Number of Transactions :  Mobile Transactions,86147055.0,NOV 2020,2020-11-01
Monthly,2020,,JUN,POS Transactions Using Near Field Communication Technology : Number of Transactions :  Cards Transactions,148885298.0,JUN 2020,2020-06-01
Monthly,2020,,SEP,POS Transactions Using Near Field Communication Technology : Number of Transactions :  Cards Transactions,193887534.0,SEP 2020,2020-09-01
Monthly,2020,,NOV,POS Transactions Using Near Field Communication Technology : Number of Transactions :  Cards Transactions,207635926.0,NOV 2020,2020-11-01
Monthly,2020,,DEC,POS Transactions Using Near Field Communication Technology : Number of Transactions :  Cards Transactions,224060485.0,DEC 2020,2020-12-01
Monthly,2020,,JAN,POS Transactions Using Near Field Communication Technology : Sales (In Thousand Riyals) :  Sales Using Mobile,2257382.009,JAN 2020,2020-01-01
Monthly,2020,,APR,POS Transactions Using Near Field Communication Technology : Sales (In Thousand Riyals) :  Sales Using Mobile,1913201.243,APR 2020,2020-04-01
Monthly,2020,,JAN,POS Transactions Using Near Field Communication Technology : Sales (In Thousand Riyals) :  Sales Using Cards,13895807.1,JAN 2020,2020-01-01
Monthly,2020,,MAR,E-Commerce Transactions Using Mada Cards : Sales (In Thousand Riyals),1794767.88289,MAR 2020,2020-03-01
Monthly,2020,,AUG,E-Commerce Transactions Using Mada Cards : Sales (In Thousand Riyals),3328621.09789,AUG 2020,2020-08-01
Monthly,2020,,NOV,E-Commerce Transactions Using Mada Cards : Sales (In Thousand Riyals),4208789.02258,NOV 2020,2020-11-01
Monthly,2020,,DEC,E-Commerce Transactions Using Mada Cards : Sales (In Thousand Riyals),4498231.108,DEC 2020,2020-12-01
Monthly,2020,,AUG,E-Commerce Transactions Using Mada Cards : Number of Transactions,14820169.0,AUG 2020,2020-08-01
Annually,2020,,,POS Transactions Using Near Field Communication Technology : Number of Transactions :  Mobile Transactions,639022937.0,2020,2020-01-01
Quarterly,2020,Q4,,Total POS :  Number of Transactions,978067118.0,Q4 2020,2020-10-01
Quarterly,2020,Q3,,Total POS :  Number of Points of Sale Terminals,614285.0,Q3 2020,2020-07-01
Quarterly,2020,Q4,,Total POS :  Number of Points of Sale Terminals,721060.0,Q4 2020,2020-10-01
Quarterly,2020,Q2,,POS Transactions Using Near Field Communication Technology : Sales (In Thousand Riyals) :  Sales Using Mobile,9715703.897,Q2 2020,2020-04-01
Quarterly,2020,Q4,,POS Transactions Using Near Field Communication Technology : Sales (In Thousand Riyals) :  Sales Using Mobile,21457580.62738,Q4 2020,2020-10-01
Quarterly,2020,Q3,,E-Commerce Transactions Using Mada Cards : Sales (In Thousand Riyals),10676710.04235,Q3 2020,2020-07-01
Quarterly,2020,Q2,,E-Commerce Transactions Using Mada Cards : Number of Transactions,48069025.0,Q2 2020,2020-04-01
Monthly,2020,,JAN,Total POS :  Sales (In Thousand Riyals),28531600.2566464,JAN 2020,2020-01-01
Monthly,2020,,JUN,Total POS :  Sales (In Thousand Riyals),37016394.9057037,JUN 2020,2020-06-01
Monthly,2020,,AUG,Total POS :  Number of Transactions,268505194.0,AUG 2020,2020-08-01
Monthly,2020,,NOV,Total POS :  Number of Transactions,317918654.0,NOV 2020,2020-11-01
Monthly,2020,,JAN,POS Transactions Using Near Field Communication Technology : Number of Transactions :  Mobile Transactions,25594423.0,JAN 2020,2020-01-01
Monthly,2020,,APR,POS Transactions Using Near Field Communication Technology : Number of Transactions :  Cards Transactions,84263609.0,APR 2020,2020-04-01
Monthly,2020,,MAY,POS Transactions Using Near Field Communication Technology : Sales (In Thousand Riyals) :  Sales Using Mobile,2977340.756,MAY 2020,2020-05-01
Monthly,2020,,JUN,POS Transactions Using Near Field Communication Technology : Sales (In Thousand Riyals) :  Sales Using Mobile,4825161.898,JUN 2020,2020-06-01
Monthly,2020,,SEP,POS Transactions Using Near Field Communication Technology : Sales (In Thousand Riyals) :  Sales Using Cards,21494794.893,SEP 2020,2020-09-01
Monthly,2020,,JUL,E-Commerce Transactions Using Mada Cards : Sales (In Thousand Riyals),3626355.81734,JUL 2020,2020-07-01
Monthly,2020,,JAN,E-Commerce Transactions Using Mada Cards : Number of Transactions,6872865.0,JAN 2020,2020-01-01
Monthly,2020,,APR,E-Commerce Transactions Using Mada Cards : Number of Transactions,12668434.0,APR 2020,2020-04-01
Monthly,2020,,JUL,E-Commerce Transactions Using Mada Cards : Number of Transactions,15337361.0,JUL 2020,2020-07-01
Annually,2019,,,POS Transactions Using Near Field Communication Technology : Sales (In Thousand Riyals) :  Sales Using Cards,85072311.239,2019,2019-01-01
Quarterly,2019,Q3,,POS Transactions Using Near Field Communication Technology : Number of Transactions :  Mobile Transactions,29486112.0,Q3 2019,2019-07-01
Quarterly,2019,Q4,,POS Transactions Using Near Field Communication Technology : Sales (In Thousand Riyals) :  Sales Using Mobile,4847739.769,Q4 2019,2019-10-01
Monthly,2019,,MAR,Total POS :  Sales (In Thousand Riyals),23431926.271,MAR 2019,2019-03-01
Monthly,2019,,JUL,Total POS :  Sales (In Thousand Riyals),23537532.8470805,JUL 2019,2019-07-01
Monthly,2019,,SEP,Total POS :  Sales (In Thousand Riyals),24842705.4997637,SEP 2019,2019-09-01
Monthly,2019,,MAY,Total POS :  Number of Transactions,126950082.0,MAY 2019,2019-05-01
Monthly,2019,,JUN,Total POS :  Number of Transactions,113896036.0,JUN 2019,2019-06-01
Monthly,2019,,JUL,Total POS :  Number of Transactions,132533739.0,JUL 2019,2019-07-01
Monthly,2019,,SEP,Total POS :  Number of Transactions,148471186.0,SEP 2019,2019-09-01
Monthly,2019,,JAN,Total POS :  Number of Points of Sale Terminals,358615.0,JAN 2019,2019-01-01
Monthly,2019,,AUG,Total POS :  Number of Points of Sale Terminals,401889.0,AUG 2019,2019-08-01
Monthly,2019,,AUG,POS Transactions Using Near Field Communication Technology : Number of Transactions :  Mobile Transactions,9434530.0,AUG 2019,2019-08-01
Monthly,2019,,DEC,POS Transactions Using Near Field Communication Technology : Number of Transactions :  Mobile Transactions,22723577.0,DEC 2019,2019-12-01
Monthly,2019,,DEC,POS Transactions Using Near Field Communication Technology : Number of Transactions :  Cards Transactions,111750986.0,DEC 2019,2019-12-01
Monthly,2019,,MAR,POS Transactions Using Near Field Communication Technology : Sales (In Thousand Riyals) :  Sales Using Mobile,350552.686,MAR 2019,2019-03-01
Monthly,2019,,OCT,POS Transactions Using Near Field Communication Technology : Sales (In Thousand Riyals) :  Sales Using Mobile,1307857.962,OCT 2019,2019-10-01
Monthly,2019,,MAY,POS Transactions Using Near Field Communication Technology : Sales (In Thousand Riyals) :  Sales Using Cards,6511595.192,MAY 2019,2019-05-01
Monthly,2019,,JUL,POS Transactions Using Near Field Communication Technology : Sales (In Thousand Riyals) :  Sales Using Cards,7386129.026,JUL 2019,2019-07-01
Monthly,2019,,DEC,POS Transactions Using Near Field Communication Technology : Sales (In Thousand Riyals) :  Sales Using Cards,13068029.407,DEC 2019,2019-12-01
Monthly,2019,,JAN,E-Commerce Transactions Using Mada Cards : Sales (In Thousand Riyals),282076.265,JAN 2019,2019-01-01
Monthly,2019,,DEC,E-Commerce Transactions Using Mada Cards : Sales (In Thousand Riyals),1700783.178,DEC 2019,2019-12-01
Monthly,2019,,MAR,E-Commerce Transactions Using Mada Cards : Number of Transactions,1844709.0,MAR 2019,2019-03-01
Monthly,2019,,AUG,E-Commerce Transactions Using Mada Cards : Number of Transactions,3669201.0,AUG 2019,2019-08-01
Annually,2019,,,Total POS :  Sales (In Thousand Riyals),287794256.254685,2019,2019-01-01
Annually,2019,,,POS Transactions Using Near Field Communication Technology : Number of Transactions :  Cards Transactions,809233112.0,2019,2019-01-01
Quarterly,2019,Q3,,Total POS :  Sales (In Thousand Riyals),72138750.0684568,Q3 2019,2019-07-01
Quarterly,2019,Q4,,Total POS :  Sales (In Thousand Riyals),78898524.443,Q4 2019,2019-10-01
Quarterly,2019,Q4,,Total POS :  Number of Points of Sale Terminals,438618.0,Q4 2019,2019-10-01
Quarterly,2019,Q1,,POS Transactions Using Near Field Communication Technology : Number of Transactions :  Mobile Transactions,5150372.0,Q1 2019,2019-01-01
Quarterly,2019,Q2,,POS Transactions Using Near Field Communication Technology : Sales (In Thousand Riyals) :  Sales Using Cards,17040969.256,Q2 2019,2019-04-01
Quarterly,2019,Q1,,E-Commerce Transactions Using Mada Cards : Sales (In Thousand Riyals),1017226.264,Q1 2019,2019-01-01
Quarterly,2019,Q2,,E-Commerce Transactions Using Mada Cards : Sales (In Thousand Riyals),1730288.47043,Q2 2019,2019-04-01
Quarterly,2019,Q4,,E-Commerce Transactions Using Mada Cards : Number of Transactions,16257188.0,Q4 2019,2019-10-01
Monthly,2019,,JAN,Total POS :  Sales (In Thousand Riyals),21381143.87,JAN 2019,2019-01-01
Monthly,2019,,MAY,Total POS :  Sales (In Thousand Riyals),27819738.425,MAY 2019,2019-05-01
Monthly,2019,,AUG,Total POS :  Sales (In Thousand Riyals),23758511.7216126,AUG 2019,2019-08-01
Monthly,2019,,MAR,Total POS :  Number of Transactions,120774628.0,MAR 2019,2019-03-01
Monthly,2019,,DEC,Total POS :  Number of Transactions,180958712.0,DEC 2019,2019-12-01
Monthly,2019,,FEB,Total POS :  Number of Points of Sale Terminals,363244.0,FEB 2019,2019-02-01
Monthly,2019,,MAY,Total POS :  Number of Points of Sale Terminals,387839.0,MAY 2019,2019-05-01
Monthly,2019,,APR,POS Transactions Using Near Field Communication Technology : Number of Transactions :  Mobile Transactions,4362244.0,APR 2019,2019-04-01
Monthly,2019,,JUN,POS Transactions Using Near Field Communication Technology : Number of Transactions :  Mobile Transactions,5732796.0,JUN 2019,2019-06-01
Monthly,2019,,NOV,POS Transactions Using Near Field Communication Technology : Number of Transactions :  Mobile Transactions,18473148.0,NOV 2019,2019-11-01
Monthly,2019,,JAN,POS Transactions Using Near Field Communication Technology : Number of Transactions :  Cards Transactions,33545521.0,JAN 2019,2019-01-01
Monthly,2019,,MAR,POS Transactions Using Near Field Communication Technology : Number of Transactions :  Cards Transactions,44771326.0,MAR 2019,2019-03-01
Monthly,2019,,APR,POS Transactions Using Near Field Communication Technology : Number of Transactions :  Cards Transactions,49869080.0,APR 2019,2019-04-01
Monthly,2019,,MAY,POS Transactions Using Near Field Communication Technology : Number of Transactions :  Cards Transactions,53979002.0,MAY 2019,2019-05-01
Monthly,2019,,JUL,POS Transactions Using Near Field Communication Technology : Number of Transactions :  Cards Transactions,67479640.0,JUL 2019,2019-07-01
Monthly,2019,,JAN,POS Transactions Using Near Field Communication Technology : Sales (In Thousand Riyals) :  Sales Using Mobile,5665.685,JAN 2019,2019-01-01
Monthly,2019,,JUN,POS Transactions Using Near Field Communication Technology : Sales (In Thousand Riyals) :  Sales Using Mobile,525269.441,JUN 2019,2019-06-01
Monthly,2019,,JUL,POS Transactions Using Near Field Communication Technology : Sales (In Thousand Riyals) :  Sales Using Mobile,688102.522,JUL 2019,2019-07-01
Monthly,2019,,SEP,POS Transactions Using Near Field Communication Technology : Sales (In Thousand Riyals) :  Sales Using Mobile,1051765.527,SEP 2019,2019-09-01
Monthly,2019,,JAN,POS Transactions Using Near Field Communication Technology : Sales (In Thousand Riyals) :  Sales Using Cards,1944292.551,JAN 2019,2019-01-01
Monthly,2019,,MAR,E-Commerce Transactions Using Mada Cards : Sales (In Thousand Riyals),440011.364,MAR 2019,2019-03-01
Monthly,2019,,APR,E-Commerce Transactions Using Mada Cards : Sales (In Thousand Riyals),495493.63598,APR 2019,2019-04-01
Monthly,2019,,JUN,E-Commerce Transactions Using Mada Cards : Sales (In Thousand Riyals),610615.25135,JUN 2019,2019-06-01
Monthly,2019,,JUL,E-Commerce Transactions Using Mada Cards : Sales (In Thousand Riyals),881494.198,JUL 2019,2019-07-01
Monthly,2019,,AUG,E-Commerce Transactions Using Mada Cards : Sales (In Thousand Riyals),997319.18326,AUG 2019,2019-08-01
Monthly,2019,,NOV,E-Commerce Transactions Using Mada Cards : Sales (In Thousand Riyals),1482921.51619,NOV 2019,2019-11-01
Monthly,2019,,MAY,E-Commerce Transactions Using Mada Cards : Number of Transactions,2259611.0,MAY 2019,2019-05-01
Monthly,2019,,SEP,E-Commerce Transactions Using Mada Cards : Number of Transactions,4113448.0,SEP 2019,2019-09-01
Monthly,2019,,DEC,E-Commerce Transactions Using Mada Cards : Number of Transactions,6196785.0,DEC 2019,2019-12-01
Annually,2019,,,Total POS :  Number of Transactions,1623002741.0,2019,2019-01-01
Annually,2019,,,Total POS :  Number of Points of Sale Terminals,438618.0,2019,2019-01-01
Annually,2019,,,POS Transactions Using Near Field Communication Technology : Number of Transactions :  Mobile Transactions,106510707.0,2019,2019-01-01
Annually,2019,,,POS Transactions Using Near Field Communication Technology : Sales (In Thousand Riyals) :  Sales Using Mobile,9294167.316,2019,2019-01-01
Annually,2019,,,E-Commerce Transactions Using Mada Cards : Sales (In Thousand Riyals),10251969.79273,2019,2019-01-01
Quarterly,2019,Q2,,Total POS :  Number of Transactions,362372235.0,Q2 2019,2019-04-01
Quarterly,2019,Q2,,Total POS :  Number of Points of Sale Terminals,391828.0,Q2 2019,2019-04-01
Quarterly,2019,Q3,,Total POS :  Number of Points of Sale Terminals,407150.0,Q3 2019,2019-07-01
Quarterly,2019,Q2,,POS Transactions Using Near Field Communication Technology : Number of Transactions :  Mobile Transactions,14620849.0,Q2 2019,2019-04-01
Quarterly,2019,Q3,,POS Transactions Using Near Field Communication Technology : Number of Transactions :  Cards Transactions,225710462.0,Q3 2019,2019-07-01
Quarterly,2019,Q4,,POS Transactions Using Near Field Communication Technology : Sales (In Thousand Riyals) :  Sales Using Cards,35182278.638,Q4 2019,2019-10-01
Quarterly,2019,Q4,,E-Commerce Transactions Using Mada Cards : Sales (In Thousand Riyals),4456331.17383,Q4 2019,2019-10-01
Monthly,2019,,OCT,Total POS :  Sales (In Thousand Riyals),25117701.025,OCT 2019,2019-10-01
Monthly,2019,,DEC,Total POS :  Sales (In Thousand Riyals),27931981.25,DEC 2019,2019-12-01
Monthly,2019,,JAN,Total POS :  Number of Transactions,106357197.0,JAN 2019,2019-01-01
Monthly,2019,,AUG,Total POS :  Number of Transactions,138025343.0,AUG 2019,2019-08-01
Monthly,2019,,OCT,Total POS :  Number of Transactions,164206298.0,OCT 2019,2019-10-01
Monthly,2019,,MAR,Total POS :  Number of Points of Sale Terminals,368744.0,MAR 2019,2019-03-01
Monthly,2019,,OCT,Total POS :  Number of Points of Sale Terminals,421897.0,OCT 2019,2019-10-01
Monthly,2019,,FEB,POS Transactions Using Near Field Communication Technology : Number of Transactions :  Mobile Transactions,996368.0,FEB 2019,2019-02-01
Monthly,2019,,MAR,POS Transactions Using Near Field Communication Technology : Number of Transactions :  Mobile Transactions,4030541.0,MAR 2019,2019-03-01
Monthly,2019,,MAY,POS Transactions Using Near Field Communication Technology : Number of Transactions :  Mobile Transactions,4525809.0,MAY 2019,2019-05-01
Monthly,2019,,SEP,POS Transactions Using Near Field Communication Technology : Number of Transactions :  Mobile Transactions,12145188.0,SEP 2019,2019-09-01
Monthly,2019,,FEB,POS Transactions Using Near Field Communication Technology : Sales (In Thousand Riyals) :  Sales Using Mobile,74727.984,FEB 2019,2019-02-01
Monthly,2019,,OCT,POS Transactions Using Near Field Communication Technology : Sales (In Thousand Riyals) :  Sales Using Cards,10499715.879,OCT 2019,2019-10-01
Monthly,2019,,MAY,E-Commerce Transactions Using Mada Cards : Sales (In Thousand Riyals),624179.5831,MAY 2019,2019-05-01
Monthly,2019,,SEP,E-Commerce Transactions Using Mada Cards : Sales (In Thousand Riyals),1169310.50321,SEP 2019,2019-09-01
Monthly,2019,,FEB,E-Commerce Transactions Using Mada Cards : Number of Transactions,1229939.0,FEB 2019,2019-02-01
Monthly,2019,,APR,E-Commerce Transactions Using Mada Cards : Number of Transactions,2072183.0,APR 2019,2019-04-01
Monthly,2019,,NOV,E-Commerce Transactions Using Mada Cards : Number of Transactions,5366943.0,NOV 2019,2019-11-01
Annually,2019,,,E-Commerce Transactions Using Mada Cards : Number of Transactions,38144136.0,2019,2019-01-01
Quarterly,2019,Q2,,Total POS :  Sales (In Thousand Riyals),72708719.5102279,Q2 2019,2019-04-01
Quarterly,2019,Q1,,Total POS :  Number of Transactions,326126619.0,Q1 2019,2019-01-01
Quarterly,2019,Q4,,POS Transactions Using Near Field Communication Technology : Number of Transactions :  Mobile Transactions,57253374.0,Q4 2019,2019-10-01
Quarterly,2019,Q2,,POS Transactions Using Near Field Communication Technology : Number of Transactions :  Cards Transactions,157974572.0,Q2 2019,2019-04-01
Quarterly,2019,Q3,,POS Transactions Using Near Field Communication Technology : Sales (In Thousand Riyals) :  Sales Using Mobile,2581088.98,Q3 2019,2019-07-01
Quarterly,2019,Q3,,POS Transactions Using Near Field Communication Technology : Sales (In Thousand Riyals) :  Sales Using Cards,24964339.785,Q3 2019,2019-07-01
Quarterly,2019,Q2,,E-Commerce Transactions Using Mada Cards : Number of Transactions,6800455.0,Q2 2019,2019-04-01
Monthly,2019,,FEB,Total POS :  Sales (In Thousand Riyals),19235192.092,FEB 2019,2019-02-01
Monthly,2019,,JUN,Total POS :  Sales (In Thousand Riyals),20760253.0182279,JUN 2019,2019-06-01
Monthly,2019,,FEB,Total POS :  Number of Transactions,98994794.0,FEB 2019,2019-02-01
Monthly,2019,,APR,Total POS :  Number of Points of Sale Terminals,379798.0,APR 2019,2019-04-01
Monthly,2019,,JUN,Total POS :  Number of Points of Sale Terminals,391828.0,JUN 2019,2019-06-01
Monthly,2019,,JUL,Total POS :  Number of Points of Sale Terminals,404239.0,JUL 2019,2019-07-01
Monthly,2019,,SEP,Total POS :  Number of Points of Sale Terminals,407150.0,SEP 2019,2019-09-01
Monthly,2019,,JAN,POS Transactions Using Near Field Communication Technology : Number of Transactions :  Mobile Transactions,123463.0,JAN 2019,2019-01-01
Monthly,2019,,JUL,POS Transactions Using Near Field Communication Technology : Number of Transactions :  Mobile Transactions,7906394.0,JUL 2019,2019-07-01
Monthly,2019,,FEB,POS Transactions Using Near Field Communication Technology : Number of Transactions :  Cards Transactions,34791850.0,FEB 2019,2019-02-01
Monthly,2019,,JUN,POS Transactions Using Near Field Communication Technology : Number of Transactions :  Cards Transactions,54126490.0,JUN 2019,2019-06-01
Monthly,2019,,AUG,POS Transactions Using Near Field Communication Technology : Number of Transactions :  Cards Transactions,73705807.0,AUG 2019,2019-08-01
Monthly,2019,,SEP,POS Transactions Using Near Field Communication Technology : Number of Transactions :  Cards Transactions,84525015.0,SEP 2019,2019-09-01
Monthly,2019,,OCT,POS Transactions Using Near Field Communication Technology : Number of Transactions :  Cards Transactions,97106719.0,OCT 2019,2019-10-01
Monthly,2019,,NOV,POS Transactions Using Near Field Communication Technology : Number of Transactions :  Cards Transactions,103581676.0,NOV 2019,2019-11-01
Monthly,2019,,AUG,POS Transactions Using Near Field Communication Technology : Sales (In Thousand Riyals) :  Sales Using Mobile,841220.931,AUG 2019,2019-08-01
Monthly,2019,,NOV,POS Transactions Using Near Field Communication Technology : Sales (In Thousand Riyals) :  Sales Using Mobile,1568469.221,NOV 2019,2019-11-01
Monthly,2019,,SEP,POS Transactions Using Near Field Communication Technology : Sales (In Thousand Riyals) :  Sales Using Cards,9361143.965,SEP 2019,2019-09-01
Monthly,2019,,OCT,E-Commerce Transactions Using Mada Cards : Sales (In Thousand Riyals),1272626.47964,OCT 2019,2019-10-01
Quarterly,2019,Q1,,Total POS :  Sales (In Thousand Riyals),64048262.233,Q1 2019,2019-01-01
Quarterly,2019,Q3,,Total POS :  Number of Transactions,419030268.0,Q3 2019,2019-07-01
Quarterly,2019,Q4,,Total POS :  Number of Transactions,515473619.0,Q4 2019,2019-10-01
Quarterly,2019,Q1,,Total POS :  Number of Points of Sale Terminals,368744.0,Q1 2019,2019-01-01
Quarterly,2019,Q1,,POS Transactions Using Near Field Communication Technology : Number of Transactions :  Cards Transactions,113108697.0,Q1 2019,2019-01-01
Quarterly,2019,Q4,,POS Transactions Using Near Field Communication Technology : Number of Transactions :  Cards Transactions,312439381.0,Q4 2019,2019-10-01
Quarterly,2019,Q1,,POS Transactions Using Near Field Communication Technology : Sales (In Thousand Riyals) :  Sales Using Mobile,430946.355,Q1 2019,2019-01-01
Quarterly,2019,Q2,,POS Transactions Using Near Field Communication Technology : Sales (In Thousand Riyals) :  Sales Using Mobile,1434392.212,Q2 2019,2019-04-01
Quarterly,2019,Q1,,POS Transactions Using Near Field Communication Technology : Sales (In Thousand Riyals) :  Sales Using Cards,7884723.56,Q1 2019,2019-01-01
Quarterly,2019,Q3,,E-Commerce Transactions Using Mada Cards : Sales (In Thousand Riyals),3048123.88447,Q3 2019,2019-07-01
Quarterly,2019,Q1,,E-Commerce Transactions Using Mada Cards : Number of Transactions,4111599.0,Q1 2019,2019-01-01
Quarterly,2019,Q3,,E-Commerce Transactions Using Mada Cards : Number of Transactions,10974894.0,Q3 2019,2019-07-01
Monthly,2019,,APR,Total POS :  Sales (In Thousand Riyals),24128728.067,APR 2019,2019-04-01
Monthly,2019,,NOV,Total POS :  Sales (In Thousand Riyals),25848842.168,NOV 2019,2019-11-01
Monthly,2019,,APR,Total POS :  Number of Transactions,121526117.0,APR 2019,2019-04-01
Monthly,2019,,NOV,Total POS :  Number of Transactions,170308609.0,NOV 2019,2019-11-01
Monthly,2019,,NOV,Total POS :  Number of Points of Sale Terminals,431175.0,NOV 2019,2019-11-01
Monthly,2019,,DEC,Total POS :  Number of Points of Sale Terminals,438618.0,DEC 2019,2019-12-01
Monthly,2019,,OCT,POS Transactions Using Near Field Communication Technology : Number of Transactions :  Mobile Transactions,16056649.0,OCT 2019,2019-10-01
Monthly,2019,,APR,POS Transactions Using Near Field Communication Technology : Sales (In Thousand Riyals) :  Sales Using Mobile,391424.249,APR 2019,2019-04-01
Monthly,2019,,MAY,POS Transactions Using Near Field Communication Technology : Sales (In Thousand Riyals) :  Sales Using Mobile,517698.522,MAY 2019,2019-05-01
Monthly,2019,,DEC,POS Transactions Using Near Field Communication Technology : Sales (In Thousand Riyals) :  Sales Using Mobile,1971412.586,DEC 2019,2019-12-01
Monthly,2019,,FEB,POS Transactions Using Near Field Communication Technology : Sales (In Thousand Riyals) :  Sales Using Cards,2300115.348,FEB 2019,2019-02-01
Monthly,2019,,MAR,POS Transactions Using Near Field Communication Technology : Sales (In Thousand Riyals) :  Sales Using Cards,3640315.661,MAR 2019,2019-03-01
Monthly,2019,,APR,POS Transactions Using Near Field Communication Technology : Sales (In Thousand Riyals) :  Sales Using Cards,4772639.415,APR 2019,2019-04-01
Monthly,2019,,JUN,POS Transactions Using Near Field Communication Technology : Sales (In Thousand Riyals) :  Sales Using Cards,5756734.649,JUN 2019,2019-06-01
Monthly,2019,,AUG,POS Transactions Using Near Field Communication Technology : Sales (In Thousand Riyals) :  Sales Using Cards,8217066.794,AUG 2019,2019-08-01
Monthly,2019,,NOV,POS Transactions Using Near Field Communication Technology : Sales (In Thousand Riyals) :  Sales Using Cards,11614533.352,NOV 2019,2019-11-01
Monthly,2019,,FEB,E-Commerce Transactions Using Mada Cards : Sales (In Thousand Riyals),295138.635,FEB 2019,2019-02-01
Monthly,2019,,JAN,E-Commerce Transactions Using Mada Cards : Number of Transactions,1036951.0,JAN 2019,2019-01-01
Monthly,2019,,JUN,E-Commerce Transactions Using Mada Cards : Number of Transactions,2468661.0,JUN 2019,2019-06-01
Monthly,2019,,JUL,E-Commerce Transactions Using Mada Cards : Number of Transactions,3192245.0,JUL 2019,2019-07-01
Monthly,2019,,OCT,E-Commerce Transactions Using Mada Cards : Number of Transactions,4693460.0,OCT 2019,2019-10-01
Annually,2018,,,Total POS :  Number of Transactions,1031518190.0,2018,2018-01-01
Quarterly,2018,Q4,,Total POS :  Sales (In Thousand Riyals),61493862.7,Q4 2018,2018-10-01
Monthly,2018,,APR,Total POS :  Sales (In Thousand Riyals),19399555.0,APR 2018,2018-04-01
Monthly,2018,,NOV,Total POS :  Sales (In Thousand Riyals),19869043.9,NOV 2018,2018-11-01
Monthly,2018,,JAN,Total POS :  Number of Transactions,70458812.0,JAN 2018,2018-01-01
Monthly,2018,,JUN,Total POS :  Number of Transactions,80210812.0,JUN 2018,2018-06-01
Monthly,2018,,DEC,Total POS :  Number of Transactions,106907147.0,DEC 2018,2018-12-01
Monthly,2018,,AUG,Total POS :  Number of Points of Sale Terminals,332807.0,AUG 2018,2018-08-01
Monthly,2018,,DEC,Total POS :  Number of Points of Sale Terminals,351645.0,DEC 2018,2018-12-01
Quarterly,2018,Q3,,Total POS :  Number of Transactions,260943113.0,Q3 2018,2018-07-01
Quarterly,2018,Q4,,Total POS :  Number of Transactions,301250338.0,Q4 2018,2018-10-01
Monthly,2018,,AUG,Total POS :  Sales (In Thousand Riyals),19198793.9,AUG 2018,2018-08-01
Monthly,2018,,MAY,Total POS :  Number of Transactions,85957092.0,MAY 2018,2018-05-01
Monthly,2018,,AUG,Total POS :  Number of Transactions,86873424.0,AUG 2018,2018-08-01
Monthly,2018,,MAY,Total POS :  Number of Points of Sale Terminals,323556.0,MAY 2018,2018-05-01
Quarterly,2018,Q3,,Total POS :  Sales (In Thousand Riyals),57688656.3,Q3 2018,2018-07-01
Quarterly,2018,Q1,,Total POS :  Number of Points of Sale Terminals,313180.0,Q1 2018,2018-01-01
Quarterly,2018,Q4,,Total POS :  Number of Points of Sale Terminals,351645.0,Q4 2018,2018-10-01
Monthly,2018,,FEB,Total POS :  Number of Transactions,67726393.0,FEB 2018,2018-02-01
Monthly,2018,,JUL,Total POS :  Number of Transactions,85535661.0,JUL 2018,2018-07-01
Monthly,2018,,SEP,Total POS :  Number of Transactions,88534028.0,SEP 2018,2018-09-01
Monthly,2018,,OCT,Total POS :  Number of Transactions,95900178.0,OCT 2018,2018-10-01
Monthly,2018,,NOV,Total POS :  Number of Transactions,98443013.0,NOV 2018,2018-11-01
Monthly,2018,,JAN,Total POS :  Number of Points of Sale Terminals,307464.0,JAN 2018,2018-01-01
Monthly,2018,,JUL,Total POS :  Number of Points of Sale Terminals,327779.0,JUL 2018,2018-07-01
Monthly,2018,,OCT,Total POS :  Number of Points of Sale Terminals,342575.0,OCT 2018,2018-10-01
Monthly,2018,,NOV,Total POS :  Number of Points of Sale Terminals,348491.0,NOV 2018,2018-11-01
Quarterly,2018,Q1,,Total POS :  Sales (In Thousand Riyals),51361308.0,Q1 2018,2018-01-01
Quarterly,2018,Q2,,Total POS :  Number of Transactions,248620459.0,Q2 2018,2018-04-01
Quarterly,2018,Q2,,Total POS :  Number of Points of Sale Terminals,324300.0,Q2 2018,2018-04-01
Monthly,2018,,FEB,Total POS :  Sales (In Thousand Riyals),15385632.0,FEB 2018,2018-02-01
Monthly,2018,,MAR,Total POS :  Sales (In Thousand Riyals),19538417.0,MAR 2018,2018-03-01
Monthly,2018,,MAR,Total POS :  Number of Transactions,82519075.0,MAR 2018,2018-03-01
Monthly,2018,,APR,Total POS :  Number of Transactions,82452555.0,APR 2018,2018-04-01
Monthly,2018,,FEB,Total POS :  Number of Points of Sale Terminals,312184.0,FEB 2018,2018-02-01
Monthly,2018,,MAR,Total POS :  Number of Points of Sale Terminals,313180.0,MAR 2018,2018-03-01
Monthly,2018,,JUN,Total POS :  Number of Points of Sale Terminals,324300.0,JUN 2018,2018-06-01
Monthly,2018,,SEP,Total POS :  Number of Points of Sale Terminals,339048.0,SEP 2018,2018-09-01
Annually,2018,,,Total POS :  Sales (In Thousand Riyals),232305825.0,2018,2018-01-01
Annually,2018,,,Total POS :  Number of Points of Sale Terminals,351645.0,2018,2018-01-01
Quarterly,2018,Q2,,Total POS :  Sales (In Thousand Riyals),61761998.0,Q2 2018,2018-04-01
Quarterly,2018,Q1,,Total POS :  Number of Transactions,220704280.0,Q1 2018,2018-01-01
Quarterly,2018,Q3,,Total POS :  Number of Points of Sale Terminals,339048.0,Q3 2018,2018-07-01
Monthly,2018,,JAN,Total POS :  Sales (In Thousand Riyals),16437259.0,JAN 2018,2018-01-01
Monthly,2018,,MAY,Total POS :  Sales (In Thousand Riyals),23059987.0,MAY 2018,2018-05-01
Monthly,2018,,JUN,Total POS :  Sales (In Thousand Riyals),19302456.0,JUN 2018,2018-06-01
Monthly,2018,,JUL,Total POS :  Sales (In Thousand Riyals),19180375.8,JUL 2018,2018-07-01
Monthly,2018,,SEP,Total POS :  Sales (In Thousand Riyals),19309486.6,SEP 2018,2018-09-01
Monthly,2018,,OCT,Total POS :  Sales (In Thousand Riyals),19297195.2,OCT 2018,2018-10-01
Monthly,2018,,DEC,Total POS :  Sales (In Thousand Riyals),22327623.6,DEC 2018,2018-12-01
Monthly,2018,,APR,Total POS :  Number of Points of Sale Terminals,315505.0,APR 2018,2018-04-01
Quarterly,2017,Q4,,Total POS :  Sales (In Thousand Riyals),53499667.667,Q4 2017,2017-10-01
Quarterly,2017,Q4,,Total POS :  Number of Transactions,202426295.0,Q4 2017,2017-10-01
Quarterly,2017,Q2,,Total POS :  Number of Points of Sale Terminals,301363.0,Q2 2017,2017-04-01
Quarterly,2017,Q3,,Total POS :  Number of Points of Sale Terminals,297447.0,Q3 2017,2017-07-01
Monthly,2017,,MAR,Total POS :  Sales (In Thousand Riyals),16312754.394,MAR 2017,2017-03-01
Monthly,2017,,SEP,Total POS :  Sales (In Thousand Riyals),15122606.907,SEP 2017,2017-09-01
Monthly,2017,,FEB,Total POS :  Number of Transactions,47419520.0,FEB 2017,2017-02-01
Monthly,2017,,NOV,Total POS :  Number of Transactions,65979920.0,NOV 2017,2017-11-01
Monthly,2017,,NOV,Total POS :  Number of Points of Sale Terminals,303391.0,NOV 2017,2017-11-01
Monthly,2017,,DEC,Total POS :  Number of Points of Sale Terminals,303464.0,DEC 2017,2017-12-01
Quarterly,2017,Q3,,Total POS :  Number of Transactions,173437432.0,Q3 2017,2017-07-01
Monthly,2017,,JAN,Total POS :  Sales (In Thousand Riyals),15754351.635,JAN 2017,2017-01-01
Monthly,2017,,APR,Total POS :  Sales (In Thousand Riyals),16471483.576,APR 2017,2017-04-01
Monthly,2017,,JAN,Total POS :  Number of Transactions,52213447.0,JAN 2017,2017-01-01
Monthly,2017,,OCT,Total POS :  Number of Transactions,64271048.0,OCT 2017,2017-10-01
Monthly,2017,,DEC,Total POS :  Number of Transactions,72175327.0,DEC 2017,2017-12-01
Monthly,2017,,MAR,Total POS :  Number of Points of Sale Terminals,292540.0,MAR 2017,2017-03-01
Monthly,2017,,JUN,Total POS :  Number of Points of Sale Terminals,301363.0,JUN 2017,2017-06-01
Annually,2017,,,Total POS :  Sales (In Thousand Riyals),200467827.104,2017,2017-01-01
Annually,2017,,,Total POS :  Number of Points of Sale Terminals,303464.0,2017,2017-01-01
Quarterly,2017,Q2,,Total POS :  Number of Transactions,177356272.0,Q2 2017,2017-04-01
Monthly,2017,,JUL,Total POS :  Sales (In Thousand Riyals),15304211.36,JUL 2017,2017-07-01
Monthly,2017,,AUG,Total POS :  Sales (In Thousand Riyals),16909260.353,AUG 2017,2017-08-01
Monthly,2017,,DEC,Total POS :  Sales (In Thousand Riyals),20217022.0,DEC 2017,2017-12-01
Monthly,2017,,MAR,Total POS :  Number of Transactions,55266126.0,MAR 2017,2017-03-01
Monthly,2017,,FEB,Total POS :  Number of Points of Sale Terminals,286475.0,FEB 2017,2017-02-01
Monthly,2017,,APR,Total POS :  Number of Points of Sale Terminals,294140.0,APR 2017,2017-04-01
Monthly,2017,,OCT,Total POS :  Number of Points of Sale Terminals,300905.0,OCT 2017,2017-10-01
Annually,2017,,,Total POS :  Number of Transactions,708119092.0,2017,2017-01-01
Quarterly,2017,Q1,,Total POS :  Sales (In Thousand Riyals),46227001.284,Q1 2017,2017-01-01
Quarterly,2017,Q2,,Total POS :  Sales (In Thousand Riyals),53405079.533,Q2 2017,2017-04-01
Quarterly,2017,Q4,,Total POS :  Number of Points of Sale Terminals,303464.0,Q4 2017,2017-10-01
Monthly,2017,,JUN,Total POS :  Sales (In Thousand Riyals),18075795.768,JUN 2017,2017-06-01
Monthly,2017,,OCT,Total POS :  Sales (In Thousand Riyals),16446967.667,OCT 2017,2017-10-01
Monthly,2017,,NOV,Total POS :  Sales (In Thousand Riyals),16835678.0,NOV 2017,2017-11-01
Monthly,2017,,MAY,Total POS :  Number of Transactions,61152539.0,MAY 2017,2017-05-01
Monthly,2017,,JUN,Total POS :  Number of Transactions,60737403.0,JUN 2017,2017-06-01
Monthly,2017,,JUL,Total POS :  Number of Transactions,54433195.0,JUL 2017,2017-07-01
Monthly,2017,,MAY,Total POS :  Number of Points of Sale Terminals,297973.0,MAY 2017,2017-05-01
Monthly,2017,,JUL,Total POS :  Number of Points of Sale Terminals,301234.0,JUL 2017,2017-07-01
Quarterly,2017,Q3,,Total POS :  Sales (In Thousand Riyals),47336078.62,Q3 2017,2017-07-01
Quarterly,2017,Q1,,Total POS :  Number of Transactions,154899093.0,Q1 2017,2017-01-01
Quarterly,2017,Q1,,Total POS :  Number of Points of Sale Terminals,292540.0,Q1 2017,2017-01-01
Monthly,2017,,FEB,Total POS :  Sales (In Thousand Riyals),14159895.255,FEB 2017,2017-02-01
Monthly,2017,,MAY,Total POS :  Sales (In Thousand Riyals),18857800.189,MAY 2017,2017-05-01
Monthly,2017,,APR,Total POS :  Number of Transactions,55466330.0,APR 2017,2017-04-01
Monthly,2017,,AUG,Total POS :  Number of Transactions,62728160.0,AUG 2017,2017-08-01
Monthly,2017,,SEP,Total POS :  Number of Transactions,56276077.0,SEP 2017,2017-09-01
Monthly,2017,,JAN,Total POS :  Number of Points of Sale Terminals,283952.0,JAN 2017,2017-01-01
Monthly,2017,,AUG,Total POS :  Number of Points of Sale Terminals,296646.0,AUG 2017,2017-08-01
Monthly,2017,,SEP,Total POS :  Number of Points of Sale Terminals,297447.0,SEP 2017,2017-09-01
Annually,2016,,,Total POS :  Number of Points of Sale Terminals,267827.0,2016,2016-01-01
Quarterly,2016,Q1,,Total POS :  Sales (In Thousand Riyals),43552661.388,Q1 2016,2016-01-01
Quarterly,2016,Q4,,Total POS :  Number of Points of Sale Terminals,267827.0,Q4 2016,2016-10-01
Monthly,2016,,OCT,Total POS :  Sales (In Thousand Riyals),14299630.845,OCT 2016,2016-10-01
Monthly,2016,,JAN,Total POS :  Number of Transactions,38692210.0,JAN 2016,2016-01-01
Monthly,2016,,JUN,Total POS :  Number of Transactions,47604252.0,JUN 2016,2016-06-01
Monthly,2016,,JUL,Total POS :  Number of Transactions,40052346.0,JUL 2016,2016-07-01
Monthly,2016,,OCT,Total POS :  Number of Transactions,45746087.0,OCT 2016,2016-10-01
Monthly,2016,,JUL,Total POS :  Number of Points of Sale Terminals,255306.0,JUL 2016,2016-07-01
Quarterly,2016,Q3,,Total POS :  Sales (In Thousand Riyals),43102464.309,Q3 2016,2016-07-01
Quarterly,2016,Q4,,Total POS :  Sales (In Thousand Riyals),45374759.962,Q4 2016,2016-10-01
Quarterly,2016,Q4,,Total POS :  Number of Transactions,146830094.0,Q4 2016,2016-10-01
Monthly,2016,,JUL,Total POS :  Sales (In Thousand Riyals),13568342.173,JUL 2016,2016-07-01
Monthly,2016,,SEP,Total POS :  Sales (In Thousand Riyals),14210119.878,SEP 2016,2016-09-01
Monthly,2016,,NOV,Total POS :  Sales (In Thousand Riyals),15294632.598,NOV 2016,2016-11-01
Monthly,2016,,DEC,Total POS :  Sales (In Thousand Riyals),15780496.519,DEC 2016,2016-12-01
Monthly,2016,,DEC,Total POS :  Number of Transactions,52153203.0,DEC 2016,2016-12-01
Monthly,2016,,JAN,Total POS :  Number of Points of Sale Terminals,232380.0,JAN 2016,2016-01-01
Monthly,2016,,MAR,Total POS :  Number of Points of Sale Terminals,249229.0,MAR 2016,2016-03-01
Monthly,2016,,AUG,Total POS :  Number of Points of Sale Terminals,262841.0,AUG 2016,2016-08-01
Monthly,2016,,SEP,Total POS :  Number of Points of Sale Terminals,261828.0,SEP 2016,2016-09-01
Monthly,2016,,OCT,Total POS :  Number of Points of Sale Terminals,262017.0,OCT 2016,2016-10-01
Monthly,2016,,NOV,Total POS :  Number of Points of Sale Terminals,264810.0,NOV 2016,2016-11-01
Monthly,2016,,DEC,Total POS :  Number of Points of Sale Terminals,267827.0,DEC 2016,2016-12-01
Annually,2016,,,Total POS :  Number of Transactions,524569736.0,2016,2016-01-01
Quarterly,2016,Q2,,Total POS :  Sales (In Thousand Riyals),50718792.85,Q2 2016,2016-04-01
Quarterly,2016,Q1,,Total POS :  Number of Transactions,115650451.0,Q1 2016,2016-01-01
Quarterly,2016,Q2,,Total POS :  Number of Points of Sale Terminals,258293.0,Q2 2016,2016-04-01
Monthly,2016,,FEB,Total POS :  Sales (In Thousand Riyals),13478708.063,FEB 2016,2016-02-01
Monthly,2016,,MAR,Total POS :  Sales (In Thousand Riyals),15364729.433,MAR 2016,2016-03-01
Monthly,2016,,JUN,Total POS :  Sales (In Thousand Riyals),18212899.301,JUN 2016,2016-06-01
Monthly,2016,,AUG,Total POS :  Sales (In Thousand Riyals),15324002.258,AUG 2016,2016-08-01
Monthly,2016,,AUG,Total POS :  Number of Transactions,44259330.0,AUG 2016,2016-08-01
Monthly,2016,,SEP,Total POS :  Number of Transactions,43062221.0,SEP 2016,2016-09-01
Monthly,2016,,FEB,Total POS :  Number of Points of Sale Terminals,239585.0,FEB 2016,2016-02-01
Monthly,2016,,APR,Total POS :  Number of Points of Sale Terminals,255874.0,APR 2016,2016-04-01
Monthly,2016,,MAY,Total POS :  Number of Points of Sale Terminals,259060.0,MAY 2016,2016-05-01
Monthly,2016,,JUN,Total POS :  Number of Points of Sale Terminals,258293.0,JUN 2016,2016-06-01
Quarterly,2016,Q1,,Total POS :  Number of Points of Sale Terminals,249229.0,Q1 2016,2016-01-01
Quarterly,2016,Q3,,Total POS :  Number of Points of Sale Terminals,261828.0,Q3 2016,2016-07-01
Monthly,2016,,APR,Total POS :  Sales (In Thousand Riyals),14783145.023,APR 2016,2016-04-01
Monthly,2016,,APR,Total POS :  Number of Transactions,40782271.0,APR 2016,2016-04-01
Monthly,2016,,MAY,Total POS :  Number of Transactions,46328771.0,MAY 2016,2016-05-01
Annually,2016,,,Total POS :  Sales (In Thousand Riyals),182748678.509,2016,2016-01-01
Quarterly,2016,Q2,,Total POS :  Number of Transactions,134715294.0,Q2 2016,2016-04-01
Quarterly,2016,Q3,,Total POS :  Number of Transactions,127373897.0,Q3 2016,2016-07-01
Monthly,2016,,JAN,Total POS :  Sales (In Thousand Riyals),14709223.892,JAN 2016,2016-01-01
Monthly,2016,,MAY,Total POS :  Sales (In Thousand Riyals),17722748.526,MAY 2016,2016-05-01
Monthly,2016,,FEB,Total POS :  Number of Transactions,36435679.0,FEB 2016,2016-02-01
Monthly,2016,,MAR,Total POS :  Number of Transactions,40522562.0,MAR 2016,2016-03-01
Monthly,2016,,NOV,Total POS :  Number of Transactions,48930804.0,NOV 2016,2016-11-01
Quarterly,2015,Q2,,Total POS :  Sales (In Thousand Riyals),44775766.413,Q2 2015,2015-04-01
Quarterly,2015,Q3,,Total POS :  Sales (In Thousand Riyals),41687118.643,Q3 2015,2015-07-01
Quarterly,2015,Q1,,Total POS :  Number of Points of Sale Terminals,156812.0,Q1 2015,2015-01-01
Quarterly,2015,Q2,,Total POS :  Number of Points of Sale Terminals,175300.0,Q2 2015,2015-04-01
Quarterly,2015,Q3,,Total POS :  Number of Points of Sale Terminals,197686.0,Q3 2015,2015-07-01
Monthly,2015,,APR,Total POS :  Sales (In Thousand Riyals),13566169.767,APR 2015,2015-04-01
Monthly,2015,,MAY,Total POS :  Sales (In Thousand Riyals),15145620.361,MAY 2015,2015-05-01
Monthly,2015,,OCT,Total POS :  Sales (In Thousand Riyals),12542228.425,OCT 2015,2015-10-01
Monthly,2015,,NOV,Total POS :  Sales (In Thousand Riyals),13961136.007,NOV 2015,2015-11-01
Monthly,2015,,MAR,Total POS :  Number of Transactions,32793427.0,MAR 2015,2015-03-01
Monthly,2015,,OCT,Total POS :  Number of Transactions,32230687.0,OCT 2015,2015-10-01
Annually,2015,,,Total POS :  Sales (In Thousand Riyals),172835452.755,2015,2015-01-01
Quarterly,2015,Q3,,Total POS :  Number of Transactions,97645958.0,Q3 2015,2015-07-01
Monthly,2015,,JAN,Total POS :  Sales (In Thousand Riyals),14226961.191,JAN 2015,2015-01-01
Monthly,2015,,JUL,Total POS :  Sales (In Thousand Riyals),14467041.476,JUL 2015,2015-07-01
Monthly,2015,,JUN,Total POS :  Number of Transactions,34253633.0,JUN 2015,2015-06-01
Monthly,2015,,JUL,Total POS :  Number of Transactions,32971654.0,JUL 2015,2015-07-01
Monthly,2015,,SEP,Total POS :  Number of Transactions,31813870.0,SEP 2015,2015-09-01
Monthly,2015,,DEC,Total POS :  Number of Transactions,37927109.0,DEC 2015,2015-12-01
Monthly,2015,,APR,Total POS :  Number of Points of Sale Terminals,164161.0,APR 2015,2015-04-01
Monthly,2015,,MAY,Total POS :  Number of Points of Sale Terminals,167418.0,MAY 2015,2015-05-01
Monthly,2015,,JUN,Total POS :  Number of Points of Sale Terminals,175300.0,JUN 2015,2015-06-01
Monthly,2015,,SEP,Total POS :  Number of Points of Sale Terminals,197686.0,SEP 2015,2015-09-01
Monthly,2015,,OCT,Total POS :  Number of Points of Sale Terminals,204175.0,OCT 2015,2015-10-01
Monthly,2015,,NOV,Total POS :  Number of Points of Sale Terminals,215248.0,NOV 2015,2015-11-01
Annually,2015,,,Total POS :  Number of Points of Sale Terminals,225372.0,2015,2015-01-01
Quarterly,2015,Q1,,Total POS :  Sales (In Thousand Riyals),44980794.92,Q1 2015,2015-01-01
Quarterly,2015,Q2,,Total POS :  Number of Transactions,97710518.0,Q2 2015,2015-04-01
Monthly,2015,,FEB,Total POS :  Sales (In Thousand Riyals),15352750.688,FEB 2015,2015-02-01
Monthly,2015,,MAR,Total POS :  Sales (In Thousand Riyals),15401083.041,MAR 2015,2015-03-01
Monthly,2015,,JUN,Total POS :  Sales (In Thousand Riyals),16063976.285,JUN 2015,2015-06-01
Monthly,2015,,JAN,Total POS :  Number of Transactions,32156481.0,JAN 2015,2015-01-01
Monthly,2015,,FEB,Total POS :  Number of Transactions,29603197.0,FEB 2015,2015-02-01
Monthly,2015,,APR,Total POS :  Number of Transactions,30356911.0,APR 2015,2015-04-01
Monthly,2015,,AUG,Total POS :  Number of Transactions,32860434.0,AUG 2015,2015-08-01
Monthly,2015,,JAN,Total POS :  Number of Points of Sale Terminals,143515.0,JAN 2015,2015-01-01
Monthly,2015,,FEB,Total POS :  Number of Points of Sale Terminals,148565.0,FEB 2015,2015-02-01
Monthly,2015,,JUL,Total POS :  Number of Points of Sale Terminals,181351.0,JUL 2015,2015-07-01
Annually,2015,,,Total POS :  Number of Transactions,394915865.0,2015,2015-01-01
Quarterly,2015,Q4,,Total POS :  Sales (In Thousand Riyals),41391772.779,Q4 2015,2015-10-01
Quarterly,2015,Q1,,Total POS :  Number of Transactions,94553105.0,Q1 2015,2015-01-01
Monthly,2015,,SEP,Total POS :  Sales (In Thousand Riyals),12548198.345,SEP 2015,2015-09-01
Monthly,2015,,DEC,Total POS :  Sales (In Thousand Riyals),14888408.347,DEC 2015,2015-12-01
Monthly,2015,,MAY,Total POS :  Number of Transactions,33099974.0,MAY 2015,2015-05-01
Monthly,2015,,NOV,Total POS :  Number of Transactions,34848488.0,NOV 2015,2015-11-01
Monthly,2015,,MAR,Total POS :  Number of Points of Sale Terminals,156812.0,MAR 2015,2015-03-01
Monthly,2015,,DEC,Total POS :  Number of Points of Sale Terminals,225372.0,DEC 2015,2015-12-01
Quarterly,2015,Q4,,Total POS :  Number of Transactions,105006284.0,Q4 2015,2015-10-01
Quarterly,2015,Q4,,Total POS :  Number of Points of Sale Terminals,225372.0,Q4 2015,2015-10-01
Monthly,2015,,AUG,Total POS :  Sales (In Thousand Riyals),14671878.822,AUG 2015,2015-08-01
Monthly,2015,,AUG,Total POS :  Number of Points of Sale Terminals,189727.0,AUG 2015,2015-08-01
Quarterly,2014,Q4,,Total POS :  Number of Transactions,86162701.0,Q4 2014,2014-10-01
Quarterly,2014,Q1,,Total POS :  Number of Points of Sale Terminals,113345.0,Q1 2014,2014-01-01
Quarterly,2014,Q2,,Total POS :  Number of Points of Sale Terminals,121609.0,Q2 2014,2014-04-01
Monthly,2014,,FEB,Total POS :  Sales (In Thousand Riyals),12349140.058,FEB 2014,2014-02-01
Monthly,2014,,OCT,Total POS :  Sales (In Thousand Riyals),11191715.478,OCT 2014,2014-10-01
Monthly,2014,,NOV,Total POS :  Sales (In Thousand Riyals),13269794.652,NOV 2014,2014-11-01
Monthly,2014,,JAN,Total POS :  Number of Transactions,25840402.0,JAN 2014,2014-01-01
Monthly,2014,,NOV,Total POS :  Number of Points of Sale Terminals,134865.0,NOV 2014,2014-11-01
Quarterly,2014,Q1,,Total POS :  Number of Transactions,75133576.0,Q1 2014,2014-01-01
Quarterly,2014,Q3,,Total POS :  Number of Transactions,82821591.0,Q3 2014,2014-07-01
Quarterly,2014,Q3,,Total POS :  Number of Points of Sale Terminals,127939.0,Q3 2014,2014-07-01
Monthly,2014,,MAR,Total POS :  Sales (In Thousand Riyals),13107172.69,MAR 2014,2014-03-01
Monthly,2014,,APR,Total POS :  Sales (In Thousand Riyals),12532993.798,APR 2014,2014-04-01
Monthly,2014,,SEP,Total POS :  Number of Transactions,28061374.0,SEP 2014,2014-09-01
Monthly,2014,,NOV,Total POS :  Number of Transactions,29072435.0,NOV 2014,2014-11-01
Monthly,2014,,APR,Total POS :  Number of Points of Sale Terminals,116236.0,APR 2014,2014-04-01
Monthly,2014,,JUL,Total POS :  Number of Points of Sale Terminals,123780.0,JUL 2014,2014-07-01
Monthly,2014,,DEC,Total POS :  Number of Points of Sale Terminals,138779.0,DEC 2014,2014-12-01
Annually,2014,,,Total POS :  Number of Transactions,327034423.0,2014,2014-01-01
Annually,2014,,,Total POS :  Number of Points of Sale Terminals,138779.0,2014,2014-01-01
Quarterly,2014,Q1,,Total POS :  Sales (In Thousand Riyals),37780585.671,Q1 2014,2014-01-01
Quarterly,2014,Q3,,Total POS :  Sales (In Thousand Riyals),39918300.347,Q3 2014,2014-07-01
Monthly,2014,,AUG,Total POS :  Sales (In Thousand Riyals),12683193.983,AUG 2014,2014-08-01
Monthly,2014,,APR,Total POS :  Number of Transactions,25737435.0,APR 2014,2014-04-01
Monthly,2014,,MAY,Total POS :  Number of Transactions,28280307.0,MAY 2014,2014-05-01
Monthly,2014,,AUG,Total POS :  Number of Transactions,25549767.0,AUG 2014,2014-08-01
Monthly,2014,,SEP,Total POS :  Number of Points of Sale Terminals,127939.0,SEP 2014,2014-09-01
Quarterly,2014,Q4,,Total POS :  Number of Points of Sale Terminals,138779.0,Q4 2014,2014-10-01
Monthly,2014,,MAY,Total POS :  Sales (In Thousand Riyals),13990407.697,MAY 2014,2014-05-01
Monthly,2014,,JUL,Total POS :  Sales (In Thousand Riyals),13869892.107,JUL 2014,2014-07-01
Monthly,2014,,JUN,Total POS :  Number of Transactions,28898813.0,JUN 2014,2014-06-01
Monthly,2014,,JUL,Total POS :  Number of Transactions,29210450.0,JUL 2014,2014-07-01
Monthly,2014,,DEC,Total POS :  Number of Transactions,30814513.0,DEC 2014,2014-12-01
Monthly,2014,,JAN,Total POS :  Number of Points of Sale Terminals,109393.0,JAN 2014,2014-01-01
Monthly,2014,,FEB,Total POS :  Number of Points of Sale Terminals,110966.0,FEB 2014,2014-02-01
Monthly,2014,,AUG,Total POS :  Number of Points of Sale Terminals,125205.0,AUG 2014,2014-08-01
Annually,2014,,,Total POS :  Sales (In Thousand Riyals),159970264.476,2014,2014-01-01
Quarterly,2014,Q2,,Total POS :  Sales (In Thousand Riyals),43486496.572,Q2 2014,2014-04-01
Quarterly,2014,Q4,,Total POS :  Sales (In Thousand Riyals),38784881.886,Q4 2014,2014-10-01
Quarterly,2014,Q2,,Total POS :  Number of Transactions,82916555.0,Q2 2014,2014-04-01
Monthly,2014,,JAN,Total POS :  Sales (In Thousand Riyals),12324272.923,JAN 2014,2014-01-01
Monthly,2014,,JUN,Total POS :  Sales (In Thousand Riyals),16963095.077,JUN 2014,2014-06-01
Monthly,2014,,SEP,Total POS :  Sales (In Thousand Riyals),13365214.257,SEP 2014,2014-09-01
Monthly,2014,,DEC,Total POS :  Sales (In Thousand Riyals),14323371.756,DEC 2014,2014-12-01
Monthly,2014,,FEB,Total POS :  Number of Transactions,22608024.0,FEB 2014,2014-02-01
Monthly,2014,,MAR,Total POS :  Number of Transactions,26685150.0,MAR 2014,2014-03-01
Monthly,2014,,OCT,Total POS :  Number of Transactions,26275753.0,OCT 2014,2014-10-01
Monthly,2014,,MAR,Total POS :  Number of Points of Sale Terminals,113345.0,MAR 2014,2014-03-01
Monthly,2014,,MAY,Total POS :  Number of Points of Sale Terminals,118844.0,MAY 2014,2014-05-01
Monthly,2014,,JUN,Total POS :  Number of Points of Sale Terminals,121609.0,JUN 2014,2014-06-01
Monthly,2014,,OCT,Total POS :  Number of Points of Sale Terminals,130273.0,OCT 2014,2014-10-01
Quarterly,2013,Q2,,Total POS :  Number of Points of Sale Terminals,100530.0,Q2 2013,2013-04-01
Monthly,2013,,APR,Total POS :  Sales (In Thousand Riyals),11133601.231,APR 2013,2013-04-01
Monthly,2013,,FEB,Total POS :  Number of Points of Sale Terminals,93988.0,FEB 2013,2013-02-01
Monthly,2013,,JUN,Total POS :  Number of Points of Sale Terminals,100530.0,JUN 2013,2013-06-01
Monthly,2013,,JUL,Total POS :  Number of Points of Sale Terminals,102410.0,JUL 2013,2013-07-01
Monthly,2013,,DEC,Total POS :  Number of Points of Sale Terminals,107763.0,DEC 2013,2013-12-01
Quarterly,2013,Q4,,Total POS :  Sales (In Thousand Riyals),32727124.253,Q4 2013,2013-10-01
Quarterly,2013,Q2,,Total POS :  Number of Transactions,65966521.0,Q2 2013,2013-04-01
Quarterly,2013,Q3,,Total POS :  Number of Transactions,66776128.0,Q3 2013,2013-07-01
Quarterly,2013,Q1,,Total POS :  Number of Points of Sale Terminals,95969.0,Q1 2013,2013-01-01
Monthly,2013,,JAN,Total POS :  Sales (In Thousand Riyals),10846007.029,JAN 2013,2013-01-01
Monthly,2013,,MAY,Total POS :  Sales (In Thousand Riyals),12136983.802,MAY 2013,2013-05-01
Monthly,2013,,MAY,Total POS :  Number of Transactions,22847865.0,MAY 2013,2013-05-01
Monthly,2013,,NOV,Total POS :  Number of Transactions,22460705.0,NOV 2013,2013-11-01
Monthly,2013,,DEC,Total POS :  Number of Transactions,24847135.0,DEC 2013,2013-12-01
Monthly,2013,,OCT,Total POS :  Number of Points of Sale Terminals,105249.0,OCT 2013,2013-10-01
Monthly,2013,,NOV,Total POS :  Number of Points of Sale Terminals,105736.0,NOV 2013,2013-11-01
Annually,2013,,,Total POS :  Number of Points of Sale Terminals,107763.0,2013,2013-01-01
Quarterly,2013,Q3,,Total POS :  Sales (In Thousand Riyals),33583792.939,Q3 2013,2013-07-01
Quarterly,2013,Q1,,Total POS :  Number of Transactions,62789641.0,Q1 2013,2013-01-01
Quarterly,2013,Q4,,Total POS :  Number of Transactions,69783583.0,Q4 2013,2013-10-01
Monthly,2013,,FEB,Total POS :  Sales (In Thousand Riyals),9949796.4,FEB 2013,2013-02-01
Monthly,2013,,AUG,Total POS :  Sales (In Thousand Riyals),10067428.639,AUG 2013,2013-08-01
Monthly,2013,,NOV,Total POS :  Sales (In Thousand Riyals),10212571.491,NOV 2013,2013-11-01
Monthly,2013,,APR,Total POS :  Number of Transactions,20493585.0,APR 2013,2013-04-01
Monthly,2013,,MAY,Total POS :  Number of Points of Sale Terminals,98818.0,MAY 2013,2013-05-01
Monthly,2013,,AUG,Total POS :  Number of Points of Sale Terminals,103212.0,AUG 2013,2013-08-01
Monthly,2013,,SEP,Total POS :  Number of Points of Sale Terminals,104474.0,SEP 2013,2013-09-01
Annually,2013,,,Total POS :  Sales (In Thousand Riyals),134194183.415,2013,2013-01-01
Quarterly,2013,Q2,,Total POS :  Sales (In Thousand Riyals),35701698.454,Q2 2013,2013-04-01
Quarterly,2013,Q4,,Total POS :  Number of Points of Sale Terminals,107763.0,Q4 2013,2013-10-01
Monthly,2013,,MAR,Total POS :  Sales (In Thousand Riyals),11385764.34,MAR 2013,2013-03-01
Monthly,2013,,JUN,Total POS :  Sales (In Thousand Riyals),12431113.421,JUN 2013,2013-06-01
Monthly,2013,,OCT,Total POS :  Sales (In Thousand Riyals),10448783.06,OCT 2013,2013-10-01
Monthly,2013,,DEC,Total POS :  Sales (In Thousand Riyals),12065769.702,DEC 2013,2013-12-01
Monthly,2013,,JAN,Total POS :  Number of Transactions,21844724.0,JAN 2013,2013-01-01
Monthly,2013,,FEB,Total POS :  Number of Transactions,19180078.0,FEB 2013,2013-02-01
Monthly,2013,,MAR,Total POS :  Number of Transactions,21764839.0,MAR 2013,2013-03-01
Monthly,2013,,JUN,Total POS :  Number of Transactions,22625071.0,JUN 2013,2013-06-01
Monthly,2013,,AUG,Total POS :  Number of Transactions,20705315.0,AUG 2013,2013-08-01
Monthly,2013,,OCT,Total POS :  Number of Transactions,22475743.0,OCT 2013,2013-10-01
Monthly,2013,,JAN,Total POS :  Number of Points of Sale Terminals,92938.0,JAN 2013,2013-01-01
Monthly,2013,,APR,Total POS :  Number of Points of Sale Terminals,97570.0,APR 2013,2013-04-01
Annually,2013,,,Total POS :  Number of Transactions,265315873.0,2013,2013-01-01
Quarterly,2013,Q1,,Total POS :  Sales (In Thousand Riyals),32181567.769,Q1 2013,2013-01-01
Quarterly,2013,Q3,,Total POS :  Number of Points of Sale Terminals,104474.0,Q3 2013,2013-07-01
Monthly,2013,,JUL,Total POS :  Sales (In Thousand Riyals),12659448.16,JUL 2013,2013-07-01
Monthly,2013,,SEP,Total POS :  Sales (In Thousand Riyals),10856916.14,SEP 2013,2013-09-01
Monthly,2013,,JUL,Total POS :  Number of Transactions,24386820.0,JUL 2013,2013-07-01
Monthly,2013,,SEP,Total POS :  Number of Transactions,21683993.0,SEP 2013,2013-09-01
Monthly,2013,,MAR,Total POS :  Number of Points of Sale Terminals,95969.0,MAR 2013,2013-03-01
Annually,2012,,,Total POS :  Number of Points of Sale Terminals,92538.0,2012,2012-01-01
Quarterly,2012,Q4,,Total POS :  Sales (In Thousand Riyals),31124036.0,Q4 2012,2012-10-01
Quarterly,2012,Q3,,Total POS :  Number of Transactions,60234621.0,Q3 2012,2012-07-01
Quarterly,2012,Q4,,Total POS :  Number of Transactions,63458525.0,Q4 2012,2012-10-01
Quarterly,2012,Q1,,Total POS :  Number of Points of Sale Terminals,83841.0,Q1 2012,2012-01-01
Quarterly,2012,Q3,,Total POS :  Number of Points of Sale Terminals,90152.0,Q3 2012,2012-07-01
Quarterly,2012,Q4,,Total POS :  Number of Points of Sale Terminals,92538.0,Q4 2012,2012-10-01
Monthly,2012,,JAN,Total POS :  Sales (In Thousand Riyals),9320957.0,JAN 2012,2012-01-01
Monthly,2012,,JUL,Total POS :  Sales (In Thousand Riyals),11028136.0,JUL 2012,2012-07-01
Monthly,2012,,JUN,Total POS :  Number of Transactions,20358339.0,JUN 2012,2012-06-01
Monthly,2012,,SEP,Total POS :  Number of Transactions,18853036.0,SEP 2012,2012-09-01
Monthly,2012,,MAR,Total POS :  Number of Points of Sale Terminals,83841.0,MAR 2012,2012-03-01
Monthly,2012,,APR,Total POS :  Number of Points of Sale Terminals,84601.0,APR 2012,2012-04-01
Monthly,2012,,MAY,Total POS :  Number of Points of Sale Terminals,86339.0,MAY 2012,2012-05-01
Annually,2012,,,Total POS :  Number of Transactions,237945994.0,2012,2012-01-01
Quarterly,2012,Q2,,Total POS :  Sales (In Thousand Riyals),31751883.0,Q2 2012,2012-04-01
Quarterly,2012,Q3,,Total POS :  Sales (In Thousand Riyals),31074583.0,Q3 2012,2012-07-01
Monthly,2012,,APR,Total POS :  Sales (In Thousand Riyals),9717625.0,APR 2012,2012-04-01
Monthly,2012,,MAY,Total POS :  Sales (In Thousand Riyals),10866836.0,MAY 2012,2012-05-01
Monthly,2012,,AUG,Total POS :  Sales (In Thousand Riyals),10356377.0,AUG 2012,2012-08-01
Monthly,2012,,SEP,Total POS :  Sales (In Thousand Riyals),9690070.0,SEP 2012,2012-09-01
Monthly,2012,,OCT,Total POS :  Sales (In Thousand Riyals),10251748.0,OCT 2012,2012-10-01
Monthly,2012,,DEC,Total POS :  Sales (In Thousand Riyals),11380770.0,DEC 2012,2012-12-01
Monthly,2012,,DEC,Total POS :  Number of Transactions,22558191.0,DEC 2012,2012-12-01
Annually,2012,,,Total POS :  Sales (In Thousand Riyals),122225709.0,2012,2012-01-01
Quarterly,2012,Q2,,Total POS :  Number of Transactions,59671636.0,Q2 2012,2012-04-01
Quarterly,2012,Q2,,Total POS :  Number of Points of Sale Terminals,87181.0,Q2 2012,2012-04-01
Monthly,2012,,FEB,Total POS :  Sales (In Thousand Riyals),8916097.0,FEB 2012,2012-02-01
Monthly,2012,,MAR,Total POS :  Number of Transactions,19397579.0,MAR 2012,2012-03-01
Monthly,2012,,NOV,Total POS :  Number of Transactions,19707631.0,NOV 2012,2012-11-01
Monthly,2012,,JAN,Total POS :  Number of Points of Sale Terminals,83356.0,JAN 2012,2012-01-01
Monthly,2012,,JUN,Total POS :  Number of Points of Sale Terminals,87181.0,JUN 2012,2012-06-01
Monthly,2012,,JUL,Total POS :  Number of Points of Sale Terminals,88503.0,JUL 2012,2012-07-01
Monthly,2012,,SEP,Total POS :  Number of Points of Sale Terminals,90152.0,SEP 2012,2012-09-01
Monthly,2012,,MAR,Total POS :  Sales (In Thousand Riyals),10038153.0,MAR 2012,2012-03-01
Monthly,2012,,JUN,Total POS :  Sales (In Thousand Riyals),11167422.0,JUN 2012,2012-06-01
Monthly,2012,,NOV,Total POS :  Sales (In Thousand Riyals),9491518.0,NOV 2012,2012-11-01
Monthly,2012,,JAN,Total POS :  Number of Transactions,17987084.0,JAN 2012,2012-01-01
Monthly,2012,,OCT,Total POS :  Number of Points of Sale Terminals,91476.0,OCT 2012,2012-10-01
Monthly,2012,,NOV,Total POS :  Number of Points of Sale Terminals,91716.0,NOV 2012,2012-11-01
Quarterly,2012,Q1,,Total POS :  Sales (In Thousand Riyals),28275207.0,Q1 2012,2012-01-01
Quarterly,2012,Q1,,Total POS :  Number of Transactions,54581212.0,Q1 2012,2012-01-01
Monthly,2012,,FEB,Total POS :  Number of Transactions,17196549.0,FEB 2012,2012-02-01
Monthly,2012,,APR,Total POS :  Number of Transactions,19033341.0,APR 2012,2012-04-01
Monthly,2012,,MAY,Total POS :  Number of Transactions,20279956.0,MAY 2012,2012-05-01
Monthly,2012,,JUL,Total POS :  Number of Transactions,20608135.0,JUL 2012,2012-07-01
Monthly,2012,,AUG,Total POS :  Number of Transactions,20773450.0,AUG 2012,2012-08-01
Monthly,2012,,OCT,Total POS :  Number of Transactions,21192703.0,OCT 2012,2012-10-01
Monthly,2012,,FEB,Total POS :  Number of Points of Sale Terminals,83097.0,FEB 2012,2012-02-01
Monthly,2012,,AUG,Total POS :  Number of Points of Sale Terminals,89257.0,AUG 2012,2012-08-01
Monthly,2012,,DEC,Total POS :  Number of Points of Sale Terminals,92538.0,DEC 2012,2012-12-01
Quarterly,2011,Q1,,Total POS :  Number of Transactions,41784936.0,Q1 2011,2011-01-01
Quarterly,2011,Q4,,Total POS :  Number of Transactions,51085804.0,Q4 2011,2011-10-01
Monthly,2011,,SEP,Total POS :  Sales (In Thousand Riyals),7737668.0,SEP 2011,2011-09-01
Monthly,2011,,DEC,Total POS :  Number of Transactions,17790424.0,DEC 2011,2011-12-01
Monthly,2011,,FEB,Total POS :  Number of Points of Sale Terminals,81476.0,FEB 2011,2011-02-01
Monthly,2011,,MAR,Total POS :  Number of Points of Sale Terminals,81292.0,MAR 2011,2011-03-01
Monthly,2011,,APR,Total POS :  Number of Points of Sale Terminals,81390.0,APR 2011,2011-04-01
Monthly,2011,,MAY,Total POS :  Number of Points of Sale Terminals,82921.0,MAY 2011,2011-05-01
Monthly,2011,,AUG,Total POS :  Number of Points of Sale Terminals,87842.0,AUG 2011,2011-08-01
Monthly,2011,,DEC,Total POS :  Number of Points of Sale Terminals,88793.0,DEC 2011,2011-12-01
Quarterly,2011,Q2,,Total POS :  Sales (In Thousand Riyals),27142517.0,Q2 2011,2011-04-01
Quarterly,2011,Q3,,Total POS :  Number of Points of Sale Terminals,86954.0,Q3 2011,2011-07-01
Monthly,2011,,APR,Total POS :  Sales (In Thousand Riyals),9105802.0,APR 2011,2011-04-01
Monthly,2011,,NOV,Total POS :  Sales (In Thousand Riyals),7473237.0,NOV 2011,2011-11-01
Monthly,2011,,FEB,Total POS :  Number of Transactions,12747236.0,FEB 2011,2011-02-01
Monthly,2011,,APR,Total POS :  Number of Transactions,15903295.0,APR 2011,2011-04-01
Monthly,2011,,SEP,Total POS :  Number of Points of Sale Terminals,86954.0,SEP 2011,2011-09-01
Quarterly,2011,Q1,,Total POS :  Sales (In Thousand Riyals),20526036.0,Q1 2011,2011-01-01
Quarterly,2011,Q2,,Total POS :  Number of Transactions,48525832.0,Q2 2011,2011-04-01
Quarterly,2011,Q3,,Total POS :  Number of Transactions,48904909.0,Q3 2011,2011-07-01
Quarterly,2011,Q1,,Total POS :  Number of Points of Sale Terminals,81292.0,Q1 2011,2011-01-01
Monthly,2011,,JAN,Total POS :  Sales (In Thousand Riyals),6513502.0,JAN 2011,2011-01-01
Monthly,2011,,MAR,Total POS :  Sales (In Thousand Riyals),7718478.0,MAR 2011,2011-03-01
Monthly,2011,,JUN,Total POS :  Sales (In Thousand Riyals),9167759.0,JUN 2011,2011-06-01
Monthly,2011,,OCT,Total POS :  Sales (In Thousand Riyals),8937940.0,OCT 2011,2011-10-01
Monthly,2011,,JAN,Total POS :  Number of Transactions,13911148.0,JAN 2011,2011-01-01
Monthly,2011,,MAY,Total POS :  Number of Transactions,16249618.0,MAY 2011,2011-05-01
Monthly,2011,,JUN,Total POS :  Number of Transactions,16372919.0,JUN 2011,2011-06-01
Monthly,2011,,AUG,Total POS :  Number of Transactions,17029694.0,AUG 2011,2011-08-01
Monthly,2011,,JAN,Total POS :  Number of Points of Sale Terminals,80964.0,JAN 2011,2011-01-01
Annually,2011,,,Total POS :  Sales (In Thousand Riyals),98904916.0,2011,2011-01-01
Annually,2011,,,Total POS :  Number of Transactions,190301481.0,2011,2011-01-01
Annually,2011,,,Total POS :  Number of Points of Sale Terminals,88793.0,2011,2011-01-01
Quarterly,2011,Q3,,Total POS :  Sales (In Thousand Riyals),25837271.0,Q3 2011,2011-07-01
Quarterly,2011,Q2,,Total POS :  Number of Points of Sale Terminals,84473.0,Q2 2011,2011-04-01
Quarterly,2011,Q4,,Total POS :  Number of Points of Sale Terminals,88793.0,Q4 2011,2011-10-01
Monthly,2011,,MAY,Total POS :  Sales (In Thousand Riyals),8868956.0,MAY 2011,2011-05-01
Monthly,2011,,AUG,Total POS :  Sales (In Thousand Riyals),8722845.0,AUG 2011,2011-08-01
Monthly,2011,,NOV,Total POS :  Number of Transactions,16008107.0,NOV 2011,2011-11-01
Monthly,2011,,JUL,Total POS :  Number of Points of Sale Terminals,85867.0,JUL 2011,2011-07-01
Monthly,2011,,OCT,Total POS :  Number of Points of Sale Terminals,86017.0,OCT 2011,2011-10-01
Monthly,2011,,NOV,Total POS :  Number of Points of Sale Terminals,87056.0,NOV 2011,2011-11-01
Quarterly,2011,Q4,,Total POS :  Sales (In Thousand Riyals),25399092.0,Q4 2011,2011-10-01
Monthly,2011,,FEB,Total POS :  Sales (In Thousand Riyals),6294056.0,FEB 2011,2011-02-01
Monthly,2011,,JUL,Total POS :  Sales (In Thousand Riyals),9376758.0,JUL 2011,2011-07-01
Monthly,2011,,DEC,Total POS :  Sales (In Thousand Riyals),8987915.0,DEC 2011,2011-12-01
Monthly,2011,,MAR,Total POS :  Number of Transactions,15126552.0,MAR 2011,2011-03-01
Monthly,2011,,JUL,Total POS :  Number of Transactions,16977715.0,JUL 2011,2011-07-01
Monthly,2011,,SEP,Total POS :  Number of Transactions,14897500.0,SEP 2011,2011-09-01
Monthly,2011,,OCT,Total POS :  Number of Transactions,17287273.0,OCT 2011,2011-10-01
Monthly,2011,,JUN,Total POS :  Number of Points of Sale Terminals,84473.0,JUN 2011,2011-06-01
Annually,2010,,,Total POS :  Number of Transactions,151183608.0,2010,2010-01-01
Quarterly,2010,Q3,,Total POS :  Sales (In Thousand Riyals),18839273.0,Q3 2010,2010-07-01
Monthly,2010,,AUG,Total POS :  Sales (In Thousand Riyals),6517819.0,AUG 2010,2010-08-01
Monthly,2010,,OCT,Total POS :  Sales (In Thousand Riyals),6147532.0,OCT 2010,2010-10-01
Monthly,2010,,JAN,Total POS :  Number of Transactions,11480658.0,JAN 2010,2010-01-01
Monthly,2010,,FEB,Total POS :  Number of Transactions,10864976.0,FEB 2010,2010-02-01
Monthly,2010,,MAR,Total POS :  Number of Transactions,12171527.0,MAR 2010,2010-03-01
Monthly,2010,,MAY,Total POS :  Number of Transactions,12776998.0,MAY 2010,2010-05-01
Monthly,2010,,JUL,Total POS :  Number of Transactions,13480546.0,JUL 2010,2010-07-01
Monthly,2010,,AUG,Total POS :  Number of Transactions,13307491.0,AUG 2010,2010-08-01
Monthly,2010,,AUG,Total POS :  Number of Points of Sale Terminals,74526.0,AUG 2010,2010-08-01
Monthly,2010,,SEP,Total POS :  Number of Points of Sale Terminals,74792.0,SEP 2010,2010-09-01
Annually,2010,,,Total POS :  Sales (In Thousand Riyals),71855105.0,2010,2010-01-01
Quarterly,2010,Q1,,Total POS :  Number of Points of Sale Terminals,70469.0,Q1 2010,2010-01-01
Quarterly,2010,Q3,,Total POS :  Number of Points of Sale Terminals,74792.0,Q3 2010,2010-07-01
Monthly,2010,,FEB,Total POS :  Sales (In Thousand Riyals),5185648.0,FEB 2010,2010-02-01
Monthly,2010,,MAY,Total POS :  Sales (In Thousand Riyals),6258520.0,MAY 2010,2010-05-01
Monthly,2010,,NOV,Total POS :  Sales (In Thousand Riyals),5834669.0,NOV 2010,2010-11-01
Monthly,2010,,SEP,Total POS :  Number of Transactions,12074009.0,SEP 2010,2010-09-01
Monthly,2010,,NOV,Total POS :  Number of Transactions,13067645.0,NOV 2010,2010-11-01
Monthly,2010,,FEB,Total POS :  Number of Points of Sale Terminals,71504.0,FEB 2010,2010-02-01
Monthly,2010,,MAR,Total POS :  Number of Points of Sale Terminals,70469.0,MAR 2010,2010-03-01
Monthly,2010,,OCT,Total POS :  Number of Points of Sale Terminals,76091.0,OCT 2010,2010-10-01
Monthly,2010,,DEC,Total POS :  Number of Points of Sale Terminals,80505.0,DEC 2010,2010-12-01
Quarterly,2010,Q2,,Total POS :  Sales (In Thousand Riyals),18572798.0,Q2 2010,2010-04-01
Quarterly,2010,Q2,,Total POS :  Number of Transactions,37766806.0,Q2 2010,2010-04-01
Monthly,2010,,JAN,Total POS :  Sales (In Thousand Riyals),5079858.0,JAN 2010,2010-01-01
Monthly,2010,,MAR,Total POS :  Sales (In Thousand Riyals),5865807.0,MAR 2010,2010-03-01
Monthly,2010,,APR,Total POS :  Sales (In Thousand Riyals),5777934.0,APR 2010,2010-04-01
Monthly,2010,,JUL,Total POS :  Sales (In Thousand Riyals),6763225.0,JUL 2010,2010-07-01
Monthly,2010,,SEP,Total POS :  Sales (In Thousand Riyals),5558229.0,SEP 2010,2010-09-01
Monthly,2010,,APR,Total POS :  Number of Transactions,12066711.0,APR 2010,2010-04-01
Monthly,2010,,JUN,Total POS :  Number of Transactions,12923097.0,JUN 2010,2010-06-01
Monthly,2010,,DEC,Total POS :  Number of Transactions,13853125.0,DEC 2010,2010-12-01
Monthly,2010,,JAN,Total POS :  Number of Points of Sale Terminals,71707.0,JAN 2010,2010-01-01
Monthly,2010,,JUN,Total POS :  Number of Points of Sale Terminals,73855.0,JUN 2010,2010-06-01
Annually,2010,,,Total POS :  Number of Points of Sale Terminals,80505.0,2010,2010-01-01
Quarterly,2010,Q1,,Total POS :  Sales (In Thousand Riyals),16131313.0,Q1 2010,2010-01-01
Quarterly,2010,Q1,,Total POS :  Number of Transactions,34517161.0,Q1 2010,2010-01-01
Quarterly,2010,Q3,,Total POS :  Number of Transactions,38862046.0,Q3 2010,2010-07-01
Quarterly,2010,Q4,,Total POS :  Number of Transactions,40037595.0,Q4 2010,2010-10-01
Quarterly,2010,Q4,,Total POS :  Number of Points of Sale Terminals,80505.0,Q4 2010,2010-10-01
Monthly,2010,,DEC,Total POS :  Sales (In Thousand Riyals),6329520.0,DEC 2010,2010-12-01
Monthly,2010,,OCT,Total POS :  Number of Transactions,13116825.0,OCT 2010,2010-10-01
Monthly,2010,,APR,Total POS :  Number of Points of Sale Terminals,71544.0,APR 2010,2010-04-01
Monthly,2010,,JUL,Total POS :  Number of Points of Sale Terminals,72039.0,JUL 2010,2010-07-01
Monthly,2010,,NOV,Total POS :  Number of Points of Sale Terminals,78459.0,NOV 2010,2010-11-01
Quarterly,2010,Q4,,Total POS :  Sales (In Thousand Riyals),18311721.0,Q4 2010,2010-10-01
Quarterly,2010,Q2,,Total POS :  Number of Points of Sale Terminals,73855.0,Q2 2010,2010-04-01
Monthly,2010,,JUN,Total POS :  Sales (In Thousand Riyals),6536344.0,JUN 2010,2010-06-01
Monthly,2010,,MAY,Total POS :  Number of Points of Sale Terminals,73520.0,MAY 2010,2010-05-01
Quarterly,2009,Q1,,Total POS :  Sales (In Thousand Riyals),13186543.0,Q1 2009,2009-01-01
Quarterly,2009,Q2,,Total POS :  Number of Points of Sale Terminals,75269.0,Q2 2009,2009-04-01
Quarterly,2009,Q4,,Total POS :  Number of Points of Sale Terminals,82620.0,Q4 2009,2009-10-01
Monthly,2009,,MAY,Total POS :  Number of Transactions,10009510.0,MAY 2009,2009-05-01
Monthly,2009,,JUL,Total POS :  Number of Transactions,10653987.0,JUL 2009,2009-07-01
Monthly,2009,,AUG,Total POS :  Number of Transactions,10711616.0,AUG 2009,2009-08-01
Monthly,2009,,NOV,Total POS :  Number of Transactions,10854582.0,NOV 2009,2009-11-01
Monthly,2009,,DEC,Total POS :  Number of Transactions,10937794.0,DEC 2009,2009-12-01
Monthly,2009,,FEB,Total POS :  Number of Points of Sale Terminals,74454.0,FEB 2009,2009-02-01
Monthly,2009,,MAY,Total POS :  Number of Points of Sale Terminals,74668.0,MAY 2009,2009-05-01
Monthly,2009,,SEP,Total POS :  Number of Points of Sale Terminals,75241.0,SEP 2009,2009-09-01
Monthly,2009,,NOV,Total POS :  Number of Points of Sale Terminals,72636.0,NOV 2009,2009-11-01
Monthly,2009,,DEC,Total POS :  Number of Points of Sale Terminals,82620.0,DEC 2009,2009-12-01
Annually,2009,,,Total POS :  Sales (In Thousand Riyals),56256358.0,2009,2009-01-01
Quarterly,2009,Q4,,Total POS :  Sales (In Thousand Riyals),14423300.0,Q4 2009,2009-10-01
Quarterly,2009,Q1,,Total POS :  Number of Points of Sale Terminals,74291.0,Q1 2009,2009-01-01
Monthly,2009,,FEB,Total POS :  Sales (In Thousand Riyals),4218856.0,FEB 2009,2009-02-01
Monthly,2009,,AUG,Total POS :  Sales (In Thousand Riyals),4986233.0,AUG 2009,2009-08-01
Monthly,2009,,SEP,Total POS :  Sales (In Thousand Riyals),4467704.0,SEP 2009,2009-09-01
Monthly,2009,,OCT,Total POS :  Number of Transactions,10680715.0,OCT 2009,2009-10-01
Monthly,2009,,MAR,Total POS :  Number of Points of Sale Terminals,74291.0,MAR 2009,2009-03-01
Annually,2009,,,Total POS :  Number of Transactions,124830388.0,2009,2009-01-01
Quarterly,2009,Q1,,Total POS :  Number of Transactions,30657266.0,Q1 2009,2009-01-01
Monthly,2009,,MAR,Total POS :  Sales (In Thousand Riyals),4761912.0,MAR 2009,2009-03-01
Monthly,2009,,APR,Total POS :  Sales (In Thousand Riyals),4863755.0,APR 2009,2009-04-01
Monthly,2009,,MAY,Total POS :  Sales (In Thousand Riyals),4555793.0,MAY 2009,2009-05-01
Monthly,2009,,JUN,Total POS :  Sales (In Thousand Riyals),4552092.0,JUN 2009,2009-06-01
Monthly,2009,,JUL,Total POS :  Sales (In Thousand Riyals),5220938.0,JUL 2009,2009-07-01
Monthly,2009,,OCT,Total POS :  Sales (In Thousand Riyals),4867427.0,OCT 2009,2009-10-01
Monthly,2009,,JUN,Total POS :  Number of Transactions,9634797.0,JUN 2009,2009-06-01
Monthly,2009,,JAN,Total POS :  Number of Points of Sale Terminals,73347.0,JAN 2009,2009-01-01
Monthly,2009,,AUG,Total POS :  Number of Points of Sale Terminals,76104.0,AUG 2009,2009-08-01
Annually,2009,,,Total POS :  Number of Points of Sale Terminals,82620.0,2009,2009-01-01
Quarterly,2009,Q3,,Total POS :  Sales (In Thousand Riyals),14674875.0,Q3 2009,2009-07-01
Quarterly,2009,Q3,,Total POS :  Number of Transactions,31274542.0,Q3 2009,2009-07-01
Quarterly,2009,Q3,,Total POS :  Number of Points of Sale Terminals,75241.0,Q3 2009,2009-07-01
Monthly,2009,,JAN,Total POS :  Sales (In Thousand Riyals),4205775.0,JAN 2009,2009-01-01
Monthly,2009,,NOV,Total POS :  Sales (In Thousand Riyals),4727383.0,NOV 2009,2009-11-01
Monthly,2009,,DEC,Total POS :  Sales (In Thousand Riyals),4828490.0,DEC 2009,2009-12-01
Monthly,2009,,JAN,Total POS :  Number of Transactions,10176470.0,JAN 2009,2009-01-01
Monthly,2009,,APR,Total POS :  Number of Points of Sale Terminals,74873.0,APR 2009,2009-04-01
Monthly,2009,,JUL,Total POS :  Number of Points of Sale Terminals,75993.0,JUL 2009,2009-07-01
Monthly,2009,,OCT,Total POS :  Number of Points of Sale Terminals,73819.0,OCT 2009,2009-10-01
Quarterly,2009,Q2,,Total POS :  Sales (In Thousand Riyals),13971640.0,Q2 2009,2009-04-01
Quarterly,2009,Q2,,Total POS :  Number of Transactions,30425489.0,Q2 2009,2009-04-01
Quarterly,2009,Q4,,Total POS :  Number of Transactions,32473091.0,Q4 2009,2009-10-01
Monthly,2009,,FEB,Total POS :  Number of Transactions,9751078.0,FEB 2009,2009-02-01
Monthly,2009,,MAR,Total POS :  Number of Transactions,10729718.0,MAR 2009,2009-03-01
Monthly,2009,,APR,Total POS :  Number of Transactions,10781182.0,APR 2009,2009-04-01
Monthly,2009,,SEP,Total POS :  Number of Transactions,9908939.0,SEP 2009,2009-09-01
Monthly,2009,,JUN,Total POS :  Number of Points of Sale Terminals,75269.0,JUN 2009,2009-06-01
Quarterly,2008,Q3,,Total POS :  Sales (In Thousand Riyals),14322531.0,Q3 2008,2008-07-01
Quarterly,2008,Q2,,Total POS :  Number of Transactions,30961962.0,Q2 2008,2008-04-01
Quarterly,2008,Q4,,Total POS :  Number of Points of Sale Terminals,72351.0,Q4 2008,2008-10-01
Monthly,2008,,APR,Total POS :  Sales (In Thousand Riyals),4312893.0,APR 2008,2008-04-01
Monthly,2008,,MAY,Total POS :  Sales (In Thousand Riyals),4330822.0,MAY 2008,2008-05-01
Monthly,2008,,JUL,Total POS :  Sales (In Thousand Riyals),5265813.0,JUL 2008,2008-07-01
Monthly,2008,,MAY,Total POS :  Number of Transactions,9897654.0,MAY 2008,2008-05-01
Monthly,2008,,JUN,Total POS :  Number of Transactions,10859282.0,JUN 2008,2008-06-01
Monthly,2008,,SEP,Total POS :  Number of Transactions,9520202.0,SEP 2008,2008-09-01
Monthly,2008,,DEC,Total POS :  Number of Transactions,9660662.0,DEC 2008,2008-12-01
Monthly,2008,,JUN,Total POS :  Number of Points of Sale Terminals,66855.0,JUN 2008,2008-06-01
Quarterly,2008,Q2,,Total POS :  Sales (In Thousand Riyals),13797233.0,Q2 2008,2008-04-01
Quarterly,2008,Q3,,Total POS :  Number of Points of Sale Terminals,70848.0,Q3 2008,2008-07-01
Monthly,2008,,OCT,Total POS :  Sales (In Thousand Riyals),3812534.0,OCT 2008,2008-10-01
Monthly,2008,,OCT,Total POS :  Number of Transactions,9156996.0,OCT 2008,2008-10-01
Monthly,2008,,NOV,Total POS :  Number of Transactions,9893516.0,NOV 2008,2008-11-01
Monthly,2008,,JUL,Total POS :  Number of Points of Sale Terminals,68442.0,JUL 2008,2008-07-01
Monthly,2008,,AUG,Total POS :  Number of Points of Sale Terminals,69649.0,AUG 2008,2008-08-01
Monthly,2008,,NOV,Total POS :  Number of Points of Sale Terminals,72217.0,NOV 2008,2008-11-01
Monthly,2008,,DEC,Total POS :  Number of Points of Sale Terminals,72351.0,DEC 2008,2008-12-01
Annually,2008,,,Total POS :  Sales (In Thousand Riyals),51403483.0,2008,2008-01-01
Annually,2008,,,Total POS :  Number of Transactions,120683743.0,2008,2008-01-01
Annually,2008,,,Total POS :  Number of Points of Sale Terminals,72351.0,2008,2008-01-01
Quarterly,2008,Q1,,Total POS :  Number of Points of Sale Terminals,63870.0,Q1 2008,2008-01-01
Quarterly,2008,Q2,,Total POS :  Number of Points of Sale Terminals,66855.0,Q2 2008,2008-04-01
Monthly,2008,,NOV,Total POS :  Sales (In Thousand Riyals),4145784.0,NOV 2008,2008-11-01
Monthly,2008,,DEC,Total POS :  Sales (In Thousand Riyals),3786602.0,DEC 2008,2008-12-01
Monthly,2008,,MAR,Total POS :  Number of Transactions,10410106.0,MAR 2008,2008-03-01
Monthly,2008,,APR,Total POS :  Number of Transactions,10205026.0,APR 2008,2008-04-01
Monthly,2008,,JUL,Total POS :  Number of Transactions,11146441.0,JUL 2008,2008-07-01
Monthly,2008,,FEB,Total POS :  Number of Points of Sale Terminals,63048.0,FEB 2008,2008-02-01
Monthly,2008,,MAR,Total POS :  Number of Points of Sale Terminals,63870.0,MAR 2008,2008-03-01
Monthly,2008,,SEP,Total POS :  Number of Points of Sale Terminals,70848.0,SEP 2008,2008-09-01
Quarterly,2008,Q4,,Total POS :  Sales (In Thousand Riyals),11744920.0,Q4 2008,2008-10-01
Quarterly,2008,Q1,,Total POS :  Number of Transactions,29365548.0,Q1 2008,2008-01-01
Quarterly,2008,Q3,,Total POS :  Number of Transactions,31645059.0,Q3 2008,2008-07-01
Quarterly,2008,Q4,,Total POS :  Number of Transactions,28711174.0,Q4 2008,2008-10-01
Monthly,2008,,JAN,Total POS :  Sales (In Thousand Riyals),3594053.0,JAN 2008,2008-01-01
Monthly,2008,,MAR,Total POS :  Sales (In Thousand Riyals),4227934.0,MAR 2008,2008-03-01
Monthly,2008,,AUG,Total POS :  Sales (In Thousand Riyals),4879649.0,AUG 2008,2008-08-01
Monthly,2008,,FEB,Total POS :  Number of Transactions,9432783.0,FEB 2008,2008-02-01
Monthly,2008,,APR,Total POS :  Number of Points of Sale Terminals,64406.0,APR 2008,2008-04-01
Monthly,2008,,OCT,Total POS :  Number of Points of Sale Terminals,71486.0,OCT 2008,2008-10-01
Quarterly,2008,Q1,,Total POS :  Sales (In Thousand Riyals),11538799.0,Q1 2008,2008-01-01
Monthly,2008,,FEB,Total POS :  Sales (In Thousand Riyals),3716812.0,FEB 2008,2008-02-01
Monthly,2008,,JUN,Total POS :  Sales (In Thousand Riyals),5153518.0,JUN 2008,2008-06-01
Monthly,2008,,SEP,Total POS :  Sales (In Thousand Riyals),4177069.0,SEP 2008,2008-09-01
Monthly,2008,,JAN,Total POS :  Number of Transactions,9522659.0,JAN 2008,2008-01-01
Monthly,2008,,AUG,Total POS :  Number of Transactions,10978416.0,AUG 2008,2008-08-01
Monthly,2008,,JAN,Total POS :  Number of Points of Sale Terminals,61995.0,JAN 2008,2008-01-01
Monthly,2008,,MAY,Total POS :  Number of Points of Sale Terminals,65452.0,MAY 2008,2008-05-01
Quarterly,2007,Q2,,Total POS :  Sales (In Thousand Riyals),10388601.0,Q2 2007,2007-04-01
Quarterly,2007,Q4,,Total POS :  Sales (In Thousand Riyals),9782853.0,Q4 2007,2007-10-01
Quarterly,2007,Q1,,Total POS :  Number of Transactions,22909555.0,Q1 2007,2007-01-01
Quarterly,2007,Q1,,Total POS :  Number of Points of Sale Terminals,54806.0,Q1 2007,2007-01-01
Monthly,2007,,FEB,Total POS :  Sales (In Thousand Riyals),2776039.0,FEB 2007,2007-02-01
Monthly,2007,,APR,Total POS :  Sales (In Thousand Riyals),3131585.0,APR 2007,2007-04-01
Monthly,2007,,JAN,Total POS :  Number of Transactions,7400432.0,JAN 2007,2007-01-01
Monthly,2007,,MAY,Total POS :  Number of Transactions,8815082.0,MAY 2007,2007-05-01
Monthly,2007,,SEP,Total POS :  Number of Transactions,8213990.0,SEP 2007,2007-09-01
Monthly,2007,,NOV,Total POS :  Number of Transactions,8522322.0,NOV 2007,2007-11-01
Monthly,2007,,FEB,Total POS :  Number of Points of Sale Terminals,53737.0,FEB 2007,2007-02-01
Annually,2007,,,Total POS :  Number of Transactions,99434671.0,2007,2007-01-01
Quarterly,2007,Q2,,Total POS :  Number of Transactions,25666474.0,Q2 2007,2007-04-01
Monthly,2007,,JUL,Total POS :  Sales (In Thousand Riyals),3869393.0,JUL 2007,2007-07-01
Monthly,2007,,MAR,Total POS :  Number of Transactions,8268636.0,MAR 2007,2007-03-01
Monthly,2007,,JAN,Total POS :  Number of Points of Sale Terminals,53112.0,JAN 2007,2007-01-01
Monthly,2007,,NOV,Total POS :  Number of Points of Sale Terminals,60309.0,NOV 2007,2007-11-01
Monthly,2007,,DEC,Total POS :  Number of Points of Sale Terminals,61557.0,DEC 2007,2007-12-01
Quarterly,2007,Q1,,Total POS :  Sales (In Thousand Riyals),8474961.0,Q1 2007,2007-01-01
Quarterly,2007,Q3,,Total POS :  Sales (In Thousand Riyals),10784209.0,Q3 2007,2007-07-01
Quarterly,2007,Q2,,Total POS :  Number of Points of Sale Terminals,57520.0,Q2 2007,2007-04-01
Quarterly,2007,Q3,,Total POS :  Number of Points of Sale Terminals,59537.0,Q3 2007,2007-07-01
Quarterly,2007,Q4,,Total POS :  Number of Points of Sale Terminals,61557.0,Q4 2007,2007-10-01
Monthly,2007,,JAN,Total POS :  Sales (In Thousand Riyals),2578521.0,JAN 2007,2007-01-01
Monthly,2007,,MAR,Total POS :  Sales (In Thousand Riyals),3120401.0,MAR 2007,2007-03-01
Monthly,2007,,SEP,Total POS :  Sales (In Thousand Riyals),3396048.0,SEP 2007,2007-09-01
Monthly,2007,,DEC,Total POS :  Sales (In Thousand Riyals),3529473.0,DEC 2007,2007-12-01
Monthly,2007,,AUG,Total POS :  Number of Transactions,8725316.0,AUG 2007,2007-08-01
Monthly,2007,,MAY,Total POS :  Number of Points of Sale Terminals,56607.0,MAY 2007,2007-05-01
Monthly,2007,,JUN,Total POS :  Number of Points of Sale Terminals,57520.0,JUN 2007,2007-06-01
Monthly,2007,,JUL,Total POS :  Number of Points of Sale Terminals,58357.0,JUL 2007,2007-07-01
Annually,2007,,,Total POS :  Sales (In Thousand Riyals),39430624.0,2007,2007-01-01
Annually,2007,,,Total POS :  Number of Points of Sale Terminals,61557.0,2007,2007-01-01
Quarterly,2007,Q4,,Total POS :  Number of Transactions,25054620.0,Q4 2007,2007-10-01
Monthly,2007,,OCT,Total POS :  Sales (In Thousand Riyals),2904166.0,OCT 2007,2007-10-01
Monthly,2007,,JUN,Total POS :  Number of Transactions,8781401.0,JUN 2007,2007-06-01
Monthly,2007,,JUL,Total POS :  Number of Transactions,8864716.0,JUL 2007,2007-07-01
Monthly,2007,,OCT,Total POS :  Number of Transactions,7460944.0,OCT 2007,2007-10-01
Monthly,2007,,APR,Total POS :  Number of Points of Sale Terminals,55630.0,APR 2007,2007-04-01
Monthly,2007,,AUG,Total POS :  Number of Points of Sale Terminals,58566.0,AUG 2007,2007-08-01
Monthly,2007,,OCT,Total POS :  Number of Points of Sale Terminals,59771.0,OCT 2007,2007-10-01
Quarterly,2007,Q3,,Total POS :  Number of Transactions,25804022.0,Q3 2007,2007-07-01
Monthly,2007,,MAY,Total POS :  Sales (In Thousand Riyals),3482374.0,MAY 2007,2007-05-01
Monthly,2007,,JUN,Total POS :  Sales (In Thousand Riyals),3774642.0,JUN 2007,2007-06-01
Monthly,2007,,AUG,Total POS :  Sales (In Thousand Riyals),3518768.0,AUG 2007,2007-08-01
Monthly,2007,,NOV,Total POS :  Sales (In Thousand Riyals),3349214.0,NOV 2007,2007-11-01
Monthly,2007,,FEB,Total POS :  Number of Transactions,7240487.0,FEB 2007,2007-02-01
Monthly,2007,,APR,Total POS :  Number of Transactions,8069991.0,APR 2007,2007-04-01
Monthly,2007,,DEC,Total POS :  Number of Transactions,9071354.0,DEC 2007,2007-12-01
Monthly,2007,,MAR,Total POS :  Number of Points of Sale Terminals,54806.0,MAR 2007,2007-03-01
Monthly,2007,,SEP,Total POS :  Number of Points of Sale Terminals,59537.0,SEP 2007,2007-09-01
Quarterly,2006,Q1,,Total POS :  Number of Transactions,19842743.0,Q1 2006,2006-01-01
Quarterly,2006,Q3,,Total POS :  Number of Points of Sale Terminals,51863.0,Q3 2006,2006-07-01
Monthly,2006,,APR,Total POS :  Sales (In Thousand Riyals),2711508.0,APR 2006,2006-04-01
Monthly,2006,,SEP,Total POS :  Sales (In Thousand Riyals),2359143.0,SEP 2006,2006-09-01
Monthly,2006,,OCT,Total POS :  Sales (In Thousand Riyals),2542358.9,OCT 2006,2006-10-01
Monthly,2006,,JAN,Total POS :  Number of Transactions,6551004.0,JAN 2006,2006-01-01
Monthly,2006,,JUN,Total POS :  Number of Points of Sale Terminals,48749.0,JUN 2006,2006-06-01
Monthly,2006,,JUL,Total POS :  Number of Points of Sale Terminals,50126.0,JUL 2006,2006-07-01
Monthly,2006,,NOV,Total POS :  Number of Points of Sale Terminals,52628.0,NOV 2006,2006-11-01
Quarterly,2006,Q2,,Total POS :  Sales (In Thousand Riyals),8117337.9,Q2 2006,2006-04-01
Quarterly,2006,Q4,,Total POS :  Sales (In Thousand Riyals),7464380.49,Q4 2006,2006-10-01
Quarterly,2006,Q2,,Total POS :  Number of Points of Sale Terminals,48749.0,Q2 2006,2006-04-01
Quarterly,2006,Q4,,Total POS :  Number of Points of Sale Terminals,52784.0,Q4 2006,2006-10-01
Monthly,2006,,NOV,Total POS :  Sales (In Thousand Riyals),2446341.59,NOV 2006,2006-11-01
Monthly,2006,,FEB,Total POS :  Number of Transactions,6102767.0,FEB 2006,2006-02-01
Monthly,2006,,JUL,Total POS :  Number of Transactions,7468409.0,JUL 2006,2006-07-01
Monthly,2006,,OCT,Total POS :  Number of Transactions,7141807.0,OCT 2006,2006-10-01
Annually,2006,,,Total POS :  Sales (In Thousand Riyals),30966298.59,2006,2006-01-01
Monthly,2006,,FEB,Total POS :  Sales (In Thousand Riyals),2459170.0,FEB 2006,2006-02-01
Monthly,2006,,MAR,Total POS :  Sales (In Thousand Riyals),2734518.0,MAR 2006,2006-03-01
Monthly,2006,,DEC,Total POS :  Sales (In Thousand Riyals),2475680.0,DEC 2006,2006-12-01
Monthly,2006,,JUN,Total POS :  Number of Transactions,7090640.0,JUN 2006,2006-06-01
Monthly,2006,,FEB,Total POS :  Number of Points of Sale Terminals,45942.0,FEB 2006,2006-02-01
Monthly,2006,,MAR,Total POS :  Number of Points of Sale Terminals,46311.0,MAR 2006,2006-03-01
Monthly,2006,,SEP,Total POS :  Number of Points of Sale Terminals,51863.0,SEP 2006,2006-09-01
Monthly,2006,,DEC,Total POS :  Number of Points of Sale Terminals,52784.0,DEC 2006,2006-12-01
Quarterly,2006,Q2,,Total POS :  Number of Transactions,20534885.0,Q2 2006,2006-04-01
Quarterly,2006,Q3,,Total POS :  Number of Transactions,21061584.0,Q3 2006,2006-07-01
Quarterly,2006,Q4,,Total POS :  Number of Transactions,21692538.0,Q4 2006,2006-10-01
Monthly,2006,,JAN,Total POS :  Sales (In Thousand Riyals),2486550.0,JAN 2006,2006-01-01
Monthly,2006,,MAY,Total POS :  Sales (In Thousand Riyals),2359193.0,MAY 2006,2006-05-01
Monthly,2006,,AUG,Total POS :  Sales (In Thousand Riyals),2207557.1,AUG 2006,2006-08-01
Monthly,2006,,MAR,Total POS :  Number of Transactions,7188972.0,MAR 2006,2006-03-01
Monthly,2006,,APR,Total POS :  Number of Transactions,7067875.0,APR 2006,2006-04-01
Monthly,2006,,AUG,Total POS :  Number of Transactions,6635588.0,AUG 2006,2006-08-01
Monthly,2006,,SEP,Total POS :  Number of Transactions,6957587.0,SEP 2006,2006-09-01
Monthly,2006,,NOV,Total POS :  Number of Transactions,7118695.0,NOV 2006,2006-11-01
Monthly,2006,,DEC,Total POS :  Number of Transactions,7432036.0,DEC 2006,2006-12-01
Annually,2006,,,Total POS :  Number of Transactions,83131750.0,2006,2006-01-01
Annually,2006,,,Total POS :  Number of Points of Sale Terminals,52784.0,2006,2006-01-01
Quarterly,2006,Q1,,Total POS :  Sales (In Thousand Riyals),7680238.0,Q1 2006,2006-01-01
Quarterly,2006,Q3,,Total POS :  Sales (In Thousand Riyals),7704342.2,Q3 2006,2006-07-01
Quarterly,2006,Q1,,Total POS :  Number of Points of Sale Terminals,46311.0,Q1 2006,2006-01-01
Monthly,2006,,JUN,Total POS :  Sales (In Thousand Riyals),3046636.9,JUN 2006,2006-06-01
Monthly,2006,,JUL,Total POS :  Sales (In Thousand Riyals),3137642.1,JUL 2006,2006-07-01
Monthly,2006,,MAY,Total POS :  Number of Transactions,6376370.0,MAY 2006,2006-05-01
Monthly,2006,,JAN,Total POS :  Number of Points of Sale Terminals,45484.0,JAN 2006,2006-01-01
Monthly,2006,,APR,Total POS :  Number of Points of Sale Terminals,46967.0,APR 2006,2006-04-01
Monthly,2006,,MAY,Total POS :  Number of Points of Sale Terminals,47692.0,MAY 2006,2006-05-01
Monthly,2006,,AUG,Total POS :  Number of Points of Sale Terminals,50556.0,AUG 2006,2006-08-01
Monthly,2006,,OCT,Total POS :  Number of Points of Sale Terminals,52056.0,OCT 2006,2006-10-01
Annually,2005,,,Total POS :  Number of Points of Sale Terminals,44253.0,2005,2005-01-01
Quarterly,2005,Q1,,Total POS :  Sales (In Thousand Riyals),6619792.0,Q1 2005,2005-01-01
Quarterly,2005,Q4,,Total POS :  Sales (In Thousand Riyals),7433002.0,Q4 2005,2005-10-01
Monthly,2005,,AUG,Total POS :  Sales (In Thousand Riyals),2420608.0,AUG 2005,2005-08-01
Monthly,2005,,JAN,Total POS :  Number of Transactions,5052374.0,JAN 2005,2005-01-01
Monthly,2005,,AUG,Total POS :  Number of Transactions,5477000.0,AUG 2005,2005-08-01
Monthly,2005,,DEC,Total POS :  Number of Transactions,6455189.0,DEC 2005,2005-12-01
Monthly,2005,,SEP,Total POS :  Number of Points of Sale Terminals,41636.0,SEP 2005,2005-09-01
Quarterly,2005,Q1,,Total POS :  Number of Points of Sale Terminals,34876.0,Q1 2005,2005-01-01
Quarterly,2005,Q2,,Total POS :  Number of Points of Sale Terminals,37575.0,Q2 2005,2005-04-01
Quarterly,2005,Q3,,Total POS :  Number of Points of Sale Terminals,41636.0,Q3 2005,2005-07-01
Quarterly,2005,Q4,,Total POS :  Number of Points of Sale Terminals,44253.0,Q4 2005,2005-10-01
Monthly,2005,,MAY,Total POS :  Sales (In Thousand Riyals),2146265.0,MAY 2005,2005-05-01
Monthly,2005,,MAR,Total POS :  Number of Transactions,5610236.0,MAR 2005,2005-03-01
Monthly,2005,,APR,Total POS :  Number of Transactions,5470402.0,APR 2005,2005-04-01
Monthly,2005,,MAY,Total POS :  Number of Points of Sale Terminals,36088.0,MAY 2005,2005-05-01
Monthly,2005,,AUG,Total POS :  Number of Points of Sale Terminals,40782.0,AUG 2005,2005-08-01
Monthly,2005,,OCT,Total POS :  Number of Points of Sale Terminals,41852.0,OCT 2005,2005-10-01
Monthly,2005,,NOV,Total POS :  Number of Points of Sale Terminals,42931.0,NOV 2005,2005-11-01
Quarterly,2005,Q2,,Total POS :  Sales (In Thousand Riyals),7221954.0,Q2 2005,2005-04-01
Monthly,2005,,FEB,Total POS :  Sales (In Thousand Riyals),1991725.0,FEB 2005,2005-02-01
Monthly,2005,,MAR,Total POS :  Sales (In Thousand Riyals),2348416.0,MAR 2005,2005-03-01
Monthly,2005,,JUN,Total POS :  Sales (In Thousand Riyals),2807120.0,JUN 2005,2005-06-01
Monthly,2005,,JUL,Total POS :  Number of Points of Sale Terminals,40574.0,JUL 2005,2005-07-01
Quarterly,2005,Q1,,Total POS :  Number of Transactions,15332572.0,Q1 2005,2005-01-01
Quarterly,2005,Q2,,Total POS :  Number of Transactions,16662286.0,Q2 2005,2005-04-01
Quarterly,2005,Q4,,Total POS :  Number of Transactions,18396377.0,Q4 2005,2005-10-01
Monthly,2005,,JAN,Total POS :  Sales (In Thousand Riyals),2279651.0,JAN 2005,2005-01-01
Monthly,2005,,APR,Total POS :  Sales (In Thousand Riyals),2268569.0,APR 2005,2005-04-01
Monthly,2005,,JUL,Total POS :  Sales (In Thousand Riyals),2182581.0,JUL 2005,2005-07-01
Monthly,2005,,SEP,Total POS :  Sales (In Thousand Riyals),2197822.0,SEP 2005,2005-09-01
Monthly,2005,,NOV,Total POS :  Sales (In Thousand Riyals),2159536.0,NOV 2005,2005-11-01
Monthly,2005,,DEC,Total POS :  Sales (In Thousand Riyals),2646291.0,DEC 2005,2005-12-01
Monthly,2005,,FEB,Total POS :  Number of Transactions,4669962.0,FEB 2005,2005-02-01
Monthly,2005,,JUN,Total POS :  Number of Transactions,5792246.0,JUN 2005,2005-06-01
Monthly,2005,,JUL,Total POS :  Number of Transactions,4640243.0,JUL 2005,2005-07-01
Monthly,2005,,SEP,Total POS :  Number of Transactions,5618116.0,SEP 2005,2005-09-01
Monthly,2005,,NOV,Total POS :  Number of Transactions,5260788.0,NOV 2005,2005-11-01
Monthly,2005,,JAN,Total POS :  Number of Points of Sale Terminals,35545.0,JAN 2005,2005-01-01
Monthly,2005,,FEB,Total POS :  Number of Points of Sale Terminals,36017.0,FEB 2005,2005-02-01
Monthly,2005,,MAR,Total POS :  Number of Points of Sale Terminals,34876.0,MAR 2005,2005-03-01
Monthly,2005,,APR,Total POS :  Number of Points of Sale Terminals,35900.0,APR 2005,2005-04-01
Annually,2005,,,Total POS :  Sales (In Thousand Riyals),28075759.0,2005,2005-01-01
Annually,2005,,,Total POS :  Number of Transactions,66126594.0,2005,2005-01-01
Quarterly,2005,Q3,,Total POS :  Sales (In Thousand Riyals),6801011.0,Q3 2005,2005-07-01
Quarterly,2005,Q3,,Total POS :  Number of Transactions,15735359.0,Q3 2005,2005-07-01
Monthly,2005,,OCT,Total POS :  Sales (In Thousand Riyals),2627175.0,OCT 2005,2005-10-01
Monthly,2005,,MAY,Total POS :  Number of Transactions,5399638.0,MAY 2005,2005-05-01
Monthly,2005,,OCT,Total POS :  Number of Transactions,6680400.0,OCT 2005,2005-10-01
Monthly,2005,,JUN,Total POS :  Number of Points of Sale Terminals,37575.0,JUN 2005,2005-06-01
Monthly,2005,,DEC,Total POS :  Number of Points of Sale Terminals,44253.0,DEC 2005,2005-12-01
Quarterly,2004,Q4,,Total POS :  Sales (In Thousand Riyals),6505595.0,Q4 2004,2004-10-01
Quarterly,2004,Q1,,Total POS :  Number of Transactions,11942497.0,Q1 2004,2004-01-01
Quarterly,2004,Q2,,Total POS :  Number of Points of Sale Terminals,32521.0,Q2 2004,2004-04-01
Monthly,2004,,JAN,Total POS :  Number of Transactions,4140423.0,JAN 2004,2004-01-01
Monthly,2004,,FEB,Total POS :  Number of Transactions,3540008.0,FEB 2004,2004-02-01
Monthly,2004,,MAY,Total POS :  Number of Transactions,4462310.0,MAY 2004,2004-05-01
Monthly,2004,,AUG,Total POS :  Number of Transactions,4179845.0,AUG 2004,2004-08-01
Monthly,2004,,OCT,Total POS :  Number of Transactions,4962323.0,OCT 2004,2004-10-01
Monthly,2004,,MAR,Total POS :  Number of Points of Sale Terminals,29907.0,MAR 2004,2004-03-01
Monthly,2004,,AUG,Total POS :  Number of Points of Sale Terminals,33509.0,AUG 2004,2004-08-01
Monthly,2004,,SEP,Total POS :  Number of Points of Sale Terminals,34068.0,SEP 2004,2004-09-01
Monthly,2004,,OCT,Total POS :  Number of Points of Sale Terminals,34846.0,OCT 2004,2004-10-01
Monthly,2004,,DEC,Total POS :  Number of Points of Sale Terminals,35521.0,DEC 2004,2004-12-01
Quarterly,2004,Q2,,Total POS :  Sales (In Thousand Riyals),5788547.0,Q2 2004,2004-04-01
Monthly,2004,,AUG,Total POS :  Sales (In Thousand Riyals),2011562.0,AUG 2004,2004-08-01
Monthly,2004,,SEP,Total POS :  Sales (In Thousand Riyals),2025153.0,SEP 2004,2004-09-01
Monthly,2004,,NOV,Total POS :  Sales (In Thousand Riyals),2123604.0,NOV 2004,2004-11-01
Monthly,2004,,MAR,Total POS :  Number of Transactions,4262066.0,MAR 2004,2004-03-01
Monthly,2004,,APR,Total POS :  Number of Transactions,4252600.0,APR 2004,2004-04-01
Monthly,2004,,APR,Total POS :  Number of Points of Sale Terminals,30845.0,APR 2004,2004-04-01
Annually,2004,,,Total POS :  Number of Transactions,52177384.0,2004,2004-01-01
Quarterly,2004,Q2,,Total POS :  Number of Transactions,12772282.0,Q2 2004,2004-04-01
Quarterly,2004,Q3,,Total POS :  Number of Transactions,12821652.0,Q3 2004,2004-07-01
Quarterly,2004,Q1,,Total POS :  Number of Points of Sale Terminals,29907.0,Q1 2004,2004-01-01
Quarterly,2004,Q4,,Total POS :  Number of Points of Sale Terminals,35521.0,Q4 2004,2004-10-01
Monthly,2004,,FEB,Total POS :  Sales (In Thousand Riyals),1634022.0,FEB 2004,2004-02-01
Monthly,2004,,APR,Total POS :  Sales (In Thousand Riyals),1843345.0,APR 2004,2004-04-01
Monthly,2004,,JUN,Total POS :  Sales (In Thousand Riyals),1939434.0,JUN 2004,2004-06-01
Monthly,2004,,NOV,Total POS :  Number of Transactions,4758656.0,NOV 2004,2004-11-01
Monthly,2004,,JAN,Total POS :  Number of Points of Sale Terminals,29304.0,JAN 2004,2004-01-01
Quarterly,2004,Q1,,Total POS :  Sales (In Thousand Riyals),5525023.0,Q1 2004,2004-01-01
Monthly,2004,,MAR,Total POS :  Sales (In Thousand Riyals),1969304.0,MAR 2004,2004-03-01
Monthly,2004,,OCT,Total POS :  Sales (In Thousand Riyals),2219580.0,OCT 2004,2004-10-01
Monthly,2004,,DEC,Total POS :  Sales (In Thousand Riyals),2162411.0,DEC 2004,2004-12-01
Monthly,2004,,JUL,Total POS :  Number of Transactions,4149016.0,JUL 2004,2004-07-01
Monthly,2004,,DEC,Total POS :  Number of Transactions,4919974.0,DEC 2004,2004-12-01
Monthly,2004,,JUN,Total POS :  Number of Points of Sale Terminals,32521.0,JUN 2004,2004-06-01
Monthly,2004,,JUL,Total POS :  Number of Points of Sale Terminals,33202.0,JUL 2004,2004-07-01
Monthly,2004,,NOV,Total POS :  Number of Points of Sale Terminals,35063.0,NOV 2004,2004-11-01
Annually,2004,,,Total POS :  Sales (In Thousand Riyals),23971388.0,2004,2004-01-01
Annually,2004,,,Total POS :  Number of Points of Sale Terminals,35521.0,2004,2004-01-01
Quarterly,2004,Q3,,Total POS :  Sales (In Thousand Riyals),6152223.0,Q3 2004,2004-07-01
Quarterly,2004,Q4,,Total POS :  Number of Transactions,14640953.0,Q4 2004,2004-10-01
Quarterly,2004,Q3,,Total POS :  Number of Points of Sale Terminals,34068.0,Q3 2004,2004-07-01
Monthly,2004,,JAN,Total POS :  Sales (In Thousand Riyals),1921697.0,JAN 2004,2004-01-01
Monthly,2004,,MAY,Total POS :  Sales (In Thousand Riyals),2005768.0,MAY 2004,2004-05-01
Monthly,2004,,JUL,Total POS :  Sales (In Thousand Riyals),2115508.0,JUL 2004,2004-07-01
Monthly,2004,,JUN,Total POS :  Number of Transactions,4057372.0,JUN 2004,2004-06-01
Monthly,2004,,SEP,Total POS :  Number of Transactions,4492791.0,SEP 2004,2004-09-01
Monthly,2004,,FEB,Total POS :  Number of Points of Sale Terminals,29892.0,FEB 2004,2004-02-01
Monthly,2004,,MAY,Total POS :  Number of Points of Sale Terminals,31602.0,MAY 2004,2004-05-01
Quarterly,2003,Q4,,Total POS :  Sales (In Thousand Riyals),5463370.0,Q4 2003,2003-10-01
Quarterly,2003,Q1,,Total POS :  Number of Transactions,9310579.0,Q1 2003,2003-01-01
Quarterly,2003,Q2,,Total POS :  Number of Transactions,10727994.0,Q2 2003,2003-04-01
Quarterly,2003,Q3,,Total POS :  Number of Points of Sale Terminals,27820.0,Q3 2003,2003-07-01
Monthly,2003,,APR,Total POS :  Sales (In Thousand Riyals),1473904.0,APR 2003,2003-04-01
Monthly,2003,,MAY,Total POS :  Sales (In Thousand Riyals),1643602.0,MAY 2003,2003-05-01
Monthly,2003,,AUG,Total POS :  Sales (In Thousand Riyals),1713585.0,AUG 2003,2003-08-01
Monthly,2003,,OCT,Total POS :  Sales (In Thousand Riyals),1895728.0,OCT 2003,2003-10-01
Monthly,2003,,DEC,Total POS :  Sales (In Thousand Riyals),1754203.0,DEC 2003,2003-12-01
Monthly,2003,,OCT,Total POS :  Number of Transactions,4161333.0,OCT 2003,2003-10-01
Monthly,2003,,NOV,Total POS :  Number of Transactions,3910652.0,NOV 2003,2003-11-01
Monthly,2003,,DEC,Total POS :  Number of Transactions,3808376.0,DEC 2003,2003-12-01
Monthly,2003,,JUL,Total POS :  Number of Points of Sale Terminals,27028.0,JUL 2003,2003-07-01
Monthly,2003,,AUG,Total POS :  Number of Points of Sale Terminals,27439.0,AUG 2003,2003-08-01
Annually,2003,,,Total POS :  Number of Transactions,43018097.0,2003,2003-01-01
Quarterly,2003,Q3,,Total POS :  Sales (In Thousand Riyals),5320563.0,Q3 2003,2003-07-01
Quarterly,2003,Q1,,Total POS :  Number of Points of Sale Terminals,25126.0,Q1 2003,2003-01-01
Monthly,2003,,JAN,Total POS :  Sales (In Thousand Riyals),1372843.0,JAN 2003,2003-01-01
Monthly,2003,,NOV,Total POS :  Sales (In Thousand Riyals),1813439.0,NOV 2003,2003-11-01
Monthly,2003,,JAN,Total POS :  Number of Transactions,3133814.0,JAN 2003,2003-01-01
Monthly,2003,,FEB,Total POS :  Number of Transactions,2904181.0,FEB 2003,2003-02-01
Monthly,2003,,MAR,Total POS :  Number of Transactions,3272584.0,MAR 2003,2003-03-01
Monthly,2003,,MAY,Total POS :  Number of Transactions,3681637.0,MAY 2003,2003-05-01
Monthly,2003,,JUL,Total POS :  Number of Transactions,3757864.0,JUL 2003,2003-07-01
Monthly,2003,,MAR,Total POS :  Number of Points of Sale Terminals,25126.0,MAR 2003,2003-03-01
Monthly,2003,,JUN,Total POS :  Number of Points of Sale Terminals,26537.0,JUN 2003,2003-06-01
Monthly,2003,,SEP,Total POS :  Number of Points of Sale Terminals,27820.0,SEP 2003,2003-09-01
Monthly,2003,,OCT,Total POS :  Number of Points of Sale Terminals,28247.0,OCT 2003,2003-10-01
Monthly,2003,,NOV,Total POS :  Number of Points of Sale Terminals,28642.0,NOV 2003,2003-11-01
Monthly,2003,,DEC,Total POS :  Number of Points of Sale Terminals,29060.0,DEC 2003,2003-12-01
Annually,2003,,,Total POS :  Number of Points of Sale Terminals,29060.0,2003,2003-01-01
Quarterly,2003,Q2,,Total POS :  Sales (In Thousand Riyals),4861834.0,Q2 2003,2003-04-01
Monthly,2003,,FEB,Total POS :  Sales (In Thousand Riyals),1279935.0,FEB 2003,2003-02-01
Monthly,2003,,MAR,Total POS :  Sales (In Thousand Riyals),1408230.0,MAR 2003,2003-03-01
Quarterly,2003,Q1,,Total POS :  Sales (In Thousand Riyals),4061008.0,Q1 2003,2003-01-01
Quarterly,2003,Q4,,Total POS :  Number of Transactions,11880361.0,Q4 2003,2003-10-01
Monthly,2003,,JUL,Total POS :  Sales (In Thousand Riyals),1896200.0,JUL 2003,2003-07-01
Monthly,2003,,SEP,Total POS :  Sales (In Thousand Riyals),1710778.0,SEP 2003,2003-09-01
Monthly,2003,,APR,Total POS :  Number of Transactions,3400719.0,APR 2003,2003-04-01
Monthly,2003,,AUG,Total POS :  Number of Transactions,3631780.0,AUG 2003,2003-08-01
Monthly,2003,,SEP,Total POS :  Number of Transactions,3709519.0,SEP 2003,2003-09-01
Monthly,2003,,MAY,Total POS :  Number of Points of Sale Terminals,25898.0,MAY 2003,2003-05-01
Annually,2003,,,Total POS :  Sales (In Thousand Riyals),19706775.0,2003,2003-01-01
Quarterly,2003,Q3,,Total POS :  Number of Transactions,11099163.0,Q3 2003,2003-07-01
Quarterly,2003,Q2,,Total POS :  Number of Points of Sale Terminals,26537.0,Q2 2003,2003-04-01
Quarterly,2003,Q4,,Total POS :  Number of Points of Sale Terminals,29060.0,Q4 2003,2003-10-01
Monthly,2003,,JUN,Total POS :  Sales (In Thousand Riyals),1744328.0,JUN 2003,2003-06-01
Monthly,2003,,JUN,Total POS :  Number of Transactions,3645638.0,JUN 2003,2003-06-01
Monthly,2003,,JAN,Total POS :  Number of Points of Sale Terminals,24635.0,JAN 2003,2003-01-01
Monthly,2003,,FEB,Total POS :  Number of Points of Sale Terminals,24825.0,FEB 2003,2003-02-01
Monthly,2003,,APR,Total POS :  Number of Points of Sale Terminals,25321.0,APR 2003,2003-04-01
Annually,2002,,,Total POS :  Number of Transactions,33203974.0,2002,2002-01-01
Quarterly,2002,Q4,,Total POS :  Sales (In Thousand Riyals),4249284.0,Q4 2002,2002-10-01
Quarterly,2002,Q4,,Total POS :  Number of Points of Sale Terminals,24291.0,Q4 2002,2002-10-01
Monthly,2002,,JUL,Total POS :  Sales (In Thousand Riyals),1353205.0,JUL 2002,2002-07-01
Monthly,2002,,OCT,Total POS :  Sales (In Thousand Riyals),1413896.0,OCT 2002,2002-10-01
Monthly,2002,,MAR,Total POS :  Number of Transactions,2479804.0,MAR 2002,2002-03-01
Monthly,2002,,SEP,Total POS :  Number of Transactions,2917791.0,SEP 2002,2002-09-01
Monthly,2002,,JUL,Total POS :  Number of Points of Sale Terminals,23276.0,JUL 2002,2002-07-01
Annually,2002,,,Total POS :  Sales (In Thousand Riyals),14729107.0,2002,2002-01-01
Annually,2002,,,Total POS :  Number of Points of Sale Terminals,24291.0,2002,2002-01-01
Quarterly,2002,Q2,,Total POS :  Sales (In Thousand Riyals),3689730.0,Q2 2002,2002-04-01
Quarterly,2002,Q4,,Total POS :  Number of Transactions,9611463.0,Q4 2002,2002-10-01
Quarterly,2002,Q1,,Total POS :  Number of Points of Sale Terminals,22223.0,Q1 2002,2002-01-01
Monthly,2002,,FEB,Total POS :  Sales (In Thousand Riyals),935152.0,FEB 2002,2002-02-01
Quarterly,2002,Q3,,Total POS :  Number of Points of Sale Terminals,23462.0,Q3 2002,2002-07-01
Monthly,2002,,MAY,Total POS :  Sales (In Thousand Riyals),1218796.0,MAY 2002,2002-05-01
Monthly,2002,,SEP,Total POS :  Sales (In Thousand Riyals),1258781.0,SEP 2002,2002-09-01
Monthly,2002,,DEC,Total POS :  Sales (In Thousand Riyals),1311958.0,DEC 2002,2002-12-01
Monthly,2002,,APR,Total POS :  Number of Transactions,2542464.0,APR 2002,2002-04-01
Monthly,2002,,MAY,Total POS :  Number of Transactions,2769404.0,MAY 2002,2002-05-01
Monthly,2002,,JUN,Total POS :  Number of Transactions,2787512.0,JUN 2002,2002-06-01
Monthly,2002,,OCT,Total POS :  Number of Transactions,3252912.0,OCT 2002,2002-10-01
Monthly,2002,,DEC,Total POS :  Number of Transactions,2958351.0,DEC 2002,2002-12-01
Monthly,2002,,MAR,Total POS :  Number of Points of Sale Terminals,22223.0,MAR 2002,2002-03-01
Monthly,2002,,JUN,Total POS :  Number of Points of Sale Terminals,22950.0,JUN 2002,2002-06-01
Monthly,2002,,AUG,Total POS :  Number of Points of Sale Terminals,23631.0,AUG 2002,2002-08-01
Quarterly,2002,Q1,,Total POS :  Sales (In Thousand Riyals),2910534.0,Q1 2002,2002-01-01
Quarterly,2002,Q3,,Total POS :  Sales (In Thousand Riyals),3879559.0,Q3 2002,2002-07-01
Quarterly,2002,Q2,,Total POS :  Number of Transactions,8099380.0,Q2 2002,2002-04-01
Quarterly,2002,Q3,,Total POS :  Number of Transactions,8471964.0,Q3 2002,2002-07-01
Monthly,2002,,JAN,Total POS :  Sales (In Thousand Riyals),954729.0,JAN 2002,2002-01-01
Monthly,2002,,JUN,Total POS :  Sales (In Thousand Riyals),1366326.0,JUN 2002,2002-06-01
Monthly,2002,,FEB,Total POS :  Number of Transactions,2175596.0,FEB 2002,2002-02-01
Monthly,2002,,AUG,Total POS :  Number of Transactions,2804724.0,AUG 2002,2002-08-01
Monthly,2002,,JAN,Total POS :  Number of Points of Sale Terminals,21770.0,JAN 2002,2002-01-01
Monthly,2002,,FEB,Total POS :  Number of Points of Sale Terminals,21983.0,FEB 2002,2002-02-01
Monthly,2002,,APR,Total POS :  Number of Points of Sale Terminals,22318.0,APR 2002,2002-04-01
Monthly,2002,,NOV,Total POS :  Number of Points of Sale Terminals,24128.0,NOV 2002,2002-11-01
Monthly,2002,,DEC,Total POS :  Number of Points of Sale Terminals,24291.0,DEC 2002,2002-12-01
Quarterly,2002,Q1,,Total POS :  Number of Transactions,7021167.0,Q1 2002,2002-01-01
Quarterly,2002,Q2,,Total POS :  Number of Points of Sale Terminals,22950.0,Q2 2002,2002-04-01
Monthly,2002,,MAR,Total POS :  Sales (In Thousand Riyals),1020653.0,MAR 2002,2002-03-01
Monthly,2002,,APR,Total POS :  Sales (In Thousand Riyals),1104608.0,APR 2002,2002-04-01
Monthly,2002,,AUG,Total POS :  Sales (In Thousand Riyals),1267573.0,AUG 2002,2002-08-01
Monthly,2002,,NOV,Total POS :  Sales (In Thousand Riyals),1523430.0,NOV 2002,2002-11-01
Monthly,2002,,JAN,Total POS :  Number of Transactions,2365767.0,JAN 2002,2002-01-01
Monthly,2002,,JUL,Total POS :  Number of Transactions,2749449.0,JUL 2002,2002-07-01
Monthly,2002,,NOV,Total POS :  Number of Transactions,3400200.0,NOV 2002,2002-11-01
Monthly,2002,,MAY,Total POS :  Number of Points of Sale Terminals,22738.0,MAY 2002,2002-05-01
Monthly,2002,,SEP,Total POS :  Number of Points of Sale Terminals,23462.0,SEP 2002,2002-09-01
Monthly,2002,,OCT,Total POS :  Number of Points of Sale Terminals,23794.0,OCT 2002,2002-10-01
Annually,2001,,,Total POS :  Number of Transactions,23962839.0,2001,2001-01-01
Quarterly,2001,Q3,,Total POS :  Number of Transactions,5976265.0,Q3 2001,2001-07-01
Quarterly,2001,Q3,,Total POS :  Number of Points of Sale Terminals,20423.0,Q3 2001,2001-07-01
Monthly,2001,,JUN,Total POS :  Sales (In Thousand Riyals),951282.0,JUN 2001,2001-06-01
Monthly,2001,,NOV,Total POS :  Sales (In Thousand Riyals),965349.0,NOV 2001,2001-11-01
Monthly,2001,,MAY,Total POS :  Number of Transactions,2023720.0,MAY 2001,2001-05-01
Monthly,2001,,JUL,Total POS :  Number of Transactions,1998819.0,JUL 2001,2001-07-01
Monthly,2001,,DEC,Total POS :  Number of Transactions,2332016.0,DEC 2001,2001-12-01
Monthly,2001,,MAR,Total POS :  Number of Points of Sale Terminals,18919.0,MAR 2001,2001-03-01
Monthly,2001,,APR,Total POS :  Number of Points of Sale Terminals,19005.0,APR 2001,2001-04-01
Monthly,2001,,JUL,Total POS :  Number of Points of Sale Terminals,19665.0,JUL 2001,2001-07-01
Monthly,2001,,OCT,Total POS :  Number of Points of Sale Terminals,20716.0,OCT 2001,2001-10-01
Quarterly,2001,Q4,,Total POS :  Sales (In Thousand Riyals),2909887.0,Q4 2001,2001-10-01
Quarterly,2001,Q1,,Total POS :  Number of Points of Sale Terminals,18919.0,Q1 2001,2001-01-01
Quarterly,2001,Q2,,Total POS :  Number of Points of Sale Terminals,18407.0,Q2 2001,2001-04-01
Quarterly,2001,Q4,,Total POS :  Number of Points of Sale Terminals,21631.0,Q4 2001,2001-10-01
Monthly,2001,,JAN,Total POS :  Sales (In Thousand Riyals),660140.0,JAN 2001,2001-01-01
Monthly,2001,,MAY,Total POS :  Sales (In Thousand Riyals),875521.0,MAY 2001,2001-05-01
Monthly,2001,,OCT,Total POS :  Sales (In Thousand Riyals),929826.0,OCT 2001,2001-10-01
Monthly,2001,,JAN,Total POS :  Number of Transactions,1645613.0,JAN 2001,2001-01-01
Monthly,2001,,MAR,Total POS :  Number of Transactions,1770532.0,MAR 2001,2001-03-01
Monthly,2001,,AUG,Total POS :  Number of Transactions,1907370.0,AUG 2001,2001-08-01
Monthly,2001,,JAN,Total POS :  Number of Points of Sale Terminals,18612.0,JAN 2001,2001-01-01
Monthly,2001,,FEB,Total POS :  Number of Points of Sale Terminals,18731.0,FEB 2001,2001-02-01
Monthly,2001,,JUN,Total POS :  Number of Points of Sale Terminals,18407.0,JUN 2001,2001-06-01
Monthly,2001,,DEC,Total POS :  Number of Points of Sale Terminals,21631.0,DEC 2001,2001-12-01
Quarterly,2001,Q3,,Total POS :  Sales (In Thousand Riyals),2660168.0,Q3 2001,2001-07-01
Quarterly,2001,Q4,,Total POS :  Number of Transactions,6955552.0,Q4 2001,2001-10-01
Monthly,2001,,MAR,Total POS :  Sales (In Thousand Riyals),712886.0,MAR 2001,2001-03-01
Monthly,2001,,APR,Total POS :  Sales (In Thousand Riyals),765640.0,APR 2001,2001-04-01
Monthly,2001,,OCT,Total POS :  Number of Transactions,2268695.0,OCT 2001,2001-10-01
Monthly,2001,,SEP,Total POS :  Number of Points of Sale Terminals,20423.0,SEP 2001,2001-09-01
Annually,2001,,,Total POS :  Sales (In Thousand Riyals),10238545.0,2001,2001-01-01
Quarterly,2001,Q2,,Total POS :  Number of Transactions,5928545.0,Q2 2001,2001-04-01
Monthly,2001,,JUL,Total POS :  Sales (In Thousand Riyals),948907.0,JUL 2001,2001-07-01
Monthly,2001,,AUG,Total POS :  Sales (In Thousand Riyals),878677.0,AUG 2001,2001-08-01
Monthly,2001,,SEP,Total POS :  Sales (In Thousand Riyals),832584.0,SEP 2001,2001-09-01
Monthly,2001,,APR,Total POS :  Number of Transactions,1872529.0,APR 2001,2001-04-01
Monthly,2001,,MAY,Total POS :  Number of Points of Sale Terminals,19125.0,MAY 2001,2001-05-01
Monthly,2001,,NOV,Total POS :  Number of Points of Sale Terminals,21251.0,NOV 2001,2001-11-01
Annually,2001,,,Total POS :  Number of Points of Sale Terminals,21631.0,2001,2001-01-01
Quarterly,2001,Q1,,Total POS :  Sales (In Thousand Riyals),2076047.0,Q1 2001,2001-01-01
Quarterly,2001,Q2,,Total POS :  Sales (In Thousand Riyals),2592443.0,Q2 2001,2001-04-01
Quarterly,2001,Q1,,Total POS :  Number of Transactions,5102477.0,Q1 2001,2001-01-01
Monthly,2001,,FEB,Total POS :  Sales (In Thousand Riyals),703021.0,FEB 2001,2001-02-01
Monthly,2001,,DEC,Total POS :  Sales (In Thousand Riyals),1014712.0,DEC 2001,2001-12-01
Monthly,2001,,FEB,Total POS :  Number of Transactions,1686332.0,FEB 2001,2001-02-01
Monthly,2001,,JUN,Total POS :  Number of Transactions,2032296.0,JUN 2001,2001-06-01
Monthly,2001,,SEP,Total POS :  Number of Transactions,2070076.0,SEP 2001,2001-09-01
Monthly,2001,,NOV,Total POS :  Number of Transactions,2354841.0,NOV 2001,2001-11-01
Monthly,2001,,AUG,Total POS :  Number of Points of Sale Terminals,19902.0,AUG 2001,2001-08-01
Quarterly,2000,Q1,,Total POS :  Number of Transactions,3799801.0,Q1 2000,2000-01-01
Monthly,2000,,JAN,Total POS :  Sales (In Thousand Riyals),491486.0,JAN 2000,2000-01-01
Monthly,2000,,JUL,Total POS :  Sales (In Thousand Riyals),696579.0,JUL 2000,2000-07-01
Monthly,2000,,NOV,Total POS :  Sales (In Thousand Riyals),641261.0,NOV 2000,2000-11-01
Monthly,2000,,JUL,Total POS :  Number of Transactions,1498704.0,JUL 2000,2000-07-01
Monthly,2000,,AUG,Total POS :  Number of Transactions,1528221.0,AUG 2000,2000-08-01
Monthly,2000,,SEP,Total POS :  Number of Transactions,1553405.0,SEP 2000,2000-09-01
Monthly,2000,,JAN,Total POS :  Number of Points of Sale Terminals,16670.0,JAN 2000,2000-01-01
Monthly,2000,,JUN,Total POS :  Number of Points of Sale Terminals,17371.0,JUN 2000,2000-06-01
Monthly,2000,,JUL,Total POS :  Number of Points of Sale Terminals,17547.0,JUL 2000,2000-07-01
Monthly,2000,,AUG,Total POS :  Number of Points of Sale Terminals,17768.0,AUG 2000,2000-08-01
Monthly,2000,,OCT,Total POS :  Number of Points of Sale Terminals,16551.0,OCT 2000,2000-10-01
Annually,2000,,,Total POS :  Number of Points of Sale Terminals,18537.0,2000,2000-01-01
Quarterly,2000,Q1,,Total POS :  Sales (In Thousand Riyals),1446757.0,Q1 2000,2000-01-01
Quarterly,2000,Q2,,Total POS :  Sales (In Thousand Riyals),1907395.0,Q2 2000,2000-04-01
Quarterly,2000,Q3,,Total POS :  Sales (In Thousand Riyals),1937874.0,Q3 2000,2000-07-01
Quarterly,2000,Q2,,Total POS :  Number of Transactions,4378020.0,Q2 2000,2000-04-01
Quarterly,2000,Q1,,Total POS :  Number of Points of Sale Terminals,16785.0,Q1 2000,2000-01-01
Quarterly,2000,Q2,,Total POS :  Number of Points of Sale Terminals,17371.0,Q2 2000,2000-04-01
Monthly,2000,,OCT,Total POS :  Sales (In Thousand Riyals),633253.0,OCT 2000,2000-10-01
Monthly,2000,,FEB,Total POS :  Number of Transactions,1265953.0,FEB 2000,2000-02-01
Monthly,2000,,MAY,Total POS :  Number of Transactions,1520049.0,MAY 2000,2000-05-01
Monthly,2000,,NOV,Total POS :  Number of Transactions,1675362.0,NOV 2000,2000-11-01
Monthly,2000,,SEP,Total POS :  Number of Points of Sale Terminals,16386.0,SEP 2000,2000-09-01
Monthly,2000,,DEC,Total POS :  Number of Points of Sale Terminals,18537.0,DEC 2000,2000-12-01
Annually,2000,,,Total POS :  Sales (In Thousand Riyals),7372991.0,2000,2000-01-01
Quarterly,2000,Q3,,Total POS :  Number of Transactions,4580330.0,Q3 2000,2000-07-01
Quarterly,2000,Q3,,Total POS :  Number of Points of Sale Terminals,16386.0,Q3 2000,2000-07-01
Monthly,2000,,DEC,Total POS :  Sales (In Thousand Riyals),806451.0,DEC 2000,2000-12-01
Monthly,2000,,OCT,Total POS :  Number of Transactions,1661476.0,OCT 2000,2000-10-01
Monthly,2000,,MAR,Total POS :  Number of Points of Sale Terminals,16785.0,MAR 2000,2000-03-01
Monthly,2000,,APR,Total POS :  Number of Points of Sale Terminals,16758.0,APR 2000,2000-04-01
Monthly,2000,,MAY,Total POS :  Number of Points of Sale Terminals,17286.0,MAY 2000,2000-05-01
Annually,2000,,,Total POS :  Number of Transactions,17970971.0,2000,2000-01-01
Monthly,2000,,FEB,Total POS :  Sales (In Thousand Riyals),384247.0,FEB 2000,2000-02-01
Monthly,2000,,MAR,Total POS :  Sales (In Thousand Riyals),571024.0,MAR 2000,2000-03-01
Monthly,2000,,APR,Total POS :  Sales (In Thousand Riyals),544378.0,APR 2000,2000-04-01
Monthly,2000,,DEC,Total POS :  Number of Transactions,1875982.0,DEC 2000,2000-12-01
Monthly,2000,,FEB,Total POS :  Number of Points of Sale Terminals,16737.0,FEB 2000,2000-02-01
Monthly,2000,,NOV,Total POS :  Number of Points of Sale Terminals,16744.0,NOV 2000,2000-11-01
Quarterly,2000,Q4,,Total POS :  Sales (In Thousand Riyals),2080965.0,Q4 2000,2000-10-01
Quarterly,2000,Q4,,Total POS :  Number of Transactions,5212820.0,Q4 2000,2000-10-01
Quarterly,2000,Q4,,Total POS :  Number of Points of Sale Terminals,18537.0,Q4 2000,2000-10-01
Monthly,2000,,MAY,Total POS :  Sales (In Thousand Riyals),647479.0,MAY 2000,2000-05-01
Monthly,2000,,JUN,Total POS :  Sales (In Thousand Riyals),715538.0,JUN 2000,2000-06-01
Monthly,2000,,AUG,Total POS :  Sales (In Thousand Riyals),649986.0,AUG 2000,2000-08-01
Monthly,2000,,SEP,Total POS :  Sales (In Thousand Riyals),591309.0,SEP 2000,2000-09-01
Monthly,2000,,JAN,Total POS :  Number of Transactions,1155789.0,JAN 2000,2000-01-01
Monthly,2000,,MAR,Total POS :  Number of Transactions,1378059.0,MAR 2000,2000-03-01
Monthly,2000,,APR,Total POS :  Number of Transactions,1354616.0,APR 2000,2000-04-01
Monthly,2000,,JUN,Total POS :  Number of Transactions,1503355.0,JUN 2000,2000-06-01
Quarterly,1999,Q1,,Total POS :  Sales (In Thousand Riyals),1439004.0,Q1 1999,1999-01-01
Quarterly,1999,Q2,,Total POS :  Number of Transactions,3467462.0,Q2 1999,1999-04-01
Quarterly,1999,Q3,,Total POS :  Number of Transactions,3558829.0,Q3 1999,1999-07-01
Quarterly,1999,Q3,,Total POS :  Number of Points of Sale Terminals,15856.0,Q3 1999,1999-07-01
Monthly,1999,,JAN,Total POS :  Sales (In Thousand Riyals),527600.0,JAN 1999,1999-01-01
Monthly,1999,,MAR,Total POS :  Sales (In Thousand Riyals),509649.0,MAR 1999,1999-03-01
Monthly,1999,,OCT,Total POS :  Sales (In Thousand Riyals),502292.0,OCT 1999,1999-10-01
Monthly,1999,,MAY,Total POS :  Number of Transactions,1188057.0,MAY 1999,1999-05-01
Monthly,1999,,JUL,Total POS :  Number of Transactions,1169613.0,JUL 1999,1999-07-01
Monthly,1999,,DEC,Total POS :  Number of Transactions,1486255.0,DEC 1999,1999-12-01
Monthly,1999,,MAR,Total POS :  Number of Points of Sale Terminals,15878.0,MAR 1999,1999-03-01
Annually,1999,,,Total POS :  Number of Transactions,14283316.0,1999,1999-01-01
Quarterly,1999,Q3,,Total POS :  Sales (In Thousand Riyals),1557592.0,Q3 1999,1999-07-01
Quarterly,1999,Q2,,Total POS :  Number of Points of Sale Terminals,16071.0,Q2 1999,1999-04-01
Monthly,1999,,MAY,Total POS :  Sales (In Thousand Riyals),517923.0,MAY 1999,1999-05-01
Monthly,1999,,JUL,Total POS :  Sales (In Thousand Riyals),559565.0,JUL 1999,1999-07-01
Monthly,1999,,NOV,Total POS :  Sales (In Thousand Riyals),534524.0,NOV 1999,1999-11-01
Monthly,1999,,APR,Total POS :  Number of Transactions,1061746.0,APR 1999,1999-04-01
Monthly,1999,,OCT,Total POS :  Number of Transactions,1275014.0,OCT 1999,1999-10-01
Monthly,1999,,NOV,Total POS :  Number of Transactions,1312741.0,NOV 1999,1999-11-01
Monthly,1999,,JAN,Total POS :  Number of Points of Sale Terminals,15897.0,JAN 1999,1999-01-01
Monthly,1999,,JUL,Total POS :  Number of Points of Sale Terminals,16152.0,JUL 1999,1999-07-01
Monthly,1999,,SEP,Total POS :  Number of Points of Sale Terminals,15856.0,SEP 1999,1999-09-01
Quarterly,1999,Q1,,Total POS :  Number of Points of Sale Terminals,15878.0,Q1 1999,1999-01-01
Monthly,1999,,FEB,Total POS :  Sales (In Thousand Riyals),401755.0,FEB 1999,1999-02-01
Monthly,1999,,FEB,Total POS :  Number of Transactions,938585.0,FEB 1999,1999-02-01
Monthly,1999,,MAR,Total POS :  Number of Transactions,1133155.0,MAR 1999,1999-03-01
Annually,1999,,,Total POS :  Sales (In Thousand Riyals),6278034.0,1999,1999-01-01
Quarterly,1999,Q1,,Total POS :  Number of Transactions,3183015.0,Q1 1999,1999-01-01
Quarterly,1999,Q4,,Total POS :  Number of Transactions,4074010.0,Q4 1999,1999-10-01
Quarterly,1999,Q4,,Total POS :  Number of Points of Sale Terminals,16419.0,Q4 1999,1999-10-01
Monthly,1999,,JUN,Total POS :  Sales (In Thousand Riyals),611294.0,JUN 1999,1999-06-01
Monthly,1999,,SEP,Total POS :  Sales (In Thousand Riyals),483751.0,SEP 1999,1999-09-01
Monthly,1999,,JAN,Total POS :  Number of Transactions,1111275.0,JAN 1999,1999-01-01
Monthly,1999,,SEP,Total POS :  Number of Transactions,1220668.0,SEP 1999,1999-09-01
Monthly,1999,,APR,Total POS :  Number of Points of Sale Terminals,15892.0,APR 1999,1999-04-01
Monthly,1999,,MAY,Total POS :  Number of Points of Sale Terminals,15969.0,MAY 1999,1999-05-01
Monthly,1999,,AUG,Total POS :  Number of Points of Sale Terminals,16214.0,AUG 1999,1999-08-01
Monthly,1999,,DEC,Total POS :  Number of Points of Sale Terminals,16419.0,DEC 1999,1999-12-01
Annually,1999,,,Total POS :  Number of Points of Sale Terminals,16419.0,1999,1999-01-01
Quarterly,1999,Q2,,Total POS :  Sales (In Thousand Riyals),1585281.0,Q2 1999,1999-04-01
Quarterly,1999,Q4,,Total POS :  Sales (In Thousand Riyals),1696157.0,Q4 1999,1999-10-01
Monthly,1999,,APR,Total POS :  Sales (In Thousand Riyals),456064.0,APR 1999,1999-04-01
Monthly,1999,,AUG,Total POS :  Sales (In Thousand Riyals),514276.0,AUG 1999,1999-08-01
Monthly,1999,,DEC,Total POS :  Sales (In Thousand Riyals),659341.0,DEC 1999,1999-12-01
Monthly,1999,,JUN,Total POS :  Number of Transactions,1217659.0,JUN 1999,1999-06-01
Monthly,1999,,AUG,Total POS :  Number of Transactions,1168548.0,AUG 1999,1999-08-01
Monthly,1999,,FEB,Total POS :  Number of Points of Sale Terminals,15911.0,FEB 1999,1999-02-01
Monthly,1999,,JUN,Total POS :  Number of Points of Sale Terminals,16071.0,JUN 1999,1999-06-01
Monthly,1999,,OCT,Total POS :  Number of Points of Sale Terminals,16073.0,OCT 1999,1999-10-01
Monthly,1999,,NOV,Total POS :  Number of Points of Sale Terminals,16290.0,NOV 1999,1999-11-01
Quarterly,1998,Q3,,Total POS :  Sales (In Thousand Riyals),1284303.0,Q3 1998,1998-07-01
Quarterly,1998,Q4,,Total POS :  Sales (In Thousand Riyals),1329359.0,Q4 1998,1998-10-01
Monthly,1998,,FEB,Total POS :  Sales (In Thousand Riyals),301253.0,FEB 1998,1998-02-01
Monthly,1998,,APR,Total POS :  Sales (In Thousand Riyals),366269.0,APR 1998,1998-04-01
Monthly,1998,,JUN,Total POS :  Sales (In Thousand Riyals),460164.0,JUN 1998,1998-06-01
Monthly,1998,,AUG,Total POS :  Sales (In Thousand Riyals),429758.0,AUG 1998,1998-08-01
Monthly,1998,,SEP,Total POS :  Sales (In Thousand Riyals),380674.0,SEP 1998,1998-09-01
Monthly,1998,,OCT,Total POS :  Number of Transactions,993016.0,OCT 1998,1998-10-01
Monthly,1998,,SEP,Total POS :  Number of Points of Sale Terminals,15827.0,SEP 1998,1998-09-01
Monthly,1998,,OCT,Total POS :  Number of Points of Sale Terminals,15793.0,OCT 1998,1998-10-01
Monthly,1998,,DEC,Total POS :  Number of Points of Sale Terminals,15885.0,DEC 1998,1998-12-01
Quarterly,1998,Q3,,Total POS :  Number of Points of Sale Terminals,15827.0,Q3 1998,1998-07-01
Monthly,1998,,MAY,Total POS :  Sales (In Thousand Riyals),393899.0,MAY 1998,1998-05-01
Monthly,1998,,JUL,Total POS :  Sales (In Thousand Riyals),473871.0,JUL 1998,1998-07-01
Monthly,1998,,FEB,Total POS :  Number of Transactions,686257.0,FEB 1998,1998-02-01
Monthly,1998,,MAY,Total POS :  Number of Transactions,873691.0,MAY 1998,1998-05-01
Monthly,1998,,JUN,Total POS :  Number of Transactions,908240.0,JUN 1998,1998-06-01
Monthly,1998,,NOV,Total POS :  Number of Transactions,1011401.0,NOV 1998,1998-11-01
Monthly,1998,,FEB,Total POS :  Number of Points of Sale Terminals,15802.0,FEB 1998,1998-02-01
Monthly,1998,,JUN,Total POS :  Number of Points of Sale Terminals,15901.0,JUN 1998,1998-06-01
Quarterly,1998,Q3,,Total POS :  Number of Transactions,2724421.0,Q3 1998,1998-07-01
Quarterly,1998,Q2,,Total POS :  Number of Points of Sale Terminals,15901.0,Q2 1998,1998-04-01
Monthly,1998,,JAN,Total POS :  Sales (In Thousand Riyals),475879.0,JAN 1998,1998-01-01
Monthly,1998,,NOV,Total POS :  Sales (In Thousand Riyals),406354.0,NOV 1998,1998-11-01
Monthly,1998,,JAN,Total POS :  Number of Transactions,919597.0,JAN 1998,1998-01-01
Monthly,1998,,JUL,Total POS :  Number of Transactions,899221.0,JUL 1998,1998-07-01
Monthly,1998,,JAN,Total POS :  Number of Points of Sale Terminals,15831.0,JAN 1998,1998-01-01
Monthly,1998,,APR,Total POS :  Number of Points of Sale Terminals,15891.0,APR 1998,1998-04-01
Monthly,1998,,JUL,Total POS :  Number of Points of Sale Terminals,15932.0,JUL 1998,1998-07-01
Annually,1998,,,Total POS :  Sales (In Thousand Riyals),5004437.0,1998,1998-01-01
Annually,1998,,,Total POS :  Number of Transactions,10896137.0,1998,1998-01-01
Annually,1998,,,Total POS :  Number of Points of Sale Terminals,15885.0,1998,1998-01-01
Quarterly,1998,Q1,,Total POS :  Sales (In Thousand Riyals),1170443.0,Q1 1998,1998-01-01
Quarterly,1998,Q1,,Total POS :  Number of Transactions,2479269.0,Q1 1998,1998-01-01
Quarterly,1998,Q2,,Total POS :  Number of Transactions,2582656.0,Q2 1998,1998-04-01
Quarterly,1998,Q4,,Total POS :  Number of Transactions,3109791.0,Q4 1998,1998-10-01
Quarterly,1998,Q1,,Total POS :  Number of Points of Sale Terminals,15886.0,Q1 1998,1998-01-01
Quarterly,1998,Q4,,Total POS :  Number of Points of Sale Terminals,15885.0,Q4 1998,1998-10-01
Monthly,1998,,MAR,Total POS :  Number of Transactions,873415.0,MAR 1998,1998-03-01
Monthly,1998,,APR,Total POS :  Number of Transactions,800725.0,APR 1998,1998-04-01
Monthly,1998,,AUG,Total POS :  Number of Transactions,894812.0,AUG 1998,1998-08-01
Monthly,1998,,SEP,Total POS :  Number of Transactions,930388.0,SEP 1998,1998-09-01
Monthly,1998,,AUG,Total POS :  Number of Points of Sale Terminals,15942.0,AUG 1998,1998-08-01
Quarterly,1998,Q2,,Total POS :  Sales (In Thousand Riyals),1220332.0,Q2 1998,1998-04-01
Monthly,1998,,MAR,Total POS :  Sales (In Thousand Riyals),393311.0,MAR 1998,1998-03-01
Monthly,1998,,OCT,Total POS :  Sales (In Thousand Riyals),420731.0,OCT 1998,1998-10-01
Monthly,1998,,DEC,Total POS :  Sales (In Thousand Riyals),502274.0,DEC 1998,1998-12-01
Monthly,1998,,DEC,Total POS :  Number of Transactions,1105374.0,DEC 1998,1998-12-01
Monthly,1998,,MAR,Total POS :  Number of Points of Sale Terminals,15886.0,MAR 1998,1998-03-01
Monthly,1998,,MAY,Total POS :  Number of Points of Sale Terminals,15947.0,MAY 1998,1998-05-01
Monthly,1998,,NOV,Total POS :  Number of Points of Sale Terminals,15810.0,NOV 1998,1998-11-01
Quarterly,1997,Q2,,Total POS :  Number of Transactions,2081587.0,Q2 1997,1997-04-01
Monthly,1997,,JUN,Total POS :  Number of Transactions,726554.0,JUN 1997,1997-06-01
Monthly,1997,,AUG,Total POS :  Number of Transactions,699176.0,AUG 1997,1997-08-01
Monthly,1997,,MAR,Total POS :  Number of Points of Sale Terminals,16035.0,MAR 1997,1997-03-01
Monthly,1997,,JUL,Total POS :  Number of Points of Sale Terminals,16038.0,JUL 1997,1997-07-01
Monthly,1997,,OCT,Total POS :  Number of Points of Sale Terminals,15772.0,OCT 1997,1997-10-01
Annually,1997,,,Total POS :  Number of Transactions,8667022.0,1997,1997-01-01
Quarterly,1997,Q2,,Total POS :  Sales (In Thousand Riyals),1005369.02,Q2 1997,1997-04-01
Quarterly,1997,Q3,,Total POS :  Sales (In Thousand Riyals),1079748.0,Q3 1997,1997-07-01
Quarterly,1997,Q4,,Total POS :  Sales (In Thousand Riyals),1084200.0,Q4 1997,1997-10-01
Quarterly,1997,Q1,,Total POS :  Number of Points of Sale Terminals,16035.0,Q1 1997,1997-01-01
Quarterly,1997,Q3,,Total POS :  Number of Points of Sale Terminals,15997.0,Q3 1997,1997-07-01
Quarterly,1997,Q4,,Total POS :  Number of Points of Sale Terminals,15881.0,Q4 1997,1997-10-01
Monthly,1997,,FEB,Total POS :  Sales (In Thousand Riyals),275454.0,FEB 1997,1997-02-01
Monthly,1997,,JUL,Total POS :  Sales (In Thousand Riyals),411135.0,JUL 1997,1997-07-01
Monthly,1997,,FEB,Total POS :  Number of Transactions,581052.0,FEB 1997,1997-02-01
Monthly,1997,,MAY,Total POS :  Number of Transactions,692376.0,MAY 1997,1997-05-01
Monthly,1997,,JUL,Total POS :  Number of Transactions,742836.0,JUL 1997,1997-07-01
Monthly,1997,,OCT,Total POS :  Number of Transactions,791442.0,OCT 1997,1997-10-01
Monthly,1997,,JUN,Total POS :  Number of Points of Sale Terminals,16112.0,JUN 1997,1997-06-01
Annually,1997,,,Total POS :  Number of Points of Sale Terminals,15881.0,1997,1997-01-01
Quarterly,1997,Q1,,Total POS :  Sales (In Thousand Riyals),933092.501,Q1 1997,1997-01-01
Monthly,1997,,JAN,Total POS :  Sales (In Thousand Riyals),355071.655,JAN 1997,1997-01-01
Monthly,1997,,APR,Total POS :  Sales (In Thousand Riyals),325889.93,APR 1997,1997-04-01
Monthly,1997,,OCT,Total POS :  Sales (In Thousand Riyals),318340.0,OCT 1997,1997-10-01
Monthly,1997,,JAN,Total POS :  Number of Transactions,712411.0,JAN 1997,1997-01-01
Monthly,1997,,NOV,Total POS :  Number of Transactions,778945.0,NOV 1997,1997-11-01
Monthly,1997,,DEC,Total POS :  Number of Transactions,884998.0,DEC 1997,1997-12-01
Monthly,1997,,MAY,Total POS :  Number of Points of Sale Terminals,15968.0,MAY 1997,1997-05-01
Monthly,1997,,SEP,Total POS :  Number of Points of Sale Terminals,15997.0,SEP 1997,1997-09-01
Annually,1997,,,Total POS :  Sales (In Thousand Riyals),4102409.521,1997,1997-01-01
Quarterly,1997,Q3,,Total POS :  Number of Transactions,2183865.0,Q3 1997,1997-07-01
Quarterly,1997,Q2,,Total POS :  Number of Points of Sale Terminals,16112.0,Q2 1997,1997-04-01
Monthly,1997,,MAR,Total POS :  Sales (In Thousand Riyals),302566.846,MAR 1997,1997-03-01
Monthly,1997,,JUN,Total POS :  Sales (In Thousand Riyals),360967.748,JUN 1997,1997-06-01
Monthly,1997,,AUG,Total POS :  Sales (In Thousand Riyals),348397.0,AUG 1997,1997-08-01
Monthly,1997,,DEC,Total POS :  Sales (In Thousand Riyals),418380.0,DEC 1997,1997-12-01
Monthly,1997,,SEP,Total POS :  Number of Transactions,741853.0,SEP 1997,1997-09-01
Monthly,1997,,AUG,Total POS :  Number of Points of Sale Terminals,16158.0,AUG 1997,1997-08-01
Monthly,1997,,NOV,Total POS :  Number of Points of Sale Terminals,15759.0,NOV 1997,1997-11-01
Quarterly,1997,Q1,,Total POS :  Number of Transactions,1946185.0,Q1 1997,1997-01-01
Quarterly,1997,Q4,,Total POS :  Number of Transactions,2455385.0,Q4 1997,1997-10-01
Monthly,1997,,MAY,Total POS :  Sales (In Thousand Riyals),318511.342,MAY 1997,1997-05-01
Monthly,1997,,SEP,Total POS :  Sales (In Thousand Riyals),320216.0,SEP 1997,1997-09-01
Monthly,1997,,NOV,Total POS :  Sales (In Thousand Riyals),347480.0,NOV 1997,1997-11-01
Monthly,1997,,MAR,Total POS :  Number of Transactions,652722.0,MAR 1997,1997-03-01
Monthly,1997,,APR,Total POS :  Number of Transactions,662657.0,APR 1997,1997-04-01
Monthly,1997,,JAN,Total POS :  Number of Points of Sale Terminals,15887.0,JAN 1997,1997-01-01
Monthly,1997,,FEB,Total POS :  Number of Points of Sale Terminals,15942.0,FEB 1997,1997-02-01
Monthly,1997,,APR,Total POS :  Number of Points of Sale Terminals,15960.0,APR 1997,1997-04-01
Monthly,1997,,DEC,Total POS :  Number of Points of Sale Terminals,15881.0,DEC 1997,1997-12-01
Annually,1996,,,Total POS :  Number of Transactions,6834075.0,1996,1996-01-01
Quarterly,1996,Q1,,Total POS :  Number of Transactions,1585827.0,Q1 1996,1996-01-01
Quarterly,1996,Q2,,Total POS :  Number of Transactions,1620732.0,Q2 1996,1996-04-01
Monthly,1996,,FEB,Total POS :  Sales (In Thousand Riyals),281716.014,FEB 1996,1996-02-01
Monthly,1996,,OCT,Total POS :  Sales (In Thousand Riyals),272613.135,OCT 1996,1996-10-01
Monthly,1996,,DEC,Total POS :  Sales (In Thousand Riyals),306035.968,DEC 1996,1996-12-01
Monthly,1996,,MAR,Total POS :  Number of Transactions,507037.0,MAR 1996,1996-03-01
Monthly,1996,,OCT,Total POS :  Number of Transactions,607390.0,OCT 1996,1996-10-01
Monthly,1996,,JUL,Total POS :  Number of Points of Sale Terminals,15122.0,JUL 1996,1996-07-01
Monthly,1996,,SEP,Total POS :  Number of Points of Sale Terminals,15332.0,SEP 1996,1996-09-01
Quarterly,1996,Q2,,Total POS :  Sales (In Thousand Riyals),793255.682,Q2 1996,1996-04-01
Quarterly,1996,Q4,,Total POS :  Sales (In Thousand Riyals),859007.232,Q4 1996,1996-10-01
Monthly,1996,,MAR,Total POS :  Sales (In Thousand Riyals),248373.035,MAR 1996,1996-03-01
Monthly,1996,,AUG,Total POS :  Sales (In Thousand Riyals),283035.09,AUG 1996,1996-08-01
Monthly,1996,,NOV,Total POS :  Sales (In Thousand Riyals),280358.129,NOV 1996,1996-11-01
Monthly,1996,,MAY,Total POS :  Number of Transactions,540471.0,MAY 1996,1996-05-01
Monthly,1996,,JUN,Total POS :  Number of Transactions,548293.0,JUN 1996,1996-06-01
Monthly,1996,,SEP,Total POS :  Number of Transactions,572063.0,SEP 1996,1996-09-01
Monthly,1996,,JAN,Total POS :  Number of Points of Sale Terminals,14159.0,JAN 1996,1996-01-01
Monthly,1996,,MAR,Total POS :  Number of Points of Sale Terminals,14439.0,MAR 1996,1996-03-01
Quarterly,1996,Q3,,Total POS :  Sales (In Thousand Riyals),760169.455,Q3 1996,1996-07-01
Quarterly,1996,Q2,,Total POS :  Number of Points of Sale Terminals,15007.0,Q2 1996,1996-04-01
Quarterly,1996,Q4,,Total POS :  Number of Points of Sale Terminals,15679.0,Q4 1996,1996-10-01
Monthly,1996,,JUN,Total POS :  Sales (In Thousand Riyals),270885.756,JUN 1996,1996-06-01
Monthly,1996,,JAN,Total POS :  Number of Transactions,543177.0,JAN 1996,1996-01-01
Monthly,1996,,FEB,Total POS :  Number of Transactions,535613.0,FEB 1996,1996-02-01
Monthly,1996,,NOV,Total POS :  Number of Transactions,620710.0,NOV 1996,1996-11-01
Monthly,1996,,APR,Total POS :  Number of Points of Sale Terminals,14511.0,APR 1996,1996-04-01
Monthly,1996,,JUN,Total POS :  Number of Points of Sale Terminals,15007.0,JUN 1996,1996-06-01
Annually,1996,,,Total POS :  Sales (In Thousand Riyals),3214952.502,1996,1996-01-01
Quarterly,1996,Q3,,Total POS :  Number of Transactions,1705763.0,Q3 1996,1996-07-01
Monthly,1996,,MAY,Total POS :  Sales (In Thousand Riyals),263521.073,MAY 1996,1996-05-01
Monthly,1996,,JUL,Total POS :  Sales (In Thousand Riyals),218494.19,JUL 1996,1996-07-01
Monthly,1996,,SEP,Total POS :  Sales (In Thousand Riyals),258640.175,SEP 1996,1996-09-01
Monthly,1996,,APR,Total POS :  Number of Transactions,531968.0,APR 1996,1996-04-01
Monthly,1996,,JUL,Total POS :  Number of Transactions,588751.0,JUL 1996,1996-07-01
Monthly,1996,,DEC,Total POS :  Number of Transactions,693653.0,DEC 1996,1996-12-01
Monthly,1996,,FEB,Total POS :  Number of Points of Sale Terminals,14235.0,FEB 1996,1996-02-01
Monthly,1996,,AUG,Total POS :  Number of Points of Sale Terminals,15243.0,AUG 1996,1996-08-01
Monthly,1996,,DEC,Total POS :  Number of Points of Sale Terminals,15679.0,DEC 1996,1996-12-01
Annually,1996,,,Total POS :  Number of Points of Sale Terminals,15679.0,1996,1996-01-01
Quarterly,1996,Q1,,Total POS :  Sales (In Thousand Riyals),802520.133,Q1 1996,1996-01-01
Quarterly,1996,Q4,,Total POS :  Number of Transactions,1921753.0,Q4 1996,1996-10-01
Quarterly,1996,Q1,,Total POS :  Number of Points of Sale Terminals,14439.0,Q1 1996,1996-01-01
Quarterly,1996,Q3,,Total POS :  Number of Points of Sale Terminals,15332.0,Q3 1996,1996-07-01
Monthly,1996,,JAN,Total POS :  Sales (In Thousand Riyals),272431.084,JAN 1996,1996-01-01
Monthly,1996,,APR,Total POS :  Sales (In Thousand Riyals),258848.853,APR 1996,1996-04-01
Monthly,1996,,AUG,Total POS :  Number of Transactions,544949.0,AUG 1996,1996-08-01
Monthly,1996,,MAY,Total POS :  Number of Points of Sale Terminals,14724.0,MAY 1996,1996-05-01
Monthly,1996,,OCT,Total POS :  Number of Points of Sale Terminals,15594.0,OCT 1996,1996-10-01
Monthly,1996,,NOV,Total POS :  Number of Points of Sale Terminals,15655.0,NOV 1996,1996-11-01
Quarterly,1995,Q2,,Total POS :  Number of Points of Sale Terminals,12076.0,Q2 1995,1995-04-01
Quarterly,1995,Q4,,Total POS :  Number of Points of Sale Terminals,14020.0,Q4 1995,1995-10-01
Monthly,1995,,JAN,Total POS :  Number of Transactions,275090.0,JAN 1995,1995-01-01
Monthly,1995,,JUN,Total POS :  Number of Transactions,347801.0,JUN 1995,1995-06-01
Monthly,1995,,DEC,Total POS :  Number of Transactions,528955.0,DEC 1995,1995-12-01
Monthly,1995,,MAR,Total POS :  Number of Points of Sale Terminals,11019.0,MAR 1995,1995-03-01
Monthly,1995,,SEP,Total POS :  Number of Points of Sale Terminals,13089.0,SEP 1995,1995-09-01
Annually,1995,,,Total POS :  Number of Transactions,4470498.0,1995,1995-01-01
Annually,1995,,,Total POS :  Number of Points of Sale Terminals,14020.0,1995,1995-01-01
Quarterly,1995,Q3,,Total POS :  Number of Points of Sale Terminals,13089.0,Q3 1995,1995-07-01
Monthly,1995,,JAN,Total POS :  Sales (In Thousand Riyals),91030.964,JAN 1995,1995-01-01
Monthly,1995,,MAY,Total POS :  Sales (In Thousand Riyals),151430.166,MAY 1995,1995-05-01
Monthly,1995,,JUN,Total POS :  Sales (In Thousand Riyals),162754.729,JUN 1995,1995-06-01
Monthly,1995,,JUL,Total POS :  Sales (In Thousand Riyals),226265.569,JUL 1995,1995-07-01
Monthly,1995,,OCT,Total POS :  Sales (In Thousand Riyals),202290.215,OCT 1995,1995-10-01
Monthly,1995,,DEC,Total POS :  Sales (In Thousand Riyals),246795.804,DEC 1995,1995-12-01
Monthly,1995,,FEB,Total POS :  Number of Transactions,291870.0,FEB 1995,1995-02-01
Monthly,1995,,MAY,Total POS :  Number of Transactions,332095.0,MAY 1995,1995-05-01
Monthly,1995,,SEP,Total POS :  Number of Transactions,405718.0,SEP 1995,1995-09-01
Monthly,1995,,OCT,Total POS :  Number of Transactions,449144.0,OCT 1995,1995-10-01
Monthly,1995,,FEB,Total POS :  Number of Points of Sale Terminals,10751.0,FEB 1995,1995-02-01
Monthly,1995,,JUL,Total POS :  Number of Points of Sale Terminals,12425.0,JUL 1995,1995-07-01
Monthly,1995,,NOV,Total POS :  Number of Points of Sale Terminals,13720.0,NOV 1995,1995-11-01
Monthly,1995,,DEC,Total POS :  Number of Points of Sale Terminals,14020.0,DEC 1995,1995-12-01
Quarterly,1995,Q1,,Total POS :  Sales (In Thousand Riyals),268674.752,Q1 1995,1995-01-01
Quarterly,1995,Q3,,Total POS :  Sales (In Thousand Riyals),617157.687,Q3 1995,1995-07-01
Quarterly,1995,Q2,,Total POS :  Number of Transactions,985005.0,Q2 1995,1995-04-01
Quarterly,1995,Q3,,Total POS :  Number of Transactions,1200071.0,Q3 1995,1995-07-01
Quarterly,1995,Q4,,Total POS :  Number of Transactions,1458546.0,Q4 1995,1995-10-01
Monthly,1995,,AUG,Total POS :  Sales (In Thousand Riyals),198950.962,AUG 1995,1995-08-01
Monthly,1995,,SEP,Total POS :  Sales (In Thousand Riyals),191941.156,SEP 1995,1995-09-01
Monthly,1995,,APR,Total POS :  Number of Transactions,305109.0,APR 1995,1995-04-01
Monthly,1995,,AUG,Total POS :  Number of Transactions,381367.0,AUG 1995,1995-08-01
Monthly,1995,,JAN,Total POS :  Number of Points of Sale Terminals,10400.0,JAN 1995,1995-01-01
Monthly,1995,,APR,Total POS :  Number of Points of Sale Terminals,11471.0,APR 1995,1995-04-01
Monthly,1995,,MAY,Total POS :  Number of Points of Sale Terminals,11807.0,MAY 1995,1995-05-01
Monthly,1995,,OCT,Total POS :  Number of Points of Sale Terminals,13504.0,OCT 1995,1995-10-01
Annually,1995,,,Total POS :  Sales (In Thousand Riyals),2005531.505,1995,1995-01-01
Quarterly,1995,Q2,,Total POS :  Sales (In Thousand Riyals),451253.495,Q2 1995,1995-04-01
Quarterly,1995,Q1,,Total POS :  Number of Transactions,826876.0,Q1 1995,1995-01-01
Quarterly,1995,Q1,,Total POS :  Number of Points of Sale Terminals,11019.0,Q1 1995,1995-01-01
Monthly,1995,,APR,Total POS :  Sales (In Thousand Riyals),137068.6,APR 1995,1995-04-01
Monthly,1995,,MAR,Total POS :  Number of Transactions,259916.0,MAR 1995,1995-03-01
Monthly,1995,,JUL,Total POS :  Number of Transactions,412986.0,JUL 1995,1995-07-01
Monthly,1995,,AUG,Total POS :  Number of Points of Sale Terminals,12692.0,AUG 1995,1995-08-01
Quarterly,1995,Q4,,Total POS :  Sales (In Thousand Riyals),668445.571,Q4 1995,1995-10-01
Monthly,1995,,FEB,Total POS :  Sales (In Thousand Riyals),100147.932,FEB 1995,1995-02-01
Monthly,1995,,MAR,Total POS :  Sales (In Thousand Riyals),77495.856,MAR 1995,1995-03-01
Monthly,1995,,NOV,Total POS :  Sales (In Thousand Riyals),219359.552,NOV 1995,1995-11-01
Monthly,1995,,NOV,Total POS :  Number of Transactions,480447.0,NOV 1995,1995-11-01
Monthly,1995,,JUN,Total POS :  Number of Points of Sale Terminals,12076.0,JUN 1995,1995-06-01
Annually,1994,,,Total POS :  Number of Points of Sale Terminals,9957.0,1994,1994-01-01
Annually,1993,,,Total POS :  Number of Points of Sale Terminals,1274.0,1993,1993-01-01
